97,115,1
96,116,2
92,116,3
93,118,4
89,113,5
89,108,6
88,109,7
89,105,8
91,102,9
93,100,10
93,99,11
101,98,12
99,97,13
105,99,14
109,102,15
109,101,16
113,110,17
114,113,18
114,118,19
113,124,20
110,130,21
112,128,22
105,135,23
99,138,24
94,139,25
90,139,26
83,136,27
80,134,28
74,127,29
73,126,30
70,120,31
69,107,32
69,104,33
70,98,34
76,87,35
79,83,36
86,78,37
95,75,38
97,74,39
109,76,40
112,77,41
121,83,42
130,97,43
131,99,44
134,110,45
134,121,46
133,128,47
128,140,48
128,141,49
118,153,50
106,160,51
99,162,52
89,162,53
83,161,54
74,157,55
64,149,56
58,141,57
55,137,58
49,114,59
50,98,60
49,101,61
54,83,62
62,70,63
66,65,64
72,60,65
89,52,66
109,52,67
110,52,68
126,59,69
134,65,70
148,87,71
152,99,72
154,108,73
154,120,74
154,125,75
150,142,76
137,164,77
131,171,78
121,178,79
102,185,80
93,186,81
79,184,82
69,180,83
54,170,84
39,150,85
36,144,86
33,137,87
29,103,88
31,88,89
37,71,90
45,57,91
59,42,92
72,34,93
82,30,94
106,28,95
108,28,96
128,34,97
145,46,98
165,74,99
170,87,100
172,93,101
174,124,102
173,133,103
169,150,104
156,175,105
149,184,106
129,200,107
110,207,108
99,209,109
72,206,110
60,201,111
39,186,112
30,175,113
15,147,114
11,134,115
9,102,116
11,85,117
14,73,118
31,40,119
44,26,120
63,13,121
75,8,122
97,4,123
103,4,124
134,12,125
147,19,126
170,41,127
95,111,128
95,108,129
97,107,130
96,106,131
100,105,132
104,108,133
105,110,134
106,112,135
107,115,136
107,116,137
106,122,138
103,126,139
103,127,140
98,129,141
93,130,142
90,130,143
88,129,144
83,126,145
81,123,146
78,119,147
77,111,148
76,112,149
79,98,150
81,94,151
82,92,152
84,89,153
94,84,154
106,85,155
96,83,156
103,83,157
115,89,158
117,91,159
123,100,160
125,104,161
126,121,162
127,116,163
124,130,164
119,139,165
120,139,166
112,147,167
106,151,168
90,153,169
89,153,170
76,148,171
73,146,172
69,143,173
62,132,174
57,116,175
57,119,176
57,99,177
61,87,178
63,83,179
70,73,180
74,69,181
87,62,182
101,60,183
109,61,184
121,66,185
125,69,186
137,82,187
141,90,188
145,101,189
146,123,190
147,117,191
142,141,192
139,148,193
123,166,194
121,168,195
102,176,196
92,177,197
73,172,198
62,165,199
68,170,200
49,152,201
42,138,202
40,133,203
38,95,204
37,97,205
42,79,206
48,67,207
62,51,208
71,44,209
73,43,210
104,37,211
119,40,212
124,42,213
130,45,214
152,66,215
161,85,216
162,87,217
166,104,218
166,129,219
160,151,220
159,154,221
144,177,222
133,187,223
114,197,224
96,200,225
82,199,226
66,194,227
47,182,228
38,173,229
27,155,230
22,144,231
17,121,232
17,94,233
20,80,234
34,50,235
35,48,236
51,31,237
79,16,238
98,13,239
123,17,240
135,22,241
148,30,242
162,44,243
179,74,244
178,71,245
186,103,246
186,132,247
183,146,248
167,182,249
163,188,250
150,202,251
130,215,252
102,223,253
82,223,254
98,112,255
100,114,256
99,118,257
100,118,258
97,121,259
93,121,260
93,122,261
89,120,262
88,119,263
85,114,264
85,117,265
84,109,266
83,108,267
86,101,268
90,96,269
91,95,270
95,93,271
98,92,272
106,94,273
106,93,274
112,98,275
113,98,276
117,105,277
118,109,278
119,115,279
119,121,280
114,132,281
116,130,282
108,139,283
104,142,284
102,143,285
90,144,286
85,143,287
79,140,288
76,138,289
70,130,290
65,117,291
64,111,292
64,107,293
67,93,294
68,90,295
71,85,296
81,75,297
86,72,298
95,69,299
100,68,300
117,74,301
119,75,302
128,83,303
135,96,304
136,98,305
138,105,306
139,117,307
138,128,308
134,140,309
123,155,310
114,162,311
113,163,312
102,167,313
86,167,314
81,166,315
70,161,316
57,149,317
50,137,318
48,132,319
45,122,320
47,90,321
45,96,322
51,78,323
68,57,324
75,52,325
88,47,326
93,46,327
100,45,328
116,48,329
132,57,330
146,72,331
152,83,332
154,88,333
159,111,334
157,134,335
158,130,336
153,148,337
135,174,338
129,179,339
109,189,340
100,191,341
87,191,342
62,182,343
63,183,344
55,178,345
30,142,346
31,145,347
25,124,348
24,107,349
26,88,350
29,77,351
53,41,352
59,36,353
77,26,354
76,26,355
97,22,356
119,25,357
132,30,358
152,45,359
168,68,360
173,80,361
179,111,362
178,132,363
178,133,364
165,170,365
160,178,366
148,192,367
132,204,368
120,210,369
94,215,370
70,211,371
56,205,372
35,189,373
24,176,374
11,150,375
8,141,376
4,113,377
8,76,378
23,43,379
32,31,380
48,16,381
94,114,382
93,114,383
92,111,384
91,111,385
91,108,386
92,105,387
94,103,388
97,101,389
99,101,390
102,101,391
103,101,392
107,104,393
110,108,394
111,112,395
111,118,396
110,123,397
110,124,398
106,130,399
102,133,400
101,134,401
92,135,402
94,136,403
88,135,404
80,130,405
77,126,406
74,121,407
73,118,408
72,106,409
73,101,410
74,96,411
78,89,412
82,85,413
87,81,414
91,79,415
102,78,416
108,79,417
112,81,418
118,85,419
125,93,420
129,102,421
130,105,422
131,118,423
131,122,424
124,141,425
127,137,426
119,148,427
111,154,428
100,158,429
96,159,430
82,157,431
79,156,432
66,147,433
59,137,434
55,129,435
52,116,436
52,106,437
56,87,438
55,88,439
62,75,440
68,68,441
85,57,442
88,56,443
99,54,444
108,55,445
121,60,446
131,67,447
142,81,448
149,98,449
150,102,450
151,120,451
148,138,452
146,144,453
135,162,454
123,173,455
120,175,456
100,182,457
91,182,458
67,175,459
68,176,460
50,161,461
44,153,462
37,139,463
32,117,464
32,104,465
35,85,466
38,76,467
46,61,468
57,48,469
78,35,470
81,34,471
103,31,472
115,33,473
135,42,474
138,44,475
160,70,476
165,81,477
169,94,478
170,131,479
169,138,480
164,154,481
160,163,482
140,188,483
127,197,484
116,202,485
92,206,486
83,205,487
63,199,488
43,185,489
35,177,490
21,154,491
14,132,492
13,92,493
16,77,494
22,61,495
35,40,496
42,32,497
54,22,498
80,10,499
105,8,500
120,10,501
133,15,502
158,32,503
175,54,504
184,73,505
187,83,506
191,107,507
191,128,508
97,109,509
98,109,510
100,109,511
102,109,512
104,112,513
104,117,514
103,120,515
103,121,516
100,124,517
99,125,518
99,126,519
93,127,520
90,127,521
86,124,522
84,122,523
82,120,524
80,112,525
79,110,526
80,104,527
81,100,528
84,95,529
84,94,530
91,89,531
96,87,532
102,87,533
107,88,534
111,90,535
118,97,536
122,107,537
122,105,538
123,121,539
123,123,540
123,124,541
121,131,542
114,141,543
108,146,544
103,148,545
94,150,546
89,150,547
83,148,548
72,141,549
71,140,550
61,120,551
61,121,552
59,111,553
60,99,554
63,90,555
66,84,556
69,79,557
82,68,558
86,66,559
98,63,560
106,64,561
118,68,562
130,78,563
133,82,564
137,88,565
143,107,566
143,105,567
140,137,568
140,138,569
137,145,570
127,159,571
115,168,572
108,171,573
99,173,574
83,172,575
70,167,576
65,164,577
57,157,578
43,131,579
40,117,580
39,111,581
41,93,582
45,79,583
48,73,584
72,48,585
65,52,586
85,42,587
97,40,588
110,41,589
123,45,590
139,56,591
152,72,592
159,88,593
163,106,594
164,114,595
163,128,596
158,148,597
144,172,598
145,171,599
127,187,600
108,195,601
96,197,602
84,196,603
74,194,604
50,180,605
37,166,606
25,142,607
23,136,608
19,112,609
20,95,610
23,81,611
33,57,612
45,41,613
62,27,614
77,20,615
105,17,616
111,17,617
125,21,618
142,30,619
154,40,620
174,70,621
182,96,622
184,112,623
184,116,624
175,161,625
172,168,626
157,190,627
142,204,628
112,218,629
107,219,630
79,219,631
60,213,632
36,197,633
26,187,634
13,167,635
98,115,636
98,116,637
95,118,638
95,119,639
92,119,640
89,116,641
88,114,642
87,111,643
87,107,644
88,104,645
88,102,646
91,99,647
92,97,648
98,96,649
102,96,650
104,96,651
109,99,652
110,100,653
115,110,654
114,105,655
116,117,656
117,117,657
112,130,658
110,133,659
108,135,660
105,138,661
100,140,662
91,141,663
83,138,664
83,139,665
75,132,666
71,126,667
69,121,668
68,119,669
67,108,670
69,96,671
71,91,672
79,81,673
77,82,674
87,75,675
93,73,676
99,72,677
112,75,678
116,77,679
123,82,680
130,91,681
135,107,682
136,114,683
136,118,684
135,128,685
126,147,686
123,151,687
120,154,688
110,161,689
98,164,690
88,164,691
72,158,692
66,154,693
59,146,694
52,134,695
48,120,696
47,114,697
48,98,698
50,88,699
56,75,700
60,69,701
79,54,702
78,54,703
95,49,704
110,50,705
126,57,706
129,59,707
137,65,708
147,79,709
152,91,710
156,111,711
153,137,712
154,135,713
146,155,714
141,163,715
120,181,716
119,182,717
108,186,718
83,187,719
73,184,720
55,173,721
49,168,722
37,151,723
29,128,724
27,114,725
27,105,726
32,78,727
42,58,728
47,51,729
55,43,730
69,33,731
85,27,732
113,27,733
130,33,734
138,38,735
153,51,736
160,60,737
170,81,738
174,94,739
174,137,740
173,143,741
167,160,742
144,191,743
148,188,744
115,208,745
99,211,746
88,211,747
56,201,748
54,200,749
35,185,750
17,157,751
15,152,752
8,126,753
7,104,754
8,90,755
19,56,756
39,28,757
52,17,758
66,9,759
78,5,760
98,2,761
128,7,762
94,112,763
93,110,764
94,108,765
94,106,766
95,105,767
99,104,768
101,104,769
104,106,770
106,108,771
108,112,772
109,113,773
108,119,774
109,119,775
106,125,776
102,129,777
101,130,778
95,132,779
91,132,780
88,131,781
85,130,782
79,123,783
78,123,784
76,118,785
75,110,786
75,103,787
75,102,788
81,91,789
84,87,790
89,84,791
90,83,792
101,81,793
106,82,794
114,86,795
119,90,796
120,91,797
125,100,798
128,112,799
128,119,800
127,128,801
125,133,802
119,143,803
114,148,804
102,154,805
98,155,806
92,156,807
86,155,808
77,151,809
68,144,810
64,140,811
56,120,812
55,115,813
55,103,814
56,96,815
59,86,816
65,76,817
76,66,818
87,60,819
93,58,820
101,58,821
113,60,822
120,63,823
135,76,824
141,85,825
146,98,826
147,102,827
148,125,828
143,142,829
142,146,830
132,161,831
120,171,832
112,175,833
100,178,834
95,179,835
79,177,836
63,169,837
57,164,838
43,145,839
38,132,840
35,117,841
35,101,842
38,86,843
39,81,844
48,63,845
60,50,846
80,38,847
87,36,848
101,34,849
120,38,850
133,45,851
149,59,852
150,60,853
165,91,854
168,107,855
168,104,856
164,145,857
161,154,858
155,166,859
133,189,860
116,198,861
114,199,862
88,202,863
69,198,864
56,191,865
45,183,866
35,172,867
23,151,868
18,137,869
16,92,870
15,96,871
23,66,872
33,48,873
47,32,874
64,20,875
87,12,876
104,11,877
127,16,878
139,22,879
153,32,880
165,45,881
182,76,882
187,97,883
188,126,884
186,142,885
186,143,886
170,181,887
150,204,888
144,209,889
98,111,890
101,112,891
101,115,892
102,116,893
101,119,894
98,122,895
97,123,896
95,124,897
91,123,898
88,121,899
89,123,900
84,117,901
84,118,902
82,110,903
83,105,904
85,99,905
84,100,906
88,95,907
92,92,908
93,91,909
103,91,910
103,90,911
110,93,912
114,97,913
117,102,914
119,105,915
121,114,916
121,117,917
116,132,918
117,132,919
115,135,920
106,143,921
99,146,922
95,147,923
88,146,924
82,144,925
72,136,926
70,134,927
65,125,928
63,116,929
62,111,930
63,101,931
66,91,932
71,82,933
76,76,934
83,71,935
90,68,936
99,67,937
106,67,938
121,74,939
125,77,940
131,84,941
136,93,942
139,102,943
141,114,944
138,133,945
137,137,946
128,153,947
118,162,948
111,166,949
102,169,950
90,170,951
84,169,952
75,166,953
59,154,954
57,152,955
49,139,956
43,119,957
42,107,958
46,86,959
50,76,960
54,69,961
67,55,962
76,49,963
91,44,964
99,43,965
121,48,966
123,49,967
134,56,968
147,70,969
155,85,970
160,104,971
161,118,972
157,141,973
151,156,974
145,166,975
137,175,976
124,185,977
110,191,978
98,193,979
85,193,980
61,184,981
50,176,982
36,159,983
32,152,984
23,122,985
22,112,986
28,76,987
30,70,988
40,52,989
39,53,990
59,33,991
88,21,992
87,21,993
112,21,994
126,25,995
156,47,996
157,48,997
174,77,998
175,80,999
180,101,1000
180,129,1001
176,149,1002
169,167,1003
149,194,1004
139,202,1005
120,212,1006
96,217,1007
73,214,1008
63,211,1009
46,201,1010
33,190,1011
13,160,1012
4,131,1013
3,125,1014
5,82,1015
8,70,1016
96,115,1017
94,116,1018
92,115,1019
91,115,1020
90,114,1021
90,107,1022
91,104,1023
91,103,1024
94,101,1025
96,99,1026
101,99,1027
102,99,1028
104,99,1029
109,104,1030
112,110,1031
112,108,1032
113,115,1033
113,119,1034
112,123,1035
109,129,1036
107,132,1037
107,133,1038
98,137,1039
89,137,1040
88,137,1041
83,135,1042
76,128,1043
75,127,1044
71,115,1045
70,114,1046
70,107,1047
72,97,1048
75,90,1049
76,88,1050
85,80,1051
91,77,1052
97,76,1053
108,77,1054
109,77,1055
119,83,1056
122,86,1057
129,96,1058
132,108,1059
133,114,1060
133,121,1061
131,131,1062
127,140,1063
118,151,1064
120,150,1065
105,159,1066
97,161,1067
90,161,1068
79,158,1069
73,155,1070
62,145,1071
55,133,1072
52,124,1073
50,115,1074
52,93,1075
54,87,1076
59,76,1077
65,68,1078
80,57,1079
79,57,1080
90,53,1081
109,53,1082
123,59,1083
127,61,1084
139,73,1085
147,86,1086
151,100,1087
153,114,1088
153,122,1089
149,141,1090
146,149,1091
130,170,1092
114,180,1093
117,179,1094
88,184,1095
81,183,1096
72,180,1097
64,176,1098
46,159,1099
37,144,1100
32,127,1101
30,105,1102
30,103,1103
33,85,1104
40,67,1105
59,44,1106
67,38,1107
84,31,1108
95,29,1109
112,30,1110
119,32,1111
131,37,1112
156,60,1113
158,63,1114
169,88,1115
173,112,1116
172,133,1117
168,149,1118
164,159,1119
151,180,1120
134,195,1121
128,199,1122
114,205,1123
77,206,1124
67,203,1125
52,195,1126
29,172,1127
25,166,1128
11,124,1129
11,126,1130
12,86,1131
13,81,1132
24,53,1133
35,37,1134
60,16,1135
58,17,1136
91,6,1137
110,6,1138
120,8,1139
136,14,1140
169,42,1141
180,59,1142
185,71,1143
96,112,1144
96,108,1145
100,108,1146
99,106,1147
100,106,1148
104,110,1149
105,113,1150
106,115,1151
105,119,1152
104,122,1153
105,122,1154
100,127,1155
99,128,1156
92,129,1157
87,127,1158
86,127,1159
84,125,1160
80,119,1161
79,117,1162
78,106,1163
78,105,1164
77,105,1165
81,96,1166
86,90,1167
90,87,1168
94,85,1169
103,85,1170
104,85,1171
112,89,1172
111,87,1173
121,98,1174
123,103,1175
125,111,1176
126,115,1177
124,127,1178
122,133,1179
116,141,1180
111,146,1181
105,150,1182
102,151,1183
93,152,1184
85,151,1185
73,144,1186
70,142,1187
66,137,1188
60,126,1189
58,114,1190
58,103,1191
61,90,1192
63,85,1193
69,76,1194
78,68,1195
81,66,1196
91,62,1197
99,61,1198
111,63,1199
124,70,1200
131,76,1201
139,88,1202
142,95,1203
145,110,1204
146,117,1205
142,137,1206
137,149,1207
135,152,1208
128,161,1209
107,173,1210
105,174,1211
86,175,1212
73,171,1213
59,161,1214
50,150,1215
52,154,1216
45,143,1217
38,117,1218
37,109,1219
44,78,1220
44,77,1221
58,56,1222
59,55,1223
85,40,1224
93,38,1225
103,38,1226
115,40,1227
132,48,1228
147,62,1229
149,64,1230
162,90,1231
165,109,1232
166,116,1233
164,133,1234
159,151,1235
145,174,1236
135,184,1237
126,190,1238
105,198,1239
91,199,1240
69,194,1241
56,187,1242
46,179,1243
33,164,1244
27,153,1245
19,126,1246
17,110,1247
23,75,1248
22,77,1249
29,60,1250
56,29,1251
69,21,1252
84,16,1253
109,15,1254
130,21,1255
149,33,1256
148,32,1257
166,51,1258
175,67,1259
185,105,1260
186,116,1261
183,141,1262
179,156,1263
162,187,1264
152,198,1265
135,211,1266
117,219,1267
80,221,1268
67,218,1269
57,214,1270
99,114,1271
99,116,1272
98,118,1273
97,120,1274
95,121,1275
91,120,1276
90,120,1277
87,116,1278
86,113,1279
85,111,1280
85,107,1281
86,104,1282
85,103,1283
92,96,1284
94,95,1285
96,94,1286
100,93,1287
106,95,1288
109,97,1289
112,99,1290
115,105,1291
115,103,1292
118,113,1293
117,122,1294
117,123,1295
117,125,1296
107,138,1297
107,139,1298
98,142,1299
96,143,1300
89,143,1301
80,139,1302
75,135,1303
71,130,1304
69,127,1305
66,115,1306
65,108,1307
67,97,1308
66,99,1309
74,83,1310
72,85,1311
81,76,1312
95,71,1313
101,70,1314
107,71,1315
109,71,1316
125,82,1317
132,92,1318
132,91,1319
137,108,1320
138,115,1321
136,130,1322
131,143,1323
129,147,1324
122,155,1325
111,162,1326
104,165,1327
95,167,1328
75,162,1329
67,157,1330
62,153,1331
55,144,1332
52,139,1333
46,120,1334
45,106,1335
47,92,1336
57,71,1337
55,73,1338
66,60,1339
76,53,1340
89,48,1341
109,48,1342
115,49,1343
126,54,1344
135,61,1345
147,76,1346
153,88,1347
157,105,1348
158,118,1349
157,128,1350
151,149,1351
150,152,1352
138,170,1353
122,182,1354
107,188,1355
92,190,1356
82,189,1357
59,179,1358
51,172,1359
43,164,1360
32,145,1361
27,127,1362
25,106,1363
26,95,1364
32,73,1365
43,53,1366
54,41,1367
76,28,1368
86,25,1369
89,24,1370
115,25,1371
135,33,1372
150,45,1373
154,49,1374
164,63,1375
175,91,1376
178,112,1377
176,136,1378
170,158,1379
165,168,1380
146,192,1381
139,198,1382
121,208,1383
88,213,1384
84,213,1385
53,202,1386
33,185,1387
23,172,1388
13,152,1389
7,132,1390
5,105,1391
7,88,1392
9,77,1393
18,53,1394
37,27,1395
49,17,1396
66,7,1397
94,113,1398
92,112,1399
92,109,1400
91,109,1401
93,106,1402
94,104,1403
98,102,1404
99,102,1405
104,104,1406
106,105,1407
107,105,1408
109,110,1409
110,112,1410
110,119,1411
107,126,1412
107,127,1413
104,130,1414
99,133,1415
97,134,1416
94,135,1417
86,132,1418
84,132,1419
79,127,1420
78,126,1421
75,120,1422
73,114,1423
74,101,1424
74,99,1425
78,92,1426
80,88,1427
82,86,1428
93,80,1429
97,79,1430
101,79,1431
112,82,1432
117,86,1433
122,91,1434
127,100,1435
129,105,1436
130,113,1437
130,120,1438
128,130,1439
124,139,1440
114,150,1441
115,150,1442
109,154,1443
101,157,1444
81,155,1445
85,157,1446
68,147,1447
66,145,1448
58,133,1449
56,128,1450
53,113,1451
53,103,1452
60,81,1453
63,76,1454
65,73,1455
73,65,1456
90,57,1457
96,56,1458
106,56,1459
116,59,1460
127,65,1461
138,77,1462
145,89,1463
149,104,1464
150,121,1465
150,122,1466
141,151,1467
139,155,1468
137,158,1469
119,174,1470
113,177,1471
104,180,1472
90,181,1473
76,178,1474
58,167,1475
46,154,1476
40,143,1477
36,132,1478
33,116,1479
33,101,1480
39,77,1481
45,65,1482
54,53,1483
72,39,1484
74,38,1485
107,33,1486
114,34,1487
115,34,1488
137,45,1489
148,55,1490
163,79,1491
169,100,1492
170,109,1493
170,126,1494
157,165,1495
152,173,1496
148,178,1497
136,190,1498
120,199,1499
88,204,1500
84,204,1501
60,196,1502
55,193,1503
34,174,1504
22,153,1505
20,149,1506
14,126,1507
13,101,1508
20,69,1509
27,54,1510
40,36,1511
58,21,1512
72,14,1513
94,9,1514
113,10,1515
136,18,1516
142,21,1517
159,35,1518
175,56,1519
185,80,1520
190,105,1521
190,123,1522
186,149,1523
178,171,1524
98,110,1525
100,110,1526
101,111,1527
103,112,1528
103,114,1529
103,118,1530
102,120,1531
100,123,1532
97,125,1533
92,125,1534
93,126,1535
90,125,1536
87,124,1537
83,119,1538
81,114,1539
81,107,1540
81,104,1541
82,101,1542
84,97,1543
86,94,1544
91,90,1545
90,90,1546
101,88,1547
102,88,1548
108,90,1549
115,95,1550
119,101,1551
121,105,1552
122,113,1553
123,115,1554
122,122,1555
118,133,1556
118,134,1557
110,143,1558
105,146,1559
99,148,1560
93,149,1561
84,147,1562
81,146,1563
71,138,1564
65,129,1565
63,125,1566
61,105,1567
60,109,1568
63,93,1569
67,84,1570
70,80,1571
81,70,1572
84,68,1573
96,65,1574
106,65,1575
115,68,1576
122,72,1577
131,81,1578
134,85,1579
141,103,1580
142,110,1581
143,116,1582
139,137,1583
133,149,1584
127,157,1585
123,161,1586
114,167,1587
104,171,1588
92,172,1589
83,171,1590
65,162,1591
60,158,1592
51,147,1593
43,129,1594
41,104,1595
42,94,1596
42,93,1597
47,78,1598
53,67,1599
72,49,1600
87,43,1601
86,43,1602
100,41,1603
122,46,1604
136,55,1605
145,64,1606
151,73,1607
162,110,1608
160,94,1609
162,127,1610
160,138,1611
150,162,1612
145,169,1613
132,182,1614
123,188,1615
100,195,1616
85,195,1617
70,191,1618
53,181,1619
45,174,1620
37,164,1621
27,145,1622
21,116,1623
21,96,1624
23,85,1625
31,63,1626
43,45,1627
52,36,1628
71,24,1629
86,19,1630
104,18,1631
131,25,1632
143,32,1633
156,44,1634
164,54,1635
179,87,1636
181,98,1637
183,116,1638
178,149,1639
175,158,1640
162,182,1641
145,200,1642
121,214,1643
111,217,1644
94,219,1645
72,216,1646
45,203,1647
33,193,1648
16,170,1649
6,147,1650
3,135,1651
97,113,1652
96,117,1653
93,117,1654
92,118,1655
90,116,1656
89,114,1657
88,111,1658
88,107,1659
89,104,1660
90,102,1661
92,99,1662
97,97,1663
95,97,1664
103,97,1665
106,99,1666
109,100,1667
112,105,1668
114,110,1669
115,114,1670
115,116,1671
114,123,1672
114,125,1673
106,135,1674
105,136,1675
98,139,1676
97,140,1677
88,139,1678
85,138,1679
77,132,1680
77,133,1681
71,124,1682
69,115,1683
68,107,1684
68,106,1685
73,90,1686
75,87,1687
79,82,1688
89,76,1689
93,74,1690
104,74,1691
111,76,1692
112,76,1693
127,90,1694
128,91,1695
130,94,1696
133,101,1697
135,118,1698
131,135,1699
132,134,1700
127,144,1701
120,152,1702
114,157,1703
106,161,1704
92,163,1705
88,163,1706
71,156,1707
65,151,1708
57,142,1709
50,124,1710
49,119,1711
48,111,1712
49,97,1713
57,76,1714
60,71,1715
66,64,1716
75,57,1717
95,51,1718
101,50,1719
109,51,1720
121,55,1721
136,67,1722
146,81,1723
151,91,1724
152,94,1725
155,119,1726
154,129,1727
148,148,1728
143,158,1729
127,175,1730
115,182,1731
106,185,1732
92,187,1733
72,182,1734
59,175,1735
52,169,1736
43,158,1737
34,142,1738
31,133,1739
28,111,1740
32,82,1741
37,69,1742
39,65,1743
62,39,1744
72,33,1745
87,28,1746
105,27,1747
113,28,1748
131,35,1749
150,50,1750
164,70,1751
160,62,1752
173,95,1753
175,113,1754
175,123,1755
164,163,1756
158,174,1757
150,184,1758
119,205,1759
106,209,1760
90,210,1761
77,208,1762
53,198,1763
32,179,1764
26,171,1765
22,165,1766
10,131,1767
8,113,1768
9,93,1769
14,71,1770
27,44,1771
37,32,1772
56,16,1773
83,5,1774
97,3,1775
123,7,1776
142,15,1777
151,21,1778
95,112,1779
94,110,1780
96,107,1781
97,105,1782
98,105,1783
102,106,1784
104,107,1785
106,110,1786
107,113,1787
107,118,1788
107,120,1789
105,124,1790
106,124,1791
102,128,1792
96,130,1793
95,131,1794
89,130,1795
86,129,1796
81,124,1797
81,125,1798
77,115,1799
77,119,1800
76,107,1801
77,101,1802
79,95,1803
80,93,1804
90,85,1805
91,84,1806
100,83,1807
101,82,1808
108,84,1809
112,86,1810
121,95,1811
124,100,1812
125,102,1813
127,113,1814
127,120,1815
125,129,1816
124,133,1817
120,140,1818
109,150,1819
102,153,1820
92,154,1821
90,154,1822
84,153,1823
77,150,1824
63,135,1825
61,132,1826
60,131,1827
56,112,1828
56,103,1829
58,93,1830
66,77,1831
68,74,1832
73,69,1833
89,61,1834
101,59,1835
109,60,1836
122,66,1837
124,67,1838
139,84,1839
142,90,1840
146,102,1841
147,111,1842
146,130,1843
144,138,1844
133,157,1845
126,165,1846
121,169,1847
101,177,1848
89,177,1849
79,175,1850
77,175,1851
65,169,1852
49,153,1853
40,135,1854
38,128,1855
36,104,1856
38,89,1857
43,75,1858
48,66,1859
55,56,1860
65,47,1861
84,38,1862
97,36,1863
112,37,1864
122,40,1865
137,49,1866
157,74,1867
159,77,1868
162,84,1869
167,122,1870
167,124,1871
165,138,1872
155,163,1873
145,177,1874
127,192,1875
112,198,1876
95,201,1877
71,197,1878
58,191,1879
53,188,1880
34,168,1881
25,153,1882
22,146,1883
16,116,1884
17,90,1885
26,63,1886
29,56,1887
50,31,1888
55,27,1889
69,19,1890
108,13,1891
111,13,1892
129,18,1893
142,25,1894
165,47,1895
170,54,1896
182,80,1897
186,97,1898
186,135,1899
181,155,1900
177,166,1901
171,178,1902
147,205,1903
125,218,1904
102,224,1905
97,112,1906
100,112,1907
100,116,1908
101,117,1909
98,121,1910
96,122,1911
92,122,1912
91,122,1913
88,120,1914
87,119,1915
85,118,1916
84,111,1917
83,111,1918
84,103,1919
86,100,1920
90,95,1921
91,94,1922
95,92,1923
99,91,1924
100,91,1925
109,95,1926
111,95,1927
115,100,1928
118,106,1929
119,112,1930
120,114,1931
117,128,1932
119,124,1933
109,139,1934
111,138,1935
104,143,1936
97,145,1937
90,145,1938
85,144,1939
79,141,1940
72,134,1941
67,126,1942
66,124,1943
64,118,1944
63,109,1945
64,101,1946
68,89,1947
75,79,1948
77,77,1949
86,71,1950
90,69,1951
107,69,1952
113,71,1953
116,72,1954
130,85,1955
131,86,1956
137,99,1957
139,108,1958
140,117,1959
136,137,1960
131,146,1961
122,157,1962
118,161,1963
108,166,1964
98,168,1965
85,168,1966
81,167,1967
66,159,1968
56,149,1969
53,144,1970
49,137,1971
44,104,1972
43,108,1973
45,93,1974
58,66,1975
62,61,1976
72,53,1977
79,49,1978
88,46,1979
107,45,1980
115,47,1981
133,57,1982
138,61,1983
154,86,1984
156,91,1985
159,107,1986
160,115,1987
156,142,1988
149,157,1989
135,175,1990
133,177,1991
109,190,1992
98,192,1993
79,190,1994
69,187,1995
58,181,1996
37,158,1997
32,149,1998
31,147,1999
24,121,2000
23,110,2001
27,81,2002
36,61,2003
53,40,2004
63,32,2005
64,31,2006
89,22,2007
110,22,2008
116,23,2009
137,32,2010
151,43,2011
166,63,2012
171,73,2013
179,102,2014
180,115,2015
172,157,2016
169,164,2017
153,188,2018
146,195,2019
132,205,2020
102,215,2021
85,215,2022
60,208,2023
44,198,2024
39,194,2025
22,174,2026
10,150,2027
5,130,2028
3,112,2029
6,83,2030
18,50,2031
30,32,2032
96,114,2033
94,115,2034
92,114,2035
91,114,2036
90,109,2037
91,106,2038
93,103,2039
94,102,2040
98,100,2041
99,100,2042
104,101,2043
106,102,2044
109,105,2045
110,107,2046
112,113,2047
112,116,2048
112,119,2049
110,125,2050
107,130,2051
105,132,2052
97,136,2053
99,136,2054
89,136,2055
83,133,2056
80,131,2057
78,129,2058
74,123,2059
72,118,2060
71,109,2061
71,106,2062
73,97,2063
76,91,2064
80,85,2065
87,80,2066
96,77,2067
101,77,2068
110,79,2069
112,80,2070
122,88,2071
123,89,2072
127,95,2073
131,105,2074
132,115,2075
130,129,2076
128,136,2077
124,143,2078
114,153,2079
109,156,2080
105,158,2081
93,160,2082
86,159,2083
72,153,2084
62,143,2085
58,137,2086
56,133,2087
51,111,2088
52,98,2089
52,96,2090
57,82,2091
62,74,2092
70,65,2093
83,57,2094
93,54,2095
99,53,2096
111,55,2097
123,60,2098
133,68,2099
144,83,2100
148,92,2101
151,103,2102
152,117,2103
147,143,2104
144,150,2105
136,162,2106
132,167,2107
118,177,2108
104,182,2109
92,183,2110
78,181,2111
58,170,2112
59,171,2113
45,156,2114
36,138,2115
32,123,2116
31,110,2117
32,95,2118
42,66,2119
52,52,2120
55,49,2121
70,38,2122
81,33,2123
101,30,2124
121,34,2125
130,38,2126
145,49,2127
158,65,2128
167,84,2129
171,101,2130
172,118,2131
167,148,2132
165,154,2133
156,171,2134
139,190,2135
127,198,2136
102,206,2137
104,206,2138
84,206,2139
53,194,2140
45,188,2141
27,167,2142
17,146,2143
16,143,2144
11,106,2145
14,82,2146
17,71,2147
29,47,2148
43,30,2149
69,13,2150
77,10,2151
106,7,2152
122,10,2153
133,14,2154
159,32,2155
167,41,2156
180,62,2157
190,92,2158
192,111,2159
96,111,2160
97,108,2161
101,109,2162
100,107,2163
103,109,2164
104,114,2165
105,116,2166
104,120,2167
102,123,2168
100,125,2169
102,125,2170
92,127,2171
92,128,2172
89,127,2173
85,124,2174
84,124,2175
80,116,2176
79,113,2177
79,107,2178
79,105,2179
83,95,2180
82,95,2181
88,90,2182
93,87,2183
98,86,2184
103,86,2185
109,88,2186
112,90,2187
119,98,2188
120,98,2189
123,105,2190
124,114,2191
124,122,2192
122,130,2193
118,137,2194
115,141,2195
107,147,2196
99,150,2197
97,151,2198
86,150,2199
79,147,2200
73,143,2201
66,134,2202
63,129,2203
60,121,2204
59,116,2205
59,102,2206
62,91,2207
69,78,2208
76,71,2209
84,66,2210
93,63,2211
105,63,2212
107,63,2213
121,69,2214
130,77,2215
136,85,2216
140,93,2217
142,99,2218
144,118,2219
143,130,2220
142,134,2221
132,154,2222
126,161,2223
115,169,2224
113,170,2225
94,174,2226
88,174,2227
70,168,2228
60,161,2229
50,148,2230
44,136,2231
40,124,2232
39,102,2233
40,93,2234
41,89,2235
64,53,2236
56,60,2237
70,48,2238
90,40,2239
101,39,2240
103,39,2241
134,51,2242
138,54,2243
150,68,2244
161,92,2245
161,91,2246
164,108,2247
161,141,2248
159,147,2249
149,167,2250
147,170,2251
119,192,2252
108,196,2253
102,197,2254
84,197,2255
67,192,2256
41,172,2257
32,159,2258
30,156,2259
24,143,2260
19,119,2261
21,86,2262
21,85,2263
39,47,2264
50,35,2265
51,34,2266
87,17,2267
92,16,2268
118,18,2269
129,22,2270
153,38,2271
164,51,2272
177,75,2273
177,74,2274
184,125,2275
183,135,2276
180,149,2277
171,171,2278
158,190,2279
143,204,2280
111,219,2281
107,220,2282
89,221,2283
61,214,2284
39,201,2285
20,180,2286
98,114,2287
98,117,2288
96,118,2289
96,119,2290
94,120,2291
90,118,2292
88,116,2293
87,114,2294
86,110,2295
86,108,2296
86,106,2297
90,99,2298
88,100,2299
95,96,2300
99,95,2301
103,95,2302
107,97,2303
109,98,2304
112,102,2305
115,106,2306
116,113,2307
117,113,2308
115,125,2309
114,128,2310
111,133,2311
111,134,2312
99,141,2313
101,141,2314
89,141,2315
90,142,2316
82,139,2317
75,133,2318
71,127,2319
70,126,2320
67,116,2321
66,109,2322
69,94,2323
73,87,2324
75,83,2325
81,78,2326
85,75,2327
96,72,2328
104,72,2329
110,73,2330
116,76,2331
125,83,2332
132,95,2333
136,108,2334
136,105,2335
137,117,2336
134,133,2337
129,144,2338
124,151,2339
119,156,2340
109,162,2341
91,165,2342
84,164,2343
75,161,2344
69,157,2345
58,146,2346
51,133,2347
50,131,2348
47,119,2349
46,107,2350
49,89,2351
52,81,2352
65,63,2353
73,56,2354
86,50,2355
97,48,2356
112,50,2357
122,54,2358
127,56,2359
137,64,2360
150,84,2361
152,89,2362
156,124,2363
157,116,2364
154,137,2365
148,153,2366
140,165,2367
133,173,2368
114,185,2369
88,188,2370
86,188,2371
71,184,2372
66,182,2373
51,171,2374
35,148,2375
28,127,2376
29,133,2377
27,95,2378
32,76,2379
41,58,2380
48,49,2381
66,34,2382
71,31,2383
96,25,2384
105,25,2385
125,30,2386
145,42,2387
142,39,2388
164,66,2389
174,91,2390
176,102,2391
177,118,2392
173,146,2393
165,165,2394
156,180,2395
141,195,2396
127,204,2397
106,211,2398
73,209,2399
64,206,2400
61,205,2401
37,188,2402
22,168,2403
12,146,2404
7,124,2405
6,112,2406
11,75,2407
17,59,2408
34,32,2409
45,21,2410
59,12,2411
79,4,2412
99,1,2413
95,113,2414
93,112,2415
93,109,2416
93,107,2417
94,105,2418
98,103,2419
100,103,2420
103,104,2421
105,106,2422
108,110,2423
108,108,2424
109,117,2425
110,117,2426
108,123,2427
105,127,2428
104,129,2429
101,131,2430
95,133,2431
89,132,2432
90,133,2433
82,128,2434
82,129,2435
76,120,2436
75,116,2437
74,107,2438
74,104,2439
78,94,2440
77,95,2441
85,86,2442
85,85,2443
94,81,2444
104,81,2445
105,81,2446
111,83,2447
120,90,2448
122,93,2449
128,108,2450
129,113,2451
129,118,2452
129,121,2453
125,135,2454
120,143,2455
109,152,2456
107,153,2457
100,156,2458
94,157,2459
79,153,2460
70,147,2461
68,146,2462
63,139,2463
58,130,2464
54,114,2465
55,98,2466
55,96,2467
58,87,2468
69,71,2469
73,67,2470
76,64,2471
97,57,2472
100,57,2473
113,59,2474
126,66,2475
136,76,2476
137,77,2477
146,96,2478
149,109,2479
148,126,2480
147,134,2481
140,151,2482
136,157,2483
120,172,2484
114,175,2485
106,178,2486
94,180,2487
84,179,2488
68,173,2489
49,156,2490
45,150,2491
40,140,2492
35,123,2493
34,108,2494
37,85,2495
39,79,2496
53,56,2497
60,49,2498
78,38,2499
86,35,2500
108,34,2501
121,38,2502
127,40,2503
145,53,2504
156,68,2505
164,85,2506
166,91,2507
169,120,2508
166,142,2509
163,151,2510
139,185,2511
133,190,2512
127,194,2513
107,202,2514
89,203,2515
77,201,2516
59,194,2517
44,183,2518
35,173,2519
24,155,2520
14,114,2521
14,116,2522
15,91,2523
29,53,2524
35,44,2525
47,31,2526
66,18,2527
88,11,2528
102,10,2529
120,13,2530
144,24,2531
159,37,2532
167,46,2533
181,72,2534
186,87,2535
189,122,2536
189,128,2537
172,179,2538
163,192,2539
157,199,2540
99,111,2541
100,111,2542
101,114,2543
102,114,2544
102,118,2545
101,120,2546
98,123,2547
97,124,2548
92,124,2549
91,124,2550
90,124,2551
86,121,2552
83,117,2553
82,113,2554
82,107,2555
82,105,2556
83,101,2557
86,96,2558
88,94,2559
94,90,2560
102,90,2561
101,89,2562
102,89,2563
111,93,2564
116,99,2565
117,100,2566
121,111,2567
121,120,2568
120,125,2569
119,129,2570
117,133,2571
110,141,2572
108,143,2573
105,145,2574
90,147,2575
89,147,2576
79,143,2577
71,136,2578
69,134,2579
65,126,2580
62,115,2581
62,106,2582
63,97,2583
64,94,2584
69,83,2585
76,75,2586
85,69,2587
88,68,2588
103,66,2589
108,67,2590
121,73,2591
127,78,2592
131,83,2593
139,99,2594
141,108,2595
141,120,2596
140,129,2597
138,137,2598
128,154,2599
123,159,2600
113,166,2601
106,169,2602
92,171,2603
85,170,2604
70,164,2605
63,159,2606
54,149,2607
45,131,2608
44,128,2609
42,104,2610
44,90,2611
46,83,2612
52,71,2613
62,58,2614
71,51,2615
81,46,2616
103,43,2617
118,46,2618
130,52,2619
133,54,2620
151,75,2621
154,81,2622
160,100,2623
160,131,2624
159,137,2625
156,147,2626
145,167,2627
141,172,2628
120,188,2629
105,193,2630
89,194,2631
82,193,2632
59,184,2633
45,172,2634
44,171,2635
29,147,2636
26,139,2637
22,102,2638
23,91,2639
30,68,2640
34,60,2641
54,36,2642
72,25,2643
83,21,2644
102,19,2645
120,22,2646
139,31,2647
157,47,2648
166,59,2649
175,78,2650
179,92,2651
181,126,2652
180,135,2653
178,145,2654
167,172,2655
153,191,2656
136,205,2657
117,214,2658
101,217,2659
81,217,2660
62,211,2661
43,200,2662
26,183,2663
14,164,2664
5,139,2665
2,119,2666
2,95,2667
97,114,2668
96,116,2669
93,116,2670
92,117,2671
89,112,2672
89,110,2673
90,105,2674
89,106,2675
92,101,2676
95,99,2677
94,99,2678
99,98,2679
100,97,2680
107,101,2681
111,106,2682
110,103,2683
113,112,2684
114,115,2685
113,122,2686
113,123,2687
109,130,2688
111,129,2689
101,137,2690
96,138,2691
90,138,2692
88,138,2693
82,135,2694
78,132,2695
73,124,2696
72,123,2697
70,118,2698
69,109,2699
71,97,2700
74,90,2701
78,85,2702
87,78,2703
89,77,2704
101,75,2705
110,77,2706
105,75,2707
119,82,2708
123,86,2709
130,98,2710
133,108,2711
134,112,2712
134,116,2713
132,130,2714
127,141,2715
121,150,2716
113,156,2717
101,161,2718
102,161,2719
82,160,2720
81,160,2721
68,152,2722
62,146,2723
53,130,2724
53,131,2725
49,110,2726
51,95,2727
54,84,2728
57,78,2729
67,65,2730
76,58,2731
84,54,2732
92,52,2733
114,54,2734
115,54,2735
134,66,2736
141,74,2737
151,97,2738
153,107,2739
154,112,2740
152,133,2741
150,141,2742
141,159,2743
133,168,2744
124,176,2745
105,184,2746
97,185,2747
82,184,2748
72,181,2749
55,170,2750
44,158,2751
35,140,2752
30,120,2753
29,113,2754
31,90,2755
33,82,2756
43,61,2757
53,48,2758
64,39,2759
78,32,2760
95,28,2761
110,29,2762
116,30,2763
137,40,2764
153,55,2765
167,80,2766
172,97,2767
172,95,2768
174,117,2769
168,151,2770
164,161,2771
149,183,2772
142,190,2773
133,197,2774
99,208,2775
92,209,2776
63,202,2777
40,186,2778
31,176,2779
25,167,2780
12,135,2781
10,126,2782
9,110,2783
14,75,2784
20,59,2785
31,41,2786
52,20,2787
71,10,2788
85,6,2789
115,6,2790
123,8,2791
150,22,2792
152,23,2793
183,64,2794
95,110,2795
95,109,2796
98,107,2797
97,106,2798
99,105,2799
104,109,2800
105,111,2801
106,113,2802
106,118,2803
106,119,2804
105,123,2805
103,125,2806
101,128,2807
97,129,2808
91,129,2809
92,130,2810
84,126,2811
83,125,2812
79,120,2813
78,115,2814
77,110,2815
76,110,2816
79,99,2817
82,93,2818
87,88,2819
88,87,2820
96,84,2821
103,84,2822
110,87,2823
106,84,2824
118,93,2825
121,97,2826
125,107,2827
126,110,2828
126,117,2829
125,127,2830
122,134,2831
113,145,2832
114,145,2833
104,151,2834
101,152,2835
92,153,2836
83,151,2837
74,146,2838
69,142,2839
67,140,2840
58,119,2841
57,112,2842
58,98,2843
59,93,2844
61,88,2845
69,75,2846
74,70,2847
85,63,2848
94,61,2849
110,62,2850
116,64,2851
127,71,2852
129,73,2853
140,88,2854
144,100,2855
146,109,2856
144,132,2857
145,130,2858
142,140,2859
134,155,2860
116,170,2861
117,170,2862
99,176,2863
88,176,2864
70,170,2865
58,161,2866
58,162,2867
47,148,2868
40,131,2869
37,116,2870
39,92,2871
40,86,2872
42,80,2873
56,57,2874
71,45,2875
72,44,2876
88,38,2877
99,37,2878
127,44,2879
136,50,2880
141,54,2881
152,67,2882
164,97,2883
166,108,2884
166,121,2885
164,137,2886
157,157,2887
147,173,2888
129,189,2889
126,191,2890
103,199,2891
79,198,2892
61,191,2893
47,181,2894
50,184,2895
38,172,2896
21,138,2897
20,136,2898
18,93,2899
21,78,2900
22,75,2901
41,42,2902
43,39,2903
72,19,2904
92,14,2905
106,14,2906
121,17,2907
132,21,2908
143,27,2909
166,50,2910
180,78,2911
186,107,2912
185,133,2913
186,128,2914
175,167,2915
157,194,2916
149,202,2917
143,207,2918
119,219,2919
90,223,2920
62,217,2921
99,113,2922
100,114,2923
99,117,2924
99,119,2925
98,120,2926
94,121,2927
91,121,2928
89,119,2929
86,115,2930
86,116,2931
84,113,2932
85,106,2933
84,105,2934
88,99,2935
89,97,2936
92,95,2937
97,93,2938
105,94,2939
100,92,2940
107,94,2941
113,100,2942
115,102,2943
117,106,2944
118,118,2945
119,116,2946
118,124,2947
112,134,2948
113,134,2949
102,142,2950
100,143,2951
96,144,2952
84,142,2953
82,141,2954
77,138,2955
73,134,2956
67,123,2957
65,115,2958
65,104,2959
65,100,2960
68,92,2961
73,83,2962
80,76,2963
88,72,2964
90,71,2965
101,69,2966
108,70,2967
118,75,2968
125,81,2969
125,80,2970
136,100,2971
137,103,2972
138,123,2973
138,124,2974
136,134,2975
132,143,2976
120,157,2977
113,162,2978
100,167,2979
84,166,2980
83,166,2981
73,162,2982
63,155,2983
54,144,2984
50,136,2985
45,118,2986
44,110,2987
49,85,2988
48,86,2989
60,65,2990
63,62,2991
78,51,2992
91,47,2993
97,46,2994
105,46,2995
124,52,2996
139,64,2997
144,70,2998
156,96,2999
158,107,3000
158,104,3001
155,140,3002
155,141,3003
143,165,3004
128,179,3005
120,184,3006
102,190,3007
92,191,3008
75,188,3009
52,174,3010
55,177,3011
48,171,3012
27,130,3013
27,131,3014
24,109,3015
27,87,3016
28,82,3017
34,66,3018
57,38,3019
74,28,3020
82,25,3021
91,23,3022
109,23,3023
132,31,3024
138,34,3025
163,60,3026
168,69,3027
177,97,3028
178,126,3029
178,130,3030
175,145,3031
158,180,3032
145,194,3033
131,204,3034
115,211,3035
99,214,3036
87,214,3037
59,206,3038
46,198,3039
27,179,3040
14,157,3041
7,134,3042
5,121,3043
5,94,3044
9,74,3045
24,42,3046
45,19,3047
46,18,3048
95,114,3049
92,113,3050
92,110,3051
91,110,3052
92,106,3053
95,103,3054
96,102,3055
98,101,3056
102,102,3057
104,103,3058
104,102,3059
108,106,3060
109,107,3061
111,114,3062
110,121,3063
110,122,3064
108,127,3065
105,130,3066
99,134,3067
97,135,3068
89,134,3069
89,135,3070
86,134,3071
79,128,3072
75,121,3073
73,117,3074
72,112,3075
72,108,3076
76,94,3077
74,97,3078
77,91,3079
85,83,3080
88,81,3081
97,78,3082
100,78,3083
113,82,3084
121,89,3085
120,87,3086
128,100,3087
130,108,3088
131,113,3089
129,129,3090
127,135,3091
122,143,3092
121,145,3093
116,150,3094
106,156,3095
92,158,3096
93,159,3097
75,153,3098
69,149,3099
66,146,3100
55,127,3101
54,124,3102
52,112,3103
53,100,3104
56,88,3105
61,77,3106
72,65,3107
78,61,3108
90,56,3109
103,55,3110
104,55,3111
114,57,3112
135,72,3113
140,78,3114
145,88,3115
150,105,3116
151,114,3117
148,136,3118
145,145,3119
141,153,3120
132,165,3121
115,177,3122
107,180,3123
96,182,3124
85,181,3125
68,175,3126
55,166,3127
48,158,3128
41,147,3129
36,135,3130
32,112,3131
35,87,3132
37,80,3133
48,59,3134
53,53,3135
60,46,3136
86,33,3137
94,32,3138
114,33,3139
129,39,3140
142,48,3141
149,55,3142
162,75,3143
166,85,3144
170,101,3145
169,134,3146
167,144,3147
157,167,3148
146,182,3149
126,197,3150
114,202,3151
107,204,3152
87,205,3153
69,201,3154
52,192,3155
32,172,3156
29,168,3157
15,135,3158
12,113,3159
15,83,3160
18,72,3161
22,62,3162
39,36,3163
60,19,3164
75,12,3165
96,8,3166
111,9,3167
125,12,3168
146,23,3169
170,47,3170
175,55,3171
182,69,3172
191,113,3173
191,118,3174
183,161,3175
97,110,3176
98,109,3177
101,110,3178
102,110,3179
103,111,3180
104,115,3181
103,119,3182
102,122,3183
98,125,3184
97,126,3185
96,127,3186
91,126,3187
89,126,3188
85,123,3189
83,120,3190
81,117,3191
80,110,3192
80,105,3193
82,99,3194
83,97,3195
86,93,3196
85,93,3197
95,88,3198
99,87,3199
105,88,3200
110,90,3201
114,93,3202
116,95,3203
122,109,3204
122,106,3205
123,118,3206
122,125,3207
121,129,3208
119,134,3209
112,142,3210
105,147,3211
97,149,3212
89,149,3213
87,149,3214
75,143,3215
71,139,3216
65,131,3217
62,122,3218
60,113,3219
60,103,3220
61,97,3221
67,83,3222
70,79,3223
79,70,3224
83,68,3225
95,64,3226
103,64,3227
117,68,3228
123,72,3229
132,81,3230
140,97,3231
140,96,3232
143,110,3233
143,120,3234
137,143,3235
137,144,3236
133,151,3237
120,164,3238
112,169,3239
96,173,3240
94,173,3241
78,170,3242
61,160,3243
58,157,3244
52,150,3245
42,126,3246
40,112,3247
40,101,3248
45,81,3249
46,78,3250
56,62,3251
71,49,3252
80,44,3253
94,41,3254
108,41,3255
119,44,3256
126,47,3257
144,62,3258
149,68,3259
161,97,3260
163,110,3261
163,123,3262
162,132,3263
156,152,3264
146,169,3265
139,177,3266
118,191,3267
106,195,3268
86,196,3269
64,189,3270
60,187,3271
46,176,3272
36,164,3273
22,129,3274
21,125,3275
20,99,3276
26,73,3277
28,68,3278
38,50,3279
51,36,3280
63,27,3281
87,18,3282
99,17,3283
121,20,3284
133,25,3285
156,43,3286
171,64,3287
176,76,3288
183,107,3289
183,125,3290
180,145,3291
175,160,3292
165,179,3293
145,201,3294
140,205,3295
103,219,3296
94,220,3297
69,216,3298
48,206,3299
40,200,3300
15,170,3301
6,149,3302
97,116,3303
97,117,3304
94,118,3305
93,119,3306
91,118,3307
90,117,3308
88,112,3309
87,110,3310
88,105,3311
89,102,3312
89,101,3313
93,98,3314
91,98,3315
99,96,3316
106,98,3317
107,98,3318
110,101,3319
113,105,3320
115,111,3321
115,119,3322
115,121,3323
116,120,3324
111,131,3325
106,136,3326
103,138,3327
104,138,3328
90,140,3329
88,140,3330
82,137,3331
82,138,3332
77,134,3333
69,119,3334
68,115,3335
67,111,3336
68,102,3337
71,92,3338
74,87,3339
85,77,3340
81,79,3341
91,74,3342
101,73,3343
105,73,3344
118,79,3345
122,82,3346
125,85,3347
131,94,3348
135,110,3349
135,122,3350
135,124,3351
133,133,3352
127,145,3353
119,154,3354
108,161,3355
106,162,3356
95,164,3357
85,163,3358
70,156,3359
68,155,3360
55,139,3361
50,127,3362
48,117,3363
47,110,3364
50,91,3365
50,89,3366
57,74,3367
64,65,3368
89,51,3369
92,50,3370
99,49,3371
118,53,3372
128,59,3373
141,72,3374
142,72,3375
147,80,3376
155,106,3377
156,117,3378
150,145,3379
150,146,3380
141,162,3381
127,176,3382
119,181,3383
110,185,3384
89,187,3385
77,185,3386
58,175,3387
45,162,3388
41,157,3389
33,141,3390
28,119,3391
27,110,3392
33,77,3393
32,79,3394
44,56,3395
45,54,3396
65,36,3397
83,28,3398
96,26,3399
119,29,3400
140,40,3401
150,49,3402
149,47,3403
167,74,3404
175,105,3405
176,114,3406
169,153,3407
167,159,3408
163,167,3409
140,194,3410
135,198,3411
104,210,3412
94,211,3413
65,205,3414
57,201,3415
37,186,3416
33,182,3417
15,151,3418
10,134,3419
7,110,3420
10,83,3421
11,78,3422
24,48,3423
43,25,3424
50,19,3425
65,10,3426
105,3,3427
115,4,3428
134,10,3429
94,111,3430
93,110,3431
94,108,3432
96,105,3433
97,104,3434
102,105,3435
103,105,3436
106,109,3437
107,111,3438
108,114,3439
108,118,3440
107,122,3441
109,118,3442
104,127,3443
99,130,3444
98,131,3445
93,132,3446
89,131,3447
84,128,3448
83,128,3449
77,118,3450
77,120,3451
75,112,3452
76,103,3453
76,101,3454
76,100,3455
84,88,3456
86,86,3457
94,83,3458
95,82,3459
104,82,3460
110,84,3461
117,89,3462
120,92,3463
124,98,3464
127,107,3465
128,115,3466
127,124,3467
127,126,3468
122,138,3469
121,140,3470
112,149,3471
100,154,3472
95,155,3473
89,155,3474
84,154,3475
71,146,3476
66,141,3477
62,136,3478
56,118,3479
55,111,3480
57,94,3481
58,91,3482
60,85,3483
72,69,3484
90,60,3485
93,59,3486
97,58,3487
114,61,3488
125,67,3489
124,66,3490
136,78,3491
140,84,3492
145,96,3493
148,119,3494
148,121,3495
137,153,3496
141,147,3497
125,167,3498
122,169,3499
108,176,3500
94,178,3501
86,178,3502
75,175,3503
60,166,3504
52,158,3505
43,144,3506
36,121,3507
35,112,3508
36,96,3509
42,76,3510
48,64,3511
50,61,3512
74,41,3513
90,36,3514
97,35,3515
112,36,3516
126,41,3517
142,53,3518
143,53,3519
159,75,3520
166,97,3521
168,120,3522
167,131,3523
159,157,3524
156,163,3525
147,176,3526
124,194,3527
102,201,3528
95,202,3529
74,199,3530
63,195,3531
51,187,3532
38,175,3533
26,157,3534
17,130,3535
16,125,3536
16,95,3537
21,72,3538
32,50,3539
39,41,3540
58,24,3541
67,19,3542
93,12,3543
116,13,3544
133,19,3545
152,32,3546
163,43,3547
172,56,3548
185,88,3549
188,111,3550
185,143,3551
181,158,3552
173,176,3553
157,197,3554
135,214,3555
125,219,3556
99,112,3557
101,113,3558
101,116,3559
102,116,3560
100,120,3561
99,121,3562
96,123,3563
94,123,3564
90,122,3565
87,120,3566
88,122,3567
84,115,3568
83,114,3569
82,109,3570
86,99,3571
86,98,3572
87,96,3573
93,92,3574
96,91,3575
105,92,3576
98,90,3577
109,93,3578
112,95,3579
116,100,3580
119,108,3581
120,110,3582
120,118,3583
120,122,3584
113,136,3585
113,137,3586
112,138,3587
105,143,3588
101,145,3589
91,146,3590
83,144,3591
76,139,3592
70,133,3593
67,128,3594
67,129,3595
63,112,3596
63,103,3597
66,92,3598
69,86,3599
74,79,3600
78,75,3601
82,72,3602
98,67,3603
106,68,3604
114,70,3605
124,77,3606
131,85,3607
133,88,3608
139,103,3609
140,111,3610
140,124,3611
135,140,3612
134,143,3613
128,152,3614
116,163,3615
104,168,3616
97,169,3617
93,170,3618
74,165,3619
72,164,3620
57,151,3621
53,146,3622
44,122,3623
43,114,3624
43,102,3625
47,85,3626
51,75,3627
61,61,3628
72,52,3629
77,49,3630
95,44,3631
104,44,3632
124,50,3633
132,55,3634
145,68,3635
149,74,3636
156,89,3637
160,108,3638
160,125,3639
156,143,3640
152,153,3641
141,170,3642
133,178,3643
112,190,3644
103,192,3645
93,193,3646
69,188,3647
52,177,3648
40,164,3649
32,151,3650
29,144,3651
23,118,3652
23,97,3653
28,77,3654
38,56,3655
43,49,3656
51,40,3657
75,25,3658
93,21,3659
99,20,3660
127,26,3661
144,36,3662
152,43,3663
170,69,3664
175,81,3665
180,106,3666
180,125,3667
172,159,3668
169,166,3669
155,187,3670
141,200,3671
126,209,3672
100,216,3673
87,216,3674
68,212,3675
54,206,3676
37,193,3677
23,177,3678
7,142,3679
3,121,3680
3,99,3681
10,66,3682
11,63,3683
95,115,3684
94,116,3685
91,113,3686
90,113,3687
90,111,3688
90,108,3689
92,103,3690
93,102,3691
96,100,3692
98,99,3693
100,99,3694
104,100,3695
106,101,3696
110,106,3697
111,108,3698
112,118,3699
113,116,3700
111,124,3701
110,127,3702
107,131,3703
102,135,3704
105,134,3705
95,137,3706
87,136,3707
83,134,3708
81,133,3709
75,126,3710
72,120,3711
71,112,3712
70,111,3713
71,102,3714
76,90,3715
76,89,3716
80,84,3717
90,78,3718
94,77,3719
99,76,3720
106,77,3721
117,82,3722
122,87,3723
126,92,3724
129,97,3725
132,112,3726
133,116,3727
132,125,3728
130,133,3729
123,145,3730
115,153,3731
107,158,3732
98,160,3733
93,161,3734
80,158,3735
71,153,3736
65,148,3737
61,143,3738
53,126,3739
51,115,3740
50,111,3741
53,91,3742
57,81,3743
64,70,3744
70,64,3745
86,55,3746
85,55,3747
103,53,3748
119,57,3749
124,60,3750
136,70,3751
140,75,3752
147,87,3753
152,122,3754
152,126,3755
151,133,3756
147,145,3757
141,157,3758
126,173,3759
110,181,3760
103,183,3761
95,184,3762
79,182,3763
58,171,3764
52,166,3765
45,157,3766
35,138,3767
31,116,3768
30,109,3769
34,83,3770
39,70,3771
44,61,3772
54,49,3773
68,38,3774
82,32,3775
100,29,3776
121,33,3777
139,43,3778
144,47,3779
161,69,3780
165,77,3781
172,107,3782
173,116,3783
172,130,3784
161,164,3785
160,166,3786
153,177,3787
130,197,3788
118,203,3789
86,207,3790
69,203,3791
68,203,3792
36,180,3793
25,165,3794
15,142,3795
12,128,3796
10,107,3797
13,83,3798
20,62,3799
33,40,3800
42,30,3801
61,16,3802
69,12,3803
97,6,3804
125,10,3805
135,14,3806
151,24,3807
170,44,3808
180,60,3809
189,85,3810
96,110,3811
96,109,3812
100,108,3813
101,107,3814
102,107,3815
104,111,3816
105,114,3817
106,116,3818
104,121,3819
103,123,3820
103,124,3821
97,128,3822
96,128,3823
93,129,3824
88,127,3825
85,126,3826
81,120,3827
80,118,3828
78,112,3829
78,108,3830
80,99,3831
78,102,3832
84,93,3833
89,88,3834
94,86,3835
96,85,3836
101,85,3837
106,86,3838
114,91,3839
115,91,3840
122,101,3841
124,109,3842
125,114,3843
125,120,3844
120,135,3845
122,132,3846
114,143,3847
107,148,3848
106,149,3849
101,151,3850
88,151,3851
81,149,3852
68,138,3853
66,136,3854
62,129,3855
59,121,3856
58,111,3857
60,95,3858
60,94,3859
68,78,3860
76,70,3861
82,66,3862
95,62,3863
103,62,3864
113,64,3865
117,66,3866
127,73,3867
134,80,3868
142,97,3869
143,100,3870
145,113,3871
144,129,3872
142,136,3873
137,148,3874
129,159,3875
124,164,3876
99,174,3877
96,175,3878
80,173,3879
74,171,3880
56,157,3881
48,146,3882
45,142,3883
40,128,3884
38,105,3885
38,103,3886
48,71,3887
48,70,3888
61,54,3889
75,44,3890
92,39,3891
89,39,3892
119,42,3893
128,46,3894
144,59,3895
155,75,3896
156,76,3897
163,96,3898
165,119,3899
164,131,3900
157,154,3901
153,162,3902
147,171,3903
130,187,3904
114,195,3905
87,198,3906
79,197,3907
70,194,3908
42,174,3909
31,159,3910
30,158,3911
23,142,3912
18,105,3913
19,92,3914
30,60,3915
29,61,3916
50,34,3917
65,24,3918
68,22,3919
95,15,3920
112,16,3921
131,22,3922
154,38,3923
169,57,3924
170,58,3925
183,93,3926
185,111,3927
185,124,3928
178,157,3929
172,171,3930
157,192,3931
132,212,3932
126,215,3933
98,222,3934
83,221,3935
58,214,3936
38,201,3937
98,113,3938
99,116,3939
97,119,3940
98,119,3941
95,120,3942
91,119,3943
90,119,3944
88,117,3945
86,112,3946
85,110,3947
85,109,3948
88,101,3949
85,104,3950
91,97,3951
96,95,3952
98,94,3953
101,94,3954
105,95,3955
111,99,3956
113,101,3957
116,109,3958
116,106,3959
117,119,3960
115,127,3961
115,128,3962
115,129,3963
103,140,3964
103,141,3965
92,142,3966
92,143,3967
84,141,3968
78,137,3969
75,134,3970
71,129,3971
69,126,3972
66,112,3973
66,103,3974
71,89,3975
68,94,3976
73,85,3977
77,80,3978
90,72,3979
98,71,3980
105,71,3981
114,74,3982
115,74,3983
127,85,3984
131,91,3985
135,99,3986
137,112,3987
137,122,3988
136,129,3989
128,147,3990
126,150,3991
113,161,3992
101,165,3993
91,166,3994
89,166,3995
74,161,3996
64,154,3997
62,152,3998
50,133,3999
47,124,4000
46,115,4001
46,99,4002
48,90,4003
59,69,4004
60,67,4005
75,54,4006
79,52,4007
106,48,4008
111,49,4009
121,52,4010
131,58,4011
141,68,4012
152,87,4013
155,96,4014
157,122,4015
157,125,4016
153,143,4017
147,156,4018
139,168,4019
132,175,4020
105,188,4021
97,189,4022
77,187,4023
79,188,4024
63,181,4025
45,165,4026
37,154,4027
30,139,4028
26,115,4029
26,99,4030
32,74,4031
35,67,4032
55,41,4033
61,36,4034
89,25,4035
88,25,4036
111,25,4037
130,31,4038
144,40,4039
152,48,4040
164,64,4041
170,76,4042
177,106,4043
178,116,4044
169,158,4045
170,157,4046
155,182,4047
142,195,4048
122,207,4049
103,212,4050
92,213,4051
72,210,4052
54,202,4053
31,182,4054
20,166,4055
10,142,4056
6,122,4057
7,89,4058
13,67,4059
13,66,4060
32,33,4061
41,24,4062
76,4,4063
79,3,4064
96,113,4065
93,113,4066
93,108,4067
92,107,4068
95,104,4069
96,103,4070
101,103,4071
100,102,4072
105,105,4073
106,106,4074
109,111,4075
108,107,4076
110,113,4077
109,122,4078
106,127,4079
106,128,4080
102,131,4081
98,133,4082
95,134,4083
92,134,4084
85,131,4085
83,131,4086
78,125,4087
75,119,4088
74,114,4089
73,112,4090
74,103,4091
74,100,4092
84,86,4093
83,86,4094
87,83,4095
96,80,4096
104,80,4097
105,80,4098
113,83,4099
122,92,4100
124,95,4101
128,104,4102
129,107,4103
130,115,4104
128,129,4105
126,134,4106
120,144,4107
112,151,4108
113,151,4109
99,157,4110
85,156,4111
76,152,4112
72,150,4113
67,145,4114
59,134,4115
58,132,4116
54,117,4117
53,107,4118
55,94,4119
63,77,4120
67,72,4121
68,70,4122
82,60,4123
105,57,4124
101,56,4125
112,58,4126
126,65,4127
133,71,4128
139,79,4129
147,96,4130
149,122,4131
150,118,4132
145,142,4133
141,150,4134
133,162,4135
129,166,4136
118,174,4137
101,180,4138
93,181,4139
72,176,4140
61,169,4141
54,163,4142
43,148,4143
38,137,4144
34,120,4145
33,106,4146
36,86,4147
45,66,4148
59,49,4149
65,44,4150
75,38,4151
93,33,4152
110,34,4153
116,35,4154
125,38,4155
148,56,4156
155,65,4157
163,80,4158
169,103,4159
170,119,4160
168,136,4161
152,172,4162
148,177,4163
144,182,4164
124,197,4165
113,201,4166
94,204,4167
81,203,4168
61,196,4169
43,183,4170
34,173,4171
17,138,4172
16,135,4173
13,106,4174
19,73,4175
27,55,4176
34,44,4177
53,25,4178
66,17,4179
84,11,4180
88,10,4181
126,14,4182
142,22,4183
163,40,4184
167,45,4185
182,72,4186
189,101,4187
190,111,4188
184,154,4189
182,160,4190
170,184,4191
97,111,4192
99,110,4193
101,111,4194
102,111,4195
103,115,4196
103,117,4197
101,121,4198
98,124,4199
96,125,4200
94,125,4201
91,125,4202
87,123,4203
84,120,4204
83,118,4205
81,112,4206
81,108,4207
81,106,4208
84,98,4209
86,95,4210
88,93,4211
96,89,4212
94,89,4213
100,88,4214
105,89,4215
112,93,4216
116,97,4217
118,100,4218
120,104,4219
122,115,4220
122,120,4221
121,125,4222
115,137,4223
114,139,4224
108,144,4225
97,148,4226
92,148,4227
90,148,4228
79,144,4229
73,140,4230
69,135,4231
66,130,4232
62,120,4233
61,110,4234
61,104,4235
65,89,4236
68,83,4237
75,75,4238
86,68,4239
91,66,4240
101,65,4241
108,66,4242
116,69,4243
128,78,4244
132,83,4245
138,94,4246
142,113,4247
142,115,4248
142,122,4249
135,145,4250
127,156,4251
123,160,4252
115,166,4253
108,169,4254
94,172,4255
86,171,4256
73,167,4257
58,155,4258
53,149,4259
45,134,4260
42,123,4261
41,107,4262
43,91,4263
47,79,4264
51,71,4265
60,59,4266
73,49,4267
85,44,4268
103,42,4269
118,45,4270
130,51,4271
140,59,4272
150,72,4273
156,84,4274
160,96,4275
162,119,4276
159,140,4277
157,146,4278
153,156,4279
137,177,4280
130,183,4281
109,193,4282
91,195,4283
82,194,4284
69,190,4285
44,172,4286
43,171,4287
30,151,4288
25,138,4289
21,106,4290
22,93,4291
30,66,4292
35,57,4293
48,40,4294
58,32,4295
72,24,4296
98,18,4297
115,20,4298
132,26,4299
142,32,4300
165,56,4301
169,63,4302
178,85,4303
182,121,4304
180,139,4305
172,164,4306
170,168,4307
149,196,4308
143,201,4309
113,216,4310
86,218,4311
85,218,4312
54,208,4313
36,195,4314
31,190,4315
16,169,4316
5,142,4317
1,101,4318
97,115,4319
95,117,4320
94,117,4321
93,118,4322
90,115,4323
89,111,4324
88,109,4325
88,108,4326
90,103,4327
92,100,4328
91,100,4329
98,98,4330
101,97,4331
104,98,4332
108,101,4333
110,102,4334
112,106,4335
114,112,4336
114,119,4337
114,121,4338
112,127,4339
111,130,4340
108,133,4341
102,137,4342
96,139,4343
95,140,4344
84,137,4345
82,136,4346
76,130,4347
73,127,4348
71,123,4349
69,106,4350
68,109,4351
69,102,4352
73,91,4353
78,84,4354
81,81,4355
90,76,4356
91,75,4357
107,75,4358
110,76,4359
118,80,4360
126,89,4361
130,96,4362
133,103,4363
134,108,4364
134,125,4365
131,134,4366
125,146,4367
122,150,4368
111,158,4369
107,160,4370
102,162,4371
82,161,4372
75,158,4373
62,147,4374
59,143,4375
59,144,4376
49,116,4377
49,106,4378
49,99,4379
53,85,4380
57,77,4381
68,63,4382
69,62,4383
82,54,4384
98,51,4385
111,52,4386
117,54,4387
122,56,4388
147,84,4389
148,86,4390
153,100,4391
154,107,4392
154,128,4393
151,140,4394
142,158,4395
138,164,4396
120,179,4397
108,184,4398
96,186,4399
82,185,4400
73,182,4401
57,173,4402
45,160,4403
38,149,4404
33,138,4405
29,119,4406
29,98,4407
35,75,4408
38,68,4409
54,46,4410
63,39,4411
71,34,4412
84,29,4413
110,28,4414
119,30,4415
138,40,4416
156,58,4417
165,73,4418
171,88,4419
174,105,4420
173,135,4421
173,136,4422
163,164,4423
158,173,4424
141,192,4425
111,207,4426
103,209,4427
84,209,4428
66,204,4429
42,189,4430
31,177,4431
17,153,4432
17,154,4433
9,119,4434
9,96,4435
14,72,4436
18,62,4437
27,45,4438
54,18,4439
74,8,4440
93,4,4441
114,5,4442
137,13,4443
146,18,4444
168,38,4445
95,111,4446
95,108,4447
97,107,4448
96,106,4449
100,105,4450
103,107,4451
105,109,4452
106,111,4453
107,114,4454
107,117,4455
107,119,4456
104,125,4457
104,126,4458
99,129,4459
94,130,4460
93,131,4461
86,128,4462
84,127,4463
80,122,4464
80,123,4465
77,113,4466
76,114,4467
77,103,4468
80,95,4469
81,93,4470
83,90,4471
91,85,4472
92,84,4473
107,85,4474
105,83,4475
111,86,4476
119,93,4477
121,96,4478
124,101,4479
126,108,4480
127,118,4481
124,131,4482
118,141,4483
118,142,4484
116,144,4485
104,152,4486
98,153,4487
88,153,4488
83,152,4489
75,148,4490
72,146,4491
60,128,4492
59,126,4493
57,121,4494
56,110,4495
58,95,4496
62,84,4497
73,70,4498
76,67,4499
86,62,4500
97,60,4501
110,61,4502
116,63,4503
128,71,4504
132,75,4505
141,89,4506
145,100,4507
146,105,4508
147,114,4509
144,136,4510
142,142,4511
127,163,4512
123,167,4513
115,172,4514
104,176,4515
85,176,4516
69,170,4517
71,172,4518
55,160,4519
47,149,4520
42,139,4521
37,100,4522
36,110,4523
39,87,4524
43,76,4525
58,54,4526
62,50,4527
74,42,4528
93,37,4529
109,37,4530
120,40,4531
135,48,4532
141,53,4533
158,77,4534
163,89,4535
165,96,4536
167,118,4537
165,135,4538
162,147,4539
146,175,4540
136,185,4541
120,195,4542
99,200,4543
87,200,4544
63,193,4545
59,191,4546
42,178,4547
25,151,4548
26,154,4549
19,135,4550
16,106,4551
18,87,4552
29,58,4553
36,46,4554
44,37,4555
70,19,4556
82,15,4557
102,13,4558
127,18,4559
130,19,4560
154,35,4561
175,64,4562
176,66,4563
184,89,4564
187,121,4565
181,154,4566
171,176,4567
172,175,4568
163,189,4569
136,212,4570
118,220,4571
91,224,4572
98,112,4573
100,113,4574
100,116,4575
100,119,4576
97,121,4577
95,122,4578
94,122,4579
90,121,4580
87,118,4581
85,115,4582
86,119,4583
84,108,4584
83,110,4585
85,102,4586
87,99,4587
89,96,4588
94,93,4589
97,92,4590
101,92,4591
103,92,4592
113,99,4593
111,96,4594
114,99,4595
118,108,4596
119,114,4597
120,116,4598
115,131,4599
116,131,4600
111,137,4601
108,140,4602
100,144,4603
93,145,4604
87,144,4605
84,143,4606
77,139,4607
71,132,4608
67,125,4609
64,113,4610
64,105,4611
64,104,4612
66,95,4613
73,82,4614
82,74,4615
85,72,4616
93,69,4617
98,68,4618
109,70,4619
122,77,4620
124,78,4621
133,91,4622
136,97,4623
138,104,4624
139,119,4625
139,124,4626
136,136,4627
121,157,4628
119,159,4629
112,164,4630
97,168,4631
92,168,4632
80,166,4633
68,160,4634
60,153,4635
52,142,4636
46,126,4637
45,123,4638
46,93,4639
46,90,4640
49,82,4641
62,62,4642
65,59,4643
81,49,4644
83,48,4645
102,45,4646
117,48,4647
130,55,4648
139,63,4649
145,70,4650
155,90,4651
159,109,4652
159,119,4653
158,132,4654
152,151,4655
144,164,4656
128,180,4657
122,184,4658
107,190,4659
93,192,4660
69,186,4661
68,186,4662
50,174,4663
38,159,4664
30,143,4665
25,125,4666
24,103,4667
25,92,4668
31,71,4669
45,49,4670
61,34,4671
69,29,4672
75,26,4673
95,22,4674
113,23,4675
136,32,4676
142,36,4677
161,56,4678
171,74,4679
176,89,4680
179,125,4681
179,127,4682
168,165,4683
161,177,4684
144,196,4685
131,205,4686
118,211,4687
106,214,4688
69,211,4689
59,207,4690
32,186,4691
25,178,4692
13,156,4693
8,142,4694
4,101,4695
5,89,4696
15,57,4697
22,44,4698
39,23,4699
94,114,4700
93,114,4701
91,112,4702
90,112,4703
91,107,4704
92,105,4705
95,102,4706
96,101,4707
101,101,4708
100,100,4709
103,101,4710
108,105,4711
109,106,4712
111,111,4713
111,119,4714
111,120,4715
111,122,4716
107,129,4717
104,132,4718
99,135,4719
91,135,4720
95,136,4721
87,135,4722
82,132,4723
79,129,4724
77,127,4725
73,119,4726
72,115,4727
73,100,4728
72,102,4729
77,90,4730
84,83,4731
81,85,4732
90,79,4733
94,78,4734
105,78,4735
111,80,4736
117,84,4737
124,91,4738
127,96,4739
131,109,4740
131,121,4741
131,124,4742
127,136,4743
128,135,4744
117,150,4745
110,155,4746
105,157,4747
97,159,4748
81,157,4749
78,156,4750
69,150,4751
65,146,4752
58,136,4753
53,123,4754
52,104,4755
54,92,4756
56,85,4757
64,72,4758
75,62,4759
76,61,4760
84,57,4761
102,54,4762
103,54,4763
120,59,4764
129,65,4765
143,82,4766
144,84,4767
151,107,4768
151,123,4769
151,125,4770
145,147,4771
137,160,4772
133,165,4773
119,176,4774
106,181,4775
88,182,4776
81,181,4777
74,179,4778
64,174,4779
47,158,4780
37,140,4781
36,137,4782
32,101,4783
33,92,4784
39,73,4785
42,67,4786
51,54,4787
64,42,4788
87,32,4789
94,31,4790
112,32,4791
129,38,4792
137,43,4793
150,55,4794
165,80,4795
169,93,4796
171,124,4797
168,143,4798
164,155,4799
157,169,4800
145,184,4801
134,193,4802
114,203,4803
98,206,4804
81,205,4805
57,196,4806
46,188,4807
40,183,4808
22,157,4809
15,138,4810
12,121,4811
13,89,4812
18,70,4813
23,58,4814
39,35,4815
46,28,4816
79,10,4817
90,8,4818
101,7,4819
136,16,4820
155,29,4821
161,35,4822
177,57,4823
187,82,4824
190,95,4825
192,116,4826
96,111,4827
98,108,4828
100,109,4829
101,108,4830
103,110,4831
104,117,4832
104,118,4833
104,119,4834
101,124,4835
98,126,4836
97,127,4837
94,127,4838
93,128,4839
87,125,4840
83,121,4841
83,122,4842
80,114,4843
79,111,4844
80,103,4845
81,99,4846
83,96,4847
82,96,4848
92,88,4849
95,87,4850
100,86,4851
105,87,4852
108,88,4853
116,94,4854
121,103,4855
121,101,4856
123,107,4857
124,117,4858
123,125,4859
122,129,4860
115,140,4861
110,145,4862
101,149,4863
96,150,4864
93,151,4865
80,147,4866
78,146,4867
69,138,4868
62,125,4869
60,118,4870
59,113,4871
59,107,4872
60,98,4873
67,82,4874
71,76,4875
78,70,4876
83,67,4877
96,63,4878
108,64,4879
109,64,4880
120,69,4881
134,83,4882
139,92,4883
141,97,4884
144,113,4885
143,125,4886
143,128,4887
140,139,4888
125,161,4889
124,162,4890
106,172,4891
102,173,4892
87,173,4893
71,168,4894
61,161,4895
54,154,4896
44,135,4897
42,129,4898
39,114,4899
40,97,4900
44,81,4901
47,74,4902
59,58,4903
59,57,4904
84,42,4905
93,40,4906
105,40,4907
119,43,4908
132,50,4909
147,64,4910
157,82,4911
159,87,4912
164,111,4913
163,130,4914
160,143,4915
152,161,4916
142,175,4917
132,184,4918
109,195,4919
110,195,4920
82,196,4921
68,192,4922
53,183,4923
45,176,4924
27,148,4925
21,129,4926
20,125,4927
19,105,4928
23,80,4929
28,66,4930
43,43,4931
54,32,4932
65,25,4933
92,17,4934
97,16,4935
123,20,4936
145,32,4937
149,35,4938
173,67,4939
179,82,4940
179,81,4941
183,132,4942
180,147,4943
174,164,4944
163,183,4945
152,196,4946
127,213,4947
109,219,4948
105,220,4949
73,218,4950
47,206,4951
34,196,4952
18,176,4953
98,114,4954
98,116,4955
96,118,4956
95,119,4957
92,119,4958
89,117,4959
88,114,4960
87,112,4961
87,107,4962
87,106,4963
87,104,4964
90,100,4965
97,96,4966
90,98,4967
103,96,4968
101,95,4969
108,98,4970
111,101,4971
114,106,4972
115,107,4973
116,118,4974
117,115,4975
115,124,4976
113,129,4977
106,137,4978
107,137,4979
97,141,4980
100,141,4981
87,140,4982
87,141,4983
77,135,4984
74,131,4985
70,124,4986
68,120,4987
67,106,4988
68,98,4989
70,93,4990
76,84,4991
74,85,4992
89,74,4993
88,74,4994
98,72,4995
107,73,4996
115,76,4997
122,81,4998
129,89,4999
135,105,5000
136,112,5001
136,120,5002
135,129,5003
132,137,5004
125,149,5005
118,156,5006
114,159,5007
101,164,5008
86,164,5009
77,161,5010
76,161,5011
58,145,5012
54,139,5013
50,129,5014
47,117,5015
47,106,5016
48,94,5017
52,82,5018
58,71,5019
75,56,5020
74,56,5021
93,49,5022
107,49,5023
125,56,5024
134,63,5025
134,62,5026
145,75,5027
154,97,5028
156,108,5029
156,119,5030
154,136,5031
149,150,5032
144,159,5033
134,171,5034
126,178,5035
109,186,5036
95,188,5037
75,185,5038
61,178,5039
47,166,5040
39,155,5041
30,133,5042
28,125,5043
27,102,5044
28,92,5045
35,70,5046
45,53,5047
58,40,5048
62,37,5049
88,26,5050
110,26,5051
118,28,5052
140,39,5053
149,46,5054
161,61,5055
171,83,5056
171,82,5057
176,123,5058
175,135,5059
173,144,5060
154,181,5061
139,196,5062
128,203,5063
102,211,5064
103,211,5065
75,209,5066
57,202,5067
42,192,5068
23,169,5069
15,153,5070
8,127,5071
8,91,5072
8,88,5073
22,50,5074
25,45,5075
32,35,5076
47,20,5077
71,7,5078
104,2,5079
126,6,5080
95,113,5081
93,111,5082
94,107,5083
94,106,5084
96,104,5085
100,104,5086
102,104,5087
104,106,5088
106,108,5089
108,111,5090
109,112,5091
108,120,5092
109,120,5093
107,124,5094
104,128,5095
100,131,5096
97,132,5097
93,133,5098
90,132,5099
86,131,5100
79,124,5101
81,128,5102
76,119,5103
75,107,5104
74,109,5105
74,106,5106
78,95,5107
81,90,5108
91,83,5109
89,83,5110
97,81,5111
102,81,5112
113,85,5113
115,86,5114
118,88,5115
124,97,5116
127,105,5117
128,122,5118
128,125,5119
125,134,5120
120,142,5121
116,147,5122
108,152,5123
103,154,5124
97,156,5125
90,156,5126
75,150,5127
67,143,5128
67,144,5129
58,128,5130
55,117,5131
54,110,5132
55,100,5133
56,94,5134
62,80,5135
77,65,5136
84,61,5137
82,61,5138
103,58,5139
116,61,5140
117,61,5141
129,69,5142
137,78,5143
144,91,5144
146,97,5145
148,104,5146
146,134,5147
146,136,5148
137,155,5149
128,165,5150
113,175,5151
107,177,5152
90,179,5153
87,179,5154
67,172,5155
59,166,5156
45,149,5157
39,136,5158
37,130,5159
34,109,5160
36,93,5161
38,83,5162
42,73,5163
66,45,5164
77,39,5165
90,35,5166
96,34,5167
115,36,5168
135,46,5169
133,44,5170
146,55,5171
162,81,5172
168,105,5173
168,102,5174
166,139,5175
166,140,5176
157,163,5177
135,188,5178
117,198,5179
115,199,5180
104,202,5181
93,203,5182
54,190,5183
58,193,5184
37,175,5185
24,154,5186
16,129,5187
15,121,5188
14,109,5189
21,70,5190
30,52,5191
38,41,5192
60,22,5193
81,13,5194
85,12,5195
114,12,5196
132,18,5197
146,26,5198
169,50,5199
172,54,5200
186,90,5201
188,101,5202
189,116,5203
188,133,5204
177,169,5205
164,190,5206
143,210,5207
99,111,5208
101,112,5209
101,115,5210
102,115,5211
102,117,5212
100,121,5213
99,122,5214
95,124,5215
93,124,5216
89,122,5217
87,122,5218
85,119,5219
83,116,5220
82,112,5221
83,104,5222
83,103,5223
85,98,5224
89,94,5225
90,93,5226
95,90,5227
104,91,5228
104,90,5229
107,91,5230
113,95,5231
118,103,5232
118,102,5233
121,113,5234
121,115,5235
118,129,5236
119,128,5237
113,138,5238
107,143,5239
103,145,5240
101,146,5241
93,147,5242
84,145,5243
77,141,5244
74,139,5245
67,130,5246
63,117,5247
63,119,5248
63,100,5249
64,95,5250
68,86,5251
72,80,5252
78,74,5253
89,68,5254
103,67,5255
99,66,5256
110,68,5257
119,72,5258
128,80,5259
132,85,5260
140,105,5261
141,111,5262
138,134,5263
138,135,5264
132,148,5265
129,152,5266
120,161,5267
103,169,5268
99,170,5269
88,170,5270
74,166,5271
65,160,5272
55,150,5273
47,135,5274
43,121,5275
42,114,5276
43,98,5277
45,88,5278
53,70,5279
60,61,5280
72,51,5281
82,46,5282
96,43,5283
113,45,5284
129,52,5285
137,58,5286
140,61,5287
148,71,5288
159,97,5289
160,102,5290
160,129,5291
157,142,5292
153,153,5293
141,171,5294
128,183,5295
121,187,5296
101,193,5297
93,194,5298
68,188,5299
60,184,5300
39,164,5301
37,161,5302
26,137,5303
24,130,5304
24,90,5305
25,84,5306
37,56,5307
46,44,5308
60,32,5309
82,22,5310
91,20,5311
107,20,5312
129,26,5313
138,31,5314
153,43,5315
169,65,5316
173,74,5317
180,100,5318
181,119,5319
178,143,5320
172,161,5321
155,188,5322
141,201,5323
121,212,5324
99,217,5325
93,217,5326
74,215,5327
44,200,5328
39,196,5329
14,163,5330
8,148,5331
3,126,5332
2,105,5333
5,80,5334
97,114,5335
95,116,5336
93,116,5337
91,116,5338
90,114,5339
89,109,5340
90,106,5341
90,104,5342
95,100,5343
94,100,5344
97,98,5345
103,99,5346
102,98,5347
108,102,5348
111,107,5349
112,107,5350
113,113,5351
113,120,5352
112,124,5353
111,127,5354
106,133,5355
106,134,5356
99,137,5357
93,138,5358
92,138,5359
86,137,5360
79,132,5361
74,126,5362
71,117,5363
70,115,5364
70,106,5365
71,99,5366
73,93,5367
75,89,5368
82,82,5369
86,79,5370
95,76,5371
105,76,5372
107,76,5373
118,82,5374
124,88,5375
125,89,5376
132,106,5377
133,112,5378
134,115,5379
133,124,5380
128,139,5381
123,146,5382
119,151,5383
108,158,5384
103,160,5385
88,161,5386
78,158,5387
74,156,5388
65,149,5389
56,136,5390
51,121,5391
50,117,5392
50,103,5393
55,84,5394
54,85,5395
60,74,5396
69,64,5397
83,55,5398
86,54,5399
102,52,5400
120,57,5401
126,60,5402
136,69,5403
139,72,5404
150,95,5405
153,112,5406
153,125,5407
152,131,5408
150,140,5409
141,158,5410
119,178,5411
123,176,5412
102,184,5413
93,185,5414
69,179,5415
65,177,5416
48,162,5417
39,149,5418
34,136,5419
31,124,5420
30,99,5421
32,88,5422
39,68,5423
53,49,5424
65,39,5425
72,35,5426
92,29,5427
89,29,5428
120,32,5429
128,35,5430
146,48,5431
163,71,5432
168,84,5433
171,94,5434
173,103,5435
172,134,5436
168,150,5437
162,164,5438
133,196,5439
135,195,5440
123,202,5441
95,208,5442
79,207,5443
58,199,5444
31,175,5445
30,174,5446
14,140,5447
13,137,5448
10,121,5449
12,84,5450
21,58,5451
23,54,5452
41,30,5453
61,15,5454
83,7,5455
87,6,5456
117,7,5457
130,11,5458
160,31,5459
177,53,5460
182,63,5461
95,110,5462
96,108,5463
99,107,5464
98,106,5465
100,106,5466
103,108,5467
105,112,5468
106,114,5469
105,120,5470
105,121,5471
104,124,5472
102,126,5473
100,128,5474
95,129,5475
89,128,5476
87,128,5477
83,124,5478
80,120,5479
78,114,5480
78,116,5481
77,109,5482
77,104,5483
83,93,5484
81,95,5485
85,90,5486
91,86,5487
98,84,5488
100,84,5489
114,90,5490
113,88,5491
116,91,5492
122,100,5493
124,105,5494
126,113,5495
125,124,5496
124,129,5497
118,139,5498
110,147,5499
111,147,5500
99,152,5501
91,152,5502
84,151,5503
78,148,5504
69,141,5505
65,136,5506
61,129,5507
58,116,5508
57,109,5509
59,95,5510
61,89,5511
68,77,5512
76,69,5513
82,65,5514
84,64,5515
102,61,5516
112,63,5517
122,68,5518
125,70,5519
135,81,5520
139,87,5521
144,102,5522
146,114,5523
142,138,5524
142,139,5525
134,154,5526
130,159,5527
113,171,5528
102,175,5529
95,176,5530
77,173,5531
62,164,5532
49,149,5533
54,157,5534
43,139,5535
39,125,5536
37,111,5537
40,89,5538
42,81,5539
55,59,5540
62,52,5541
72,45,5542
80,41,5543
106,38,5544
113,39,5545
126,44,5546
141,55,5547
147,61,5548
154,71,5549
165,106,5550
166,119,5551
164,134,5552
162,143,5553
147,172,5554
143,177,5555
121,193,5556
119,194,5557
98,199,5558
77,197,5559
64,192,5560
41,174,5561
45,179,5562
28,156,5563
18,121,5564
17,113,5565
18,96,5566
25,68,5567
31,56,5568
45,38,5569
59,26,5570
76,18,5571
102,14,5572
116,16,5573
138,25,5574
153,36,5575
165,49,5576
174,64,5577
185,103,5578
184,94,5579
181,150,5580
179,157,5581
166,182,5582
149,201,5583
139,209,5584
118,219,5585
101,222,5586
83,222,5587
66,218,5588
99,113,5589
100,115,5590
98,118,5591
99,119,5592
96,121,5593
91,120,5594
90,120,5595
88,118,5596
86,114,5597
85,112,5598
84,112,5599
86,103,5600
84,107,5601
89,98,5602
93,95,5603
95,94,5604
99,93,5605
101,93,5606
108,96,5607
110,97,5608
115,104,5609
116,105,5610
118,112,5611
118,117,5612
118,120,5613
116,128,5614
110,136,5615
111,136,5616
100,142,5617
97,143,5618
94,144,5619
85,142,5620
77,137,5621
75,136,5622
68,125,5623
66,117,5624
65,112,5625
66,100,5626
66,98,5627
71,87,5628
77,79,5629
84,74,5630
93,71,5631
97,70,5632
104,70,5633
112,72,5634
121,78,5635
130,88,5636
130,87,5637
136,102,5638
138,113,5639
137,127,5640
135,135,5641
131,144,5642
125,152,5643
107,164,5644
105,165,5645
103,166,5646
82,165,5647
76,163,5648
69,159,5649
60,151,5650
54,143,5651
47,126,5652
45,113,5653
45,103,5654
53,77,5655
56,71,5656
59,67,5657
72,55,5658
88,48,5659
102,47,5660
109,47,5661
121,51,5662
132,58,5663
142,68,5664
148,77,5665
155,94,5666
158,112,5667
158,121,5668
154,142,5669
147,158,5670
146,160,5671
121,183,5672
104,189,5673
97,190,5674
77,188,5675
69,185,5676
54,175,5677
47,169,5678
36,154,5679
27,128,5680
25,115,5681
25,102,5682
31,75,5683
31,74,5684
44,51,5685
73,29,5686
90,24,5687
97,23,5688
116,25,5689
128,29,5690
147,42,5691
143,38,5692
166,66,5693
174,86,5694
178,108,5695
177,131,5696
177,134,5697
171,156,5698
155,183,5699
142,196,5700
124,207,5701
102,213,5702
94,214,5703
73,211,5704
47,198,5705
29,181,5706
22,171,5707
14,156,5708
5,116,5709
7,86,5710
8,80,5711
11,69,5712
34,30,5713
50,16,5714
70,5,5715
95,114,5716
92,112,5717
92,110,5718
91,109,5719
93,105,5720
94,104,5721
97,102,5722
101,102,5723
103,103,5724
105,104,5725
107,105,5726
109,109,5727
110,110,5728
111,116,5729
109,123,5730
109,124,5731
106,129,5732
100,133,5733
98,134,5734
96,135,5735
88,133,5736
87,134,5737
82,131,5738
77,125,5739
74,117,5740
74,119,5741
73,106,5742
73,102,5743
79,90,5744
79,89,5745
83,85,5746
90,81,5747
96,79,5748
103,79,5749
104,79,5750
115,84,5751
119,87,5752
125,95,5753
126,96,5754
130,111,5755
130,123,5756
129,127,5757
126,136,5758
117,148,5759
118,148,5760
105,156,5761
102,157,5762
83,156,5763
84,157,5764
70,149,5765
64,143,5766
61,139,5767
54,122,5768
53,116,5769
52,109,5770
57,87,5771
59,82,5772
67,70,5773
68,69,5774
83,59,5775
93,56,5776
100,55,5777
112,57,5778
126,64,5779
137,75,5780
143,84,5781
148,98,5782
150,108,5783
150,124,5784
147,138,5785
144,146,5786
134,162,5787
124,171,5788
118,175,5789
100,181,5790
87,181,5791
67,174,5792
56,166,5793
53,163,5794
41,146,5795
36,133,5796
33,119,5797
33,98,5798
40,74,5799
48,60,5800
51,56,5801
68,41,5802
78,36,5803
84,34,5804
98,32,5805
116,34,5806
140,47,5807
151,58,5808
159,70,5809
167,90,5810
170,105,5811
171,115,5812
166,145,5813
164,152,5814
145,182,5815
140,187,5816
123,198,5817
108,203,5818
91,205,5819
74,202,5820
56,194,5821
44,185,5822
25,160,5823
17,141,5824
15,133,5825
13,97,5826
19,71,5827
20,68,5828
37,39,5829
53,24,5830
74,13,5831
77,12,5832
108,9,5833
128,14,5834
141,20,5835
162,38,5836
171,49,5837
185,79,5838
186,82,5839
190,127,5840
189,136,5841
184,157,5842
97,110,5843
99,109,5844
102,112,5845
103,112,5846
103,114,5847
103,118,5848
102,121,5849
101,122,5850
99,124,5851
95,126,5852
94,126,5853
89,125,5854
88,125,5855
85,122,5856
82,117,5857
81,115,5858
80,109,5859
80,107,5860
82,100,5861
85,95,5862
88,92,5863
88,91,5864
98,88,5865
104,88,5866
109,90,5867
112,92,5868
116,96,5869
120,102,5870
122,111,5871
123,113,5872
121,127,5873
119,132,5874
119,133,5875
114,140,5876
109,144,5877
101,148,5878
92,149,5879
86,148,5880
79,145,5881
77,144,5882
69,136,5883
66,132,5884
61,114,5885
60,110,5886
61,100,5887
64,89,5888
71,78,5889
74,75,5890
80,70,5891
93,65,5892
99,64,5893
107,65,5894
116,68,5895
126,75,5896
133,83,5897
141,102,5898
142,107,5899
143,114,5900
142,126,5901
135,146,5902
129,155,5903
127,158,5904
116,166,5905
105,171,5906
88,172,5907
76,169,5908
61,159,5909
56,154,5910
55,153,5911
45,136,5912
41,116,5913
40,109,5914
41,97,5915
45,82,5916
50,71,5917
61,57,5918
80,45,5919
88,42,5920
102,41,5921
110,42,5922
134,53,5923
142,60,5924
153,76,5925
157,84,5926
162,107,5927
163,118,5928
160,139,5929
152,159,5930
149,164,5931
137,178,5932
127,186,5933
103,195,5934
95,196,5935
78,194,5936
58,185,5937
50,179,5938
33,158,5939
27,146,5940
21,120,5941
20,111,5942
21,94,5943
28,69,5944
41,47,5945
48,39,5946
68,25,5947
72,23,5948
92,18,5949
114,19,5950
134,26,5951
147,35,5952
165,55,5953
171,65,5954
180,91,5955
183,113,5956
181,138,5957
178,150,5958
167,175,5959
150,196,5960
143,202,5961
116,216,5962
89,219,5963
87,219,5964
60,212,5965
36,196,5966
25,184,5967
15,169,5968
2,131,5969
97,116,5970
96,117,5971
93,117,5972
94,119,5973
91,117,5974
89,115,5975
88,111,5976
87,109,5977
88,106,5978
89,103,5979
90,101,5980
94,98,5981
94,97,5982
100,96,5983
105,98,5984
108,99,5985
111,103,5986
114,109,5987
115,112,5988
115,117,5989
114,124,5990
115,123,5991
112,129,5992
104,137,5993
99,139,5994
98,140,5995
92,140,5996
84,138,5997
76,131,5998
76,132,5999
74,130,6000
69,117,6001
68,112,6002
68,104,6003
70,96,6004
72,91,6005
80,81,6006
88,76,6007
89,75,6008
92,74,6009
109,75,6010
110,75,6011
123,84,6012
124,85,6013
129,92,6014
131,95,6015
135,113,6016
133,130,6017
131,137,6018
129,141,6019
117,155,6020
116,156,6021
104,162,6022
89,163,6023
87,163,6024
72,157,6025
62,148,6026
65,152,6027
54,136,6028
49,121,6029
48,113,6030
48,103,6031
52,86,6032
57,75,6033
68,62,6034
76,56,6035
92,51,6036
103,50,6037
104,50,6038
125,57,6039
139,70,6040
142,74,6041
149,85,6042
151,90,6043
155,121,6044
153,135,6045
150,144,6046
144,157,6047
130,173,6048
120,180,6049
102,186,6050
98,187,6051
80,185,6052
63,178,6053
48,165,6054
39,152,6055
35,145,6056
29,125,6057
28,113,6058
28,102,6059
32,81,6060
41,61,6061
53,46,6062
60,40,6063
71,33,6064
91,27,6065
110,27,6066
135,37,6067
144,44,6068
157,58,6069
161,63,6070
171,86,6071
175,122,6072
174,134,6073
170,149,6074
166,160,6075
153,181,6076
130,200,6077
123,204,6078
107,209,6079
88,210,6080
69,206,6081
47,194,6082
35,183,6083
20,162,6084
13,144,6085
9,126,6086
8,99,6087
16,65,6088
17,62,6089
45,24,6090
51,19,6091
69,9,6092
94,3,6093
111,4,6094
125,7,6095
154,23,6096
94,111,6097
94,109,6098
95,107,6099
95,106,6100
98,104,6101
101,105,6102
103,106,6103
105,108,6104
107,112,6105
108,115,6106
108,116,6107
106,123,6108
107,123,6109
101,129,6110
97,130,6111
96,131,6112
92,131,6113
90,131,6114
82,126,6115
82,127,6116
77,117,6117
76,116,6118
76,105,6119
77,100,6120
77,99,6121
79,94,6122
85,88,6123
90,84,6124
101,83,6125
102,82,6126
109,84,6127
114,87,6128
119,92,6129
121,94,6130
124,99,6131
127,111,6132
127,122,6133
124,132,6134
125,131,6135
121,139,6136
116,145,6137
103,153,6138
96,154,6139
88,154,6140
83,153,6141
80,152,6142
65,139,6143
63,136,6144
58,127,6145
56,104,6146
55,109,6147
58,92,6148
65,78,6149
66,76,6150
78,65,6151
88,61,6152
97,59,6153
105,59,6154
115,62,6155
128,70,6156
132,74,6157
141,87,6158
144,94,6159
147,109,6160
148,116,6161
146,132,6162
131,160,6163
135,156,6164
123,168,6165
112,174,6166
103,177,6167
86,177,6168
83,177,6169
63,168,6170
56,162,6171
45,147,6172
37,125,6173
36,102,6174
36,98,6175
41,79,6176
46,69,6177
53,58,6178
62,49,6179
83,38,6180
105,36,6181
113,37,6182
123,40,6183
132,45,6184
155,70,6185
155,69,6186
158,74,6187
167,107,6188
167,128,6189
165,139,6190
159,156,6191
153,167,6192
142,181,6193
116,197,6194
97,201,6195
81,200,6196
65,195,6197
62,194,6198
33,167,6199
34,169,6200
26,156,6201
16,120,6202
15,107,6203
22,72,6204
27,59,6205
42,38,6206
44,36,6207
66,20,6208
79,15,6209
102,12,6210
118,14,6211
141,24,6212
164,45,6213
167,49,6214
184,86,6215
187,102,6216
188,116,6217
179,161,6218
176,169,6219
173,175,6220
139,211,6221
132,215,6222
121,220,6223
99,112,6224
100,112,6225
100,117,6226
101,118,6227
98,121,6228
97,122,6229
92,122,6230
93,123,6231
89,121,6232
87,119,6233
87,121,6234
84,114,6235
83,112,6236
83,107,6237
85,101,6238
87,97,6239
88,96,6240
92,93,6241
98,91,6242
102,91,6243
108,94,6244
110,94,6245
113,97,6246
117,103,6247
119,110,6248
120,112,6249
119,122,6250
118,128,6251
114,134,6252
110,139,6253
108,141,6254
98,145,6255
94,146,6256
87,145,6257
80,142,6258
74,137,6259
72,135,6260
67,127,6261
65,123,6262
63,107,6263
64,100,6264
66,93,6265
73,81,6266
82,73,6267
85,71,6268
87,70,6269
102,68,6270
114,71,6271
115,71,6272
128,82,6273
133,89,6274
135,93,6275
138,101,6276
140,114,6277
138,132,6278
133,143,6279
127,152,6280
123,157,6281
109,166,6282
100,168,6283
92,169,6284
83,168,6285
73,164,6286
63,157,6287
50,139,6288
47,133,6289
44,118,6290
43,111,6291
45,92,6292
53,73,6293
59,64,6294
70,54,6295
73,52,6296
91,45,6297
101,44,6298
113,46,6299
131,55,6300
145,69,6301
147,72,6302
156,90,6303
158,98,6304
160,113,6305
159,130,6306
151,154,6307
141,169,6308
137,174,6309
118,187,6310
110,190,6311
90,192,6312
71,188,6313
59,182,6314
43,167,6315
42,166,6316
33,152,6317
25,129,6318
23,105,6319
25,88,6320
38,57,6321
43,50,6322
51,41,6323
55,37,6324
87,22,6325
102,21,6326
106,21,6327
134,30,6328
148,40,6329
162,56,6330
168,66,6331
178,94,6332
180,112,6333
179,131,6334
173,155,6335
165,172,6336
158,183,6337
131,206,6338
120,211,6339
92,216,6340
82,215,6341
54,205,6342
50,203,6343
29,184,6344
13,158,6345
8,144,6346
3,115,6347
4,93,6348
16,53,6349
25,38,6350
95,115,6351
93,115,6352
92,114,6353
91,114,6354
90,109,6355
91,105,6356
92,104,6357
95,101,6358
97,100,6359
101,100,6360
102,100,6361
105,101,6362
107,102,6363
111,109,6364
112,112,6365
112,117,6366
112,120,6367
109,127,6368
108,129,6369
104,133,6370
101,135,6371
101,136,6372
94,137,6373
86,135,6374
81,132,6375
77,128,6376
76,127,6377
72,119,6378
71,110,6379
71,104,6380
72,99,6381
77,89,6382
78,87,6383
81,84,6384
91,78,6385
102,77,6386
104,77,6387
117,83,6388
115,81,6389
125,91,6390
130,102,6391
131,104,6392
132,114,6393
131,127,6394
131,128,6395
128,137,6396
118,150,6397
113,154,6398
103,159,6399
95,160,6400
90,160,6401
75,155,6402
65,147,6403
64,146,6404
57,136,6405
53,125,6406
51,110,6407
51,100,6408
54,89,6409
65,70,6410
67,67,6411
82,57,6412
92,54,6413
90,54,6414
115,56,6415
118,57,6416
131,66,6417
138,73,6418
145,84,6419
150,97,6420
152,119,6421
151,130,6422
148,141,6423
138,160,6424
130,169,6425
125,173,6426
99,183,6427
89,183,6428
77,181,6429
68,177,6430
54,167,6431
51,164,6432
40,148,6433
33,130,6434
31,105,6435
32,94,6436
35,81,6437
39,71,6438
50,54,6439
73,36,6440
75,35,6441
96,30,6442
116,32,6443
127,36,6444
143,47,6445
155,60,6446
164,76,6447
169,90,6448
172,112,6449
169,142,6450
164,157,6451
161,163,6452
147,183,6453
131,196,6454
113,204,6455
96,207,6456
77,205,6457
61,199,6458
55,196,6459
33,176,6460
25,164,6461
16,144,6462
11,103,6463
11,99,6464
20,63,6465
25,53,6466
37,36,6467
51,23,6468
76,10,6469
90,7,6470
123,10,6471
129,12,6472
146,21,6473
171,46,6474
182,66,6475
185,73,6476
192,107,6477
96,110,6478
97,108,6479
99,108,6480
100,107,6481
102,108,6482
104,113,6483
105,115,6484
105,117,6485
103,122,6486
101,125,6487
101,126,6488
95,127,6489
95,128,6490
91,128,6491
86,125,6492
83,123,6493
81,119,6494
79,114,6495
78,110,6496
79,104,6497
80,100,6498
80,98,6499
85,92,6500
90,88,6501
96,86,6502
99,85,6503
104,86,6504
111,89,6505
118,96,6506
118,95,6507
122,102,6508
124,113,6509
125,117,6510
124,124,6511
121,132,6512
117,139,6513
112,144,6514
100,150,6515
98,151,6516
90,151,6517
77,146,6518
75,145,6519
65,133,6520
62,127,6521
62,128,6522
59,119,6523
58,109,6524
61,93,6525
64,85,6526
67,80,6527
77,70,6528
83,66,6529
98,62,6530
100,62,6531
114,65,6532
125,72,6533
133,80,6534
136,84,6535
143,102,6536
144,122,6537
145,116,6538
142,135,6539
133,153,6540
131,156,6541
117,168,6542
114,170,6543
91,174,6544
85,174,6545
78,172,6546
62,163,6547
51,150,6548
42,131,6549
42,133,6550
40,126,6551
38,109,6552
40,92,6553
53,64,6554
51,66,6555
68,49,6556
84,41,6557
89,40,6558
106,39,6559
125,45,6560
129,47,6561
151,69,6562
154,74,6563
161,90,6564
164,104,6565
163,134,6566
161,142,6567
154,159,6568
150,166,6569
129,187,6570
124,190,6571
96,198,6572
94,198,6573
66,192,6574
56,186,6575
34,163,6576
32,160,6577
26,149,6578
20,129,6579
19,96,6580
21,84,6581
28,65,6582
40,45,6583
54,31,6584
75,20,6585
89,16,6586
100,15,6587
125,20,6588
150,35,6589
157,42,6590
166,53,6591
178,76,6592
183,96,6593
185,117,6594
178,156,6595
168,177,6596
161,187,6597
145,203,6598
131,212,6599
113,219,6600
84,221,6601
65,216,6602
57,213,6603
30,193,6604
98,113,6605
99,115,6606
97,118,6607
96,120,6608
93,120,6609
90,118,6610
88,116,6611
87,114,6612
86,111,6613
86,107,6614
86,105,6615
89,100,6616
87,101,6617
94,96,6618
98,95,6619
100,94,6620
106,96,6621
108,97,6622
111,100,6623
114,103,6624
116,111,6625
117,111,6626
116,123,6627
115,126,6628
112,132,6629
112,133,6630
102,140,6631
104,140,6632
93,142,6633
88,142,6634
83,140,6635
76,135,6636
73,131,6637
68,122,6638
67,118,6639
66,110,6640
68,96,6641
75,84,6642
70,90,6643
78,80,6644
86,74,6645
93,72,6646
106,72,6647
111,73,6648
113,74,6649
126,84,6650
131,92,6651
134,99,6652
136,104,6653
137,118,6654
134,134,6655
130,143,6656
126,149,6657
122,154,6658
110,162,6659
97,165,6660
83,164,6661
79,163,6662
70,158,6663
60,149,6664
57,145,6665
49,129,6666
48,126,6667
46,112,6668
47,96,6669
50,85,6670
63,65,6671
65,62,6672
80,52,6673
85,50,6674
109,49,6675
116,51,6676
124,54,6677
139,66,6678
145,74,6679
153,91,6680
156,104,6681
157,114,6682
156,130,6683
146,157,6684
142,163,6685
142,164,6686
121,182,6687
102,188,6688
93,189,6689
68,183,6690
62,180,6691
43,162,6692
33,144,6693
34,147,6694
28,130,6695
26,111,6696
30,81,6697
32,75,6698
45,52,6699
58,39,6700
65,34,6701
92,25,6702
108,25,6703
121,28,6704
129,31,6705
148,44,6706
158,56,6707
172,83,6708
175,94,6709
177,112,6710
174,143,6711
163,169,6712
160,175,6713
146,191,6714
136,199,6715
107,211,6716
90,212,6717
71,209,6718
70,209,6719
40,191,6720
20,165,6721
16,157,6722
7,126,6723
6,115,6724
7,92,6725
13,68,6726
22,48,6727
39,26,6728
55,14,6729
82,3,6730
96,1,6731
96,113,6732
93,112,6733
93,109,6734
92,108,6735
94,105,6736
98,103,6737
99,103,6738
103,104,6739
106,107,6740
107,108,6741
107,106,6742
109,115,6743
110,115,6744
109,121,6745
106,126,6746
105,128,6747
99,132,6748
96,133,6749
92,133,6750
89,133,6751
84,131,6752
80,126,6753
79,126,6754
75,117,6755
74,112,6756
73,108,6757
75,100,6758
77,94,6759
82,88,6760
86,84,6761
90,82,6762
99,80,6763
101,80,6764
113,84,6765
115,85,6766
124,96,6767
126,100,6768
129,111,6769
129,120,6770
129,123,6771
126,133,6772
121,142,6773
114,149,6774
108,153,6775
101,156,6776
102,156,6777
81,154,6778
71,148,6779
70,148,6780
59,132,6781
59,133,6782
56,125,6783
54,106,6784
54,99,6785
59,84,6786
67,73,6787
75,65,6788
73,66,6789
89,58,6790
98,57,6791
106,57,6792
122,63,6793
130,69,6794
138,78,6795
145,92,6796
146,94,6797
149,117,6798
149,125,6799
143,146,6800
133,161,6801
126,168,6802
117,174,6803
103,179,6804
96,180,6805
89,180,6806
69,174,6807
57,165,6808
51,159,6809
42,145,6810
35,124,6811
34,104,6812
35,92,6813
38,81,6814
48,62,6815
66,44,6816
77,38,6817
85,35,6818
116,36,6819
101,33,6820
123,38,6821
141,49,6822
150,59,6823
161,77,6824
167,94,6825
169,124,6826
168,134,6827
167,139,6828
149,175,6829
142,183,6830
131,192,6831
125,196,6832
100,203,6833
72,200,6834
64,197,6835
55,192,6836
34,172,6837
29,165,6838
16,132,6839
14,119,6840
14,97,6841
21,69,6842
34,45,6843
36,42,6844
60,21,6845
65,18,6846
95,10,6847
121,13,6848
138,20,6849
162,40,6850
157,34,6851
177,62,6852
186,86,6853
189,125,6854
190,116,6855
179,166,6856
173,178,6857
165,190,6858
97,111,6859
99,110,6860
102,113,6861
103,113,6862
103,116,6863
102,119,6864
100,122,6865
99,123,6866
92,124,6867
91,124,6868
88,123,6869
85,120,6870
84,119,6871
82,114,6872
82,106,6873
82,104,6874
82,103,6875
85,97,6876
89,93,6877
90,92,6878
97,89,6879
98,89,6880
106,90,6881
110,92,6882
115,97,6883
118,101,6884
119,103,6885
121,109,6886
121,122,6887
120,127,6888
118,132,6889
113,139,6890
111,141,6891
107,144,6892
100,147,6893
87,147,6894
84,146,6895
78,143,6896
74,140,6897
67,131,6898
63,121,6899
62,104,6900
62,101,6901
64,93,6902
67,86,6903
77,74,6904
81,71,6905
90,67,6906
95,66,6907
109,67,6908
117,70,6909
124,75,6910
129,80,6911
137,93,6912
139,98,6913
141,122,6914
141,125,6915
137,140,6916
135,144,6917
121,161,6918
117,164,6919
112,167,6920
97,171,6921
89,171,6922
71,165,6923
69,164,6924
51,145,6925
47,137,6926
43,125,6927
42,119,6928
43,93,6929
47,80,6930
55,66,6931
64,56,6932
72,50,6933
83,45,6934
106,43,6935
108,43,6936
124,48,6937
132,53,6938
141,61,6939
153,78,6940
158,91,6941
161,106,6942
161,128,6943
157,145,6944
146,166,6945
143,170,6946
126,185,6947
114,191,6948
101,194,6949
86,194,6950
76,192,6951
53,180,6952
42,169,6953
30,150,6954
24,133,6955
22,120,6956
23,90,6957
25,81,6958
31,65,6959
38,53,6960
50,39,6961
65,28,6962
82,21,6963
106,19,6964
121,22,6965
138,30,6966
154,43,6967
172,70,6968
176,80,6969
180,96,6970
181,131,6971
180,137,6972
169,169,6973
156,188,6974
138,204,6975
118,214,6976
105,217,6977
96,218,6978
66,213,6979
44,201,6980
25,182,6981
20,175,6982
9,153,6983
2,124,6984
1,111,6985
97,115,6986
96,116,6987
92,116,6988
92,117,6989
89,113,6990
89,108,6991
89,107,6992
89,105,6993
92,101,6994
93,100,6995
96,98,6996
101,98,6997
99,97,6998
106,100,6999
110,104,7000
111,104,7001
113,110,7002
114,114,7003
114,117,7004
112,126,7005
111,128,7006
110,131,7007
103,136,7008
98,138,7009
93,139,7010
91,139,7011
85,137,7012
79,133,7013
73,125,7014
72,124,7015
70,119,7016
69,110,7017
69,105,7018
70,99,7019
77,86,7020
82,81,7021
88,77,7022
96,75,7023
99,74,7024
111,77,7025
118,81,7026
122,84,7027
129,95,7028
133,107,7029
132,101,7030
134,119,7031
132,131,7032
126,143,7033
126,144,7034
120,151,7035
108,159,7036
98,162,7037
91,162,7038
78,159,7039
70,154,7040
65,150,7041
57,139,7042
52,129,7043
49,113,7044
51,94,7045
50,96,7046
55,81,7047
60,73,7048
74,59,7049
77,57,7050
86,53,7051
112,53,7052
118,55,7053
131,63,7054
129,61,7055
147,85,7056
153,105,7057
153,102,7058
153,129,7059
152,135,7060
147,149,7061
136,165,7062
132,170,7063
119,179,7064
106,184,7065
86,185,7066
71,181,7067
64,177,7068
51,167,7069
42,155,7070
32,132,7071
30,124,7072
29,105,7073
30,94,7074
42,62,7075
50,51,7076
57,44,7077
75,33,7078
92,28,7079
104,28,7080
117,30,7081
139,41,7082
149,50,7083
164,72,7084
171,91,7085
170,86,7086
174,122,7087
171,142,7088
166,157,7089
151,181,7090
146,187,7091
132,198,7092
103,208,7093
97,209,7094
81,208,7095
52,196,7096
33,179,7097
28,172,7098
13,140,7099
11,133,7100
9,104,7101
14,74,7102
17,65,7103
27,46,7104
38,32,7105
58,16,7106
76,8,7107
101,4,7108
111,5,7109
149,21,7110
164,34,7111
169,40,7112
95,111,7113
95,108,7114
98,107,7115
97,106,7116
99,105,7117
104,108,7118
105,110,7119
106,112,7120
106,118,7121
106,120,7122
106,121,7123
101,127,7124
103,127,7125
98,129,7126
93,130,7127
91,130,7128
85,127,7129
82,124,7130
80,121,7131
79,121,7132
77,111,7133
76,111,7134
78,101,7135
80,96,7136
83,91,7137
86,88,7138
95,84,7139
97,83,7140
112,88,7141
107,84,7142
116,90,7143
120,95,7144
124,103,7145
124,102,7146
126,119,7147
126,124,7148
123,132,7149
118,140,7150
119,140,7151
109,149,7152
105,151,7153
91,153,7154
85,152,7155
78,149,7156
72,145,7157
70,144,7158
59,124,7159
57,115,7160
57,103,7161
57,101,7162
62,85,7163
67,77,7164
71,72,7165
82,64,7166
88,62,7167
100,60,7168
108,61,7169
119,65,7170
132,76,7171
138,84,7172
142,93,7173
144,98,7174
146,121,7175
146,127,7176
143,138,7177
137,151,7178
124,165,7179
114,172,7180
109,174,7181
103,176,7182
76,173,7183
60,163,7184
60,164,7185
50,153,7186
41,135,7187
39,129,7188
37,105,7189
37,99,7190
43,77,7191
54,59,7192
69,46,7193
64,49,7194
75,42,7195
97,37,7196
111,38,7197
131,46,7198
138,51,7199
151,65,7200
164,96,7201
165,99,7202
166,124,7203
166,127,7204
162,145,7205
157,158,7206
141,180,7207
121,194,7208
113,197,7209
92,200,7210
78,198,7211
54,187,7212
45,180,7213
36,170,7214
25,150,7215
18,128,7216
17,99,7217
17,96,7218
21,77,7219
35,49,7220
41,41,7221
63,23,7222
80,16,7223
83,15,7224
130,20,7225
140,25,7226
142,26,7227
169,54,7228
175,65,7229
183,87,7230
186,106,7231
187,116,7232
179,158,7233
170,177,7234
154,198,7235
153,199,7236
113,221,7237
87,223,7238
84,223,7239
98,112,7240
100,114,7241
99,118,7242
100,118,7243
98,120,7244
93,121,7245
91,121,7246
89,120,7247
87,117,7248
85,114,7249
85,116,7250
85,105,7251
83,109,7252
87,100,7253
90,96,7254
93,94,7255
95,93,7256
99,92,7257
106,94,7258
105,93,7259
114,101,7260
112,97,7261
116,103,7262
118,110,7263
119,117,7264
119,120,7265
115,130,7266
114,133,7267
105,141,7268
101,143,7269
98,144,7270
86,143,7271
83,142,7272
81,141,7273
74,136,7274
68,126,7275
65,116,7276
65,118,7277
64,108,7278
66,96,7279
72,84,7280
75,80,7281
83,74,7282
89,71,7283
96,69,7284
104,69,7285
113,72,7286
127,83,7287
126,81,7288
134,94,7289
138,107,7290
139,114,7291
138,126,7292
136,135,7293
130,147,7294
115,161,7295
112,163,7296
111,164,7297
88,167,7298
79,165,7299
76,164,7300
65,157,7301
58,150,7302
51,139,7303
45,119,7304
44,113,7305
50,82,7306
48,85,7307
54,73,7308
71,55,7309
72,54,7310
89,47,7311
95,46,7312
107,46,7313
123,51,7314
141,66,7315
142,67,7316
153,86,7317
157,99,7318
158,103,7319
157,133,7320
157,135,7321
149,156,7322
136,173,7323
126,181,7324
117,186,7325
98,191,7326
89,191,7327
64,183,7328
51,174,7329
41,163,7330
34,151,7331
29,139,7332
24,113,7333
26,90,7334
28,81,7335
32,70,7336
49,45,7337
67,31,7338
70,29,7339
83,24,7340
99,22,7341
133,31,7342
144,38,7343
157,51,7344
170,73,7345
175,87,7346
177,95,7347
179,118,7348
177,138,7349
167,166,7350
157,182,7351
142,197,7352
116,211,7353
103,214,7354
84,214,7355
65,209,7356
43,196,7357
29,182,7358
18,166,7359
13,155,7360
5,125,7361
4,107,7362
9,73,7363
15,58,7364
40,23,7365
47,17,7366
94,114,7367
93,114,7368
92,111,7369
91,111,7370
91,108,7371
93,104,7372
94,103,7373
97,101,7374
100,101,7375
103,102,7376
106,103,7377
107,104,7378
110,109,7379
111,113,7380
111,117,7381
109,125,7382
109,126,7383
104,131,7384
103,132,7385
98,135,7386
93,135,7387
94,136,7388
84,133,7389
78,127,7390
76,124,7391
75,123,7392
72,113,7393
72,107,7394
74,98,7395
75,94,7396
79,88,7397
81,86,7398
89,80,7399
96,78,7400
101,78,7401
110,80,7402
116,84,7403
121,88,7404
126,95,7405
130,106,7406
131,111,7407
130,126,7408
130,127,7409
126,137,7410
125,140,7411
114,152,7412
107,156,7413
89,158,7414
95,159,7415
76,154,7416
71,151,7417
63,143,7418
58,135,7419
54,125,7420
53,121,7421
54,94,7422
57,85,7423
57,84,7424
67,69,7425
79,60,7426
89,56,7427
94,55,7428
107,55,7429
117,58,7430
124,62,7431
132,68,7432
143,83,7433
147,92,7434
150,103,7435
150,128,7436
146,143,7437
143,150,7438
134,163,7439
128,169,7440
116,177,7441
99,182,7442
79,180,7443
69,176,7444
65,174,7445
47,157,7446
43,151,7447
36,136,7448
32,116,7449
32,106,7450
37,79,7451
42,68,7452
47,60,7453
54,51,7454
70,39,7455
90,32,7456
98,31,7457
118,34,7458
128,38,7459
146,51,7460
155,62,7461
168,91,7462
171,108,7463
168,140,7464
165,151,7465
159,164,7466
157,168,7467
143,185,7468
115,202,7469
103,205,7470
84,205,7471
71,202,7472
53,193,7473
42,184,7474
28,167,7475
15,136,7476
12,117,7477
12,104,7478
14,86,7479
18,71,7480
30,47,7481
48,27,7482
56,21,7483
74,12,7484
103,8,7485
109,8,7486
142,20,7487
152,27,7488
171,48,7489
183,71,7490
191,108,7491
191,123,7492
189,141,7493
97,109,7494
98,109,7495
101,110,7496
102,109,7497
104,112,7498
104,115,7499
103,120,7500
103,121,7501
101,123,7502
97,126,7503
99,126,7504
90,126,7505
91,127,7506
86,124,7507
82,119,7508
81,118,7509
80,112,7510
79,109,7511
81,101,7512
81,100,7513
85,94,7514
87,91,7515
94,88,7516
97,87,7517
106,88,7518
109,89,7519
112,91,7520
117,96,7521
121,104,7522
123,109,7523
123,120,7524
123,122,7525
122,127,7526
120,133,7527
110,144,7528
109,145,7529
99,149,7530
93,150,7531
91,150,7532
79,146,7533
77,145,7534
66,133,7535
62,123,7536
60,116,7537
59,110,7538
61,96,7539
62,93,7540
72,76,7541
75,73,7542
84,67,7543
89,65,7544
100,63,7545
113,66,7546
121,70,7547
129,77,7548
138,91,7549
141,98,7550
143,108,7551
143,123,7552
141,133,7553
139,140,7554
134,150,7555
119,165,7556
121,164,7557
98,173,7558
90,173,7559
80,171,7560
72,168,7561
55,154,7562
53,152,7563
42,127,7564
40,115,7565
39,108,7566
43,86,7567
47,75,7568
54,64,7569
65,53,7570
73,47,7571
86,42,7572
98,40,7573
117,43,7574
130,49,7575
140,57,7576
150,69,7577
161,96,7578
162,100,7579
163,103,7580
161,138,7581
154,157,7582
151,162,7583
136,180,7584
119,191,7585
111,194,7586
94,197,7587
76,194,7588
67,191,7589
43,173,7590
32,158,7591
24,138,7592
20,120,7593
19,109,7594
21,90,7595
29,65,7596
35,54,7597
54,33,7598
55,32,7599
81,19,7600
112,18,7601
109,17,7602
137,27,7603
159,46,7604
169,60,7605
173,68,7606
182,97,7607
183,102,7608
182,137,7609
179,149,7610
169,173,7611
155,192,7612
134,209,7613
121,215,7614
90,220,7615
75,218,7616
56,211,7617
31,192,7618
21,180,7619
9,158,7620
98,115,7621
98,116,7622
95,118,7623
95,119,7624
91,118,7625
90,117,7626
88,113,7627
87,111,7628
87,108,7629
88,104,7630
88,102,7631
91,99,7632
92,97,7633
101,96,7634
104,97,7635
106,97,7636
111,102,7637
112,103,7638
114,107,7639
115,108,7640
116,117,7641
117,116,7642
112,130,7643
109,134,7644
105,137,7645
103,139,7646
95,141,7647
92,141,7648
80,136,7649
80,137,7650
78,135,7651
70,123,7652
68,116,7653
67,113,7654
68,100,7655
70,94,7656
73,88,7657
78,82,7658
78,81,7659
90,74,7660
104,73,7661
100,72,7662
117,78,7663
121,81,7664
126,86,7665
129,90,7666
134,103,7667
136,117,7668
135,126,7669
134,131,7670
128,144,7671
122,152,7672
116,157,7673
104,163,7674
90,164,7675
78,161,7676
76,160,7677
65,153,7678
60,147,7679
53,136,7680
48,119,7681
47,112,7682
49,94,7683
52,83,7684
55,77,7685
62,67,7686
82,53,7687
86,51,7688
97,49,7689
109,50,7690
127,58,7691
142,73,7692
140,69,7693
145,76,7694
154,99,7695
156,113,7696
151,143,7697
153,138,7698
142,161,7699
139,165,7700
126,177,7701
116,183,7702
86,187,7703
76,185,7704
65,180,7705
53,171,7706
44,162,7707
40,156,7708
28,121,7709
27,112,7710
28,96,7711
35,71,7712
41,60,7713
49,49,7714
63,37,7715
82,28,7716
93,26,7717
120,29,7718
125,31,7719
144,43,7720
152,50,7721
166,71,7722
175,103,7723
175,100,7724
175,130,7725
172,146,7726
165,164,7727
139,195,7728
137,197,7729
127,203,7730
97,211,7731
81,210,7732
67,206,7733
42,191,7734
38,188,7735
20,163,7736
13,146,7737
7,114,7738
10,82,7739
11,77,7740
29,40,7741
33,35,7742
40,27,7743
55,15,7744
90,3,7745
112,3,7746
137,11,7747
94,112,7748
93,110,7749
94,108,7750
96,105,7751
95,105,7752
99,104,7753
101,104,7754
105,107,7755
107,110,7756
108,113,7757
109,113,7758
108,119,7759
109,119,7760
105,126,7761
100,130,7762
99,131,7763
95,132,7764
92,132,7765
86,130,7766
84,129,7767
78,121,7768
77,121,7769
75,114,7770
75,108,7771
75,104,7772
76,99,7773
82,90,7774
82,89,7775
92,83,7776
93,82,7777
99,81,7778
105,82,7779
112,85,7780
117,88,7781
122,94,7782
127,106,7783
128,113,7784
128,118,7785
127,127,7786
123,137,7787
118,144,7788
115,147,7789
101,154,7790
96,155,7791
93,156,7792
83,154,7793
73,148,7794
64,139,7795
61,135,7796
56,119,7797
55,113,7798
55,104,7799
56,97,7800
58,89,7801
66,75,7802
81,63,7803
85,61,7804
94,58,7805
108,59,7806
121,64,7807
123,65,7808
137,79,7809
138,80,7810
145,95,7811
148,110,7812
148,123,7813
139,150,7814
139,151,7815
138,153,7816
118,172,7817
114,174,7818
89,178,7819
93,179,7820
80,177,7821
68,172,7822
56,163,7823
41,140,7824
36,123,7825
35,115,7826
35,103,7827
40,80,7828
44,70,7829
52,58,7830
70,43,7831
84,37,7832
95,35,7833
109,35,7834
122,39,7835
148,59,7836
140,50,7837
154,66,7838
163,85,7839
168,109,7840
168,125,7841
166,137,7842
159,158,7843
152,170,7844
128,192,7845
109,200,7846
98,202,7847
90,202,7848
72,199,7849
55,190,7850
41,179,7851
33,169,7852
22,148,7853
17,132,7854
16,93,7855
17,85,7856
24,64,7857
42,37,7858
44,35,7859
76,15,7860
89,12,7861
102,11,7862
117,13,7863
149,29,7864
155,34,7865
177,65,7866
180,71,7867
187,98,7868
188,123,7869
186,141,7870
180,162,7871
160,194,7872
152,202,7873
128,218,7874
98,111,7875
101,112,7876
101,116,7877
102,116,7878
101,119,7879
98,122,7880
96,123,7881
92,123,7882
91,123,7883
88,121,7884
88,122,7885
84,116,7886
83,115,7887
82,110,7888
83,105,7889
84,101,7890
86,97,7891
91,93,7892
92,92,7893
97,90,7894
106,92,7895
106,91,7896
108,92,7897
113,96,7898
119,107,7899
120,109,7900
120,120,7901
120,123,7902
117,130,7903
114,136,7904
109,141,7905
104,144,7906
98,146,7907
100,146,7908
85,145,7909
79,142,7910
73,137,7911
69,132,7912
68,131,7913
63,115,7914
62,109,7915
65,94,7916
68,87,7917
69,85,7918
75,77,7919
80,73,7920
96,67,7921
100,67,7922
105,67,7923
122,75,7924
126,78,7925
130,83,7926
135,91,7927
140,108,7928
141,115,7929
137,136,7930
136,139,7931
126,155,7932
124,157,7933
105,168,7934
100,169,7935
95,170,7936
85,169,7937
68,162,7938
60,155,7939
54,148,7940
46,131,7941
43,118,7942
42,108,7943
45,90,7944
48,81,7945
58,64,7946
70,53,7947
81,47,7948
84,46,7949
107,44,7950
115,46,7951
131,54,7952
142,64,7953
151,77,7954
154,83,7955
160,105,7956
160,103,7957
154,149,7958
149,159,7959
144,167,7960
131,180,7961
122,186,7962
105,192,7963
82,192,7964
86,193,7965
63,185,7966
48,174,7967
35,157,7968
27,139,7969
25,132,7970
22,107,7971
26,83,7972
32,66,7973
41,51,7974
44,47,7975
61,32,7976
89,21,7977
96,20,7978
111,21,7979
134,29,7980
155,46,7981
160,52,7982
170,68,7983
180,103,7984
181,116,7985
179,135,7986
171,162,7987
166,172,7988
158,184,7989
127,209,7990
113,214,7991
104,216,7992
62,210,7993
59,209,7994
40,196,7995
24,179,7996
11,155,7997
6,140,7998
2,109,7999
5,83,8000
10,65,8001
96,115,8002
94,116,8003
92,115,8004
91,115,8005
90,111,8006
90,107,8007
91,104,8008
92,102,8009
94,101,8010
97,99,8011
99,99,8012
102,99,8013
105,100,8014
108,103,8015
112,110,8016
112,109,8017
113,115,8018
113,118,8019
111,125,8020
109,129,8021
104,134,8022
107,133,8023
97,137,8024
90,137,8025
86,136,8026
85,136,8027
77,129,8028
74,125,8029
71,114,8030
70,113,8031
71,101,8032
73,95,8033
73,94,8034
78,86,8035
87,79,8036
92,77,8037
102,76,8038
110,78,8039
113,79,8040
120,84,8041
125,90,8042
126,91,8043
132,109,8044
133,115,8045
133,120,8046
132,127,8047
125,143,8048
120,149,8049
115,154,8050
104,159,8051
95,161,8052
85,160,8053
77,157,8054
68,151,8055
63,146,8056
54,130,8057
51,118,8058
50,113,8059
53,90,8060
55,85,8061
62,72,8062
61,73,8063
75,60,8064
82,56,8065
91,53,8066
112,54,8067
121,58,8068
128,62,8069
141,76,8070
146,84,8071
152,107,8072
153,115,8073
151,134,8074
146,148,8075
140,159,8076
131,169,8077
118,178,8078
109,182,8079
97,184,8080
75,181,8081
68,178,8082
56,170,8083
47,160,8084
38,146,8085
31,120,8086
30,111,8087
30,104,8088
35,79,8089
43,62,8090
57,46,8091
69,37,8092
81,32,8093
97,29,8094
104,29,8095
138,42,8096
141,44,8097
159,65,8098
162,70,8099
171,97,8100
173,119,8101
173,122,8102
169,145,8103
156,173,8104
148,183,8105
123,201,8106
113,205,8107
104,207,8108
84,207,8109
57,198,8110
51,194,8111
33,177,8112
20,156,8113
12,130,8114
10,114,8115
10,103,8116
14,78,8117
23,55,8118
45,27,8119
46,26,8120
66,13,8121
94,6,8122
119,8,8123
141,17,8124
146,20,8125
175,51,8126
183,66,8127
186,74,8128
96,112,8129
96,108,8130
100,108,8131
99,106,8132
102,107,8133
104,110,8134
105,113,8135
106,116,8136
105,119,8137
104,122,8138
104,123,8139
99,127,8140
98,128,8141
94,129,8142
86,126,8143
88,128,8144
82,122,8145
80,119,8146
78,113,8147
78,107,8148
78,105,8149
77,106,8150
84,92,8151
85,91,8152
93,86,8153
95,85,8154
102,85,8155
107,86,8156
113,90,8157
118,94,8158
119,95,8159
124,108,8160
125,112,8161
125,122,8162
123,129,8163
123,130,8164
113,144,8165
109,147,8166
107,149,8167
97,152,8168
87,151,8169
80,149,8170
72,143,8171
68,139,8172
63,132,8173
60,125,8174
58,105,8175
58,104,8176
59,97,8177
67,79,8178
70,75,8179
80,67,8180
88,63,8181
93,62,8182
107,62,8183
118,66,8184
132,78,8185
130,75,8186
140,91,8187
143,99,8188
145,121,8189
145,125,8190
139,144,8191
138,147,8192
125,163,8193
119,168,8194
102,174,8195
98,175,8196
82,174,8197
78,173,8198
64,165,8199
46,143,8200
47,146,8201
43,138,8202
38,115,8203
38,101,8204
46,74,8205
45,75,8206
54,61,8207
71,46,8208
77,43,8209
88,39,8210
114,40,8211
123,43,8212
133,49,8213
153,71,8214
154,72,8215
162,91,8216
165,111,8217
165,125,8218
163,137,8219
157,155,8220
143,176,8221
137,182,8222
115,195,8223
103,198,8224
82,198,8225
67,193,8226
50,182,8227
35,166,8228
36,168,8229
23,143,8230
18,116,8231
18,97,8232
25,70,8233
25,69,8234
36,49,8235
51,33,8236
60,26,8237
85,16,8238
107,15,8239
118,17,8240
142,28,8241
159,43,8242
172,61,8243
177,72,8244
185,107,8245
185,128,8246
180,152,8247
177,161,8248
164,184,8249
154,196,8250
122,217,8251
125,216,8252
93,222,8253
71,219,8254
40,203,8255
99,114,8256
99,116,8257
97,119,8258
97,120,8259
95,121,8260
92,120,8261
90,119,8262
88,117,8263
86,113,8264
85,111,8265
85,108,8266
87,102,8267
85,103,8268
92,96,8269
95,95,8270
97,94,8271
102,94,8272
106,95,8273
110,98,8274
111,98,8275
116,108,8276
117,108,8277
118,114,8278
117,121,8279
116,126,8280
116,127,8281
108,137,8282
108,138,8283
91,142,8284
95,143,8285
90,143,8286
82,140,8287
73,132,8288
70,128,8289
68,124,8290
66,114,8291
65,109,8292
68,95,8293
68,93,8294
75,82,8295
79,78,8296
87,73,8297
97,71,8298
99,70,8299
110,72,8300
111,72,8301
124,81,8302
129,87,8303
133,93,8304
137,110,8305
138,116,8306
134,136,8307
133,139,8308
128,148,8309
118,158,8310
102,165,8311
98,166,8312
93,167,8313
80,164,8314
70,159,8315
60,150,8316
54,142,8317
50,134,8318
46,118,8319
45,110,8320
48,89,8321
61,66,8322
61,65,8323
64,62,8324
86,49,8325
97,47,8326
108,48,8327
117,50,8328
124,53,8329
136,62,8330
151,84,8331
155,95,8332
157,108,8333
158,117,8334
156,133,8335
149,153,8336
144,162,8337
137,171,8338
120,183,8339
100,189,8340
84,189,8341
75,187,8342
66,183,8343
43,163,8344
39,158,8345
36,153,8346
26,119,8347
25,110,8348
27,90,8349
33,71,8350
45,51,8351
49,46,8352
83,26,8353
94,24,8354
106,24,8355
114,25,8356
133,32,8357
155,51,8358
162,60,8359
171,78,8360
177,103,8361
178,113,8362
174,144,8363
168,162,8364
157,180,8365
150,188,8366
123,207,8367
111,211,8368
97,213,8369
71,210,8370
57,204,8371
35,187,8372
19,165,8373
18,163,8374
9,140,8375
5,107,8376
11,72,8377
16,58,8378
21,48,8379
31,34,8380
67,7,8381
78,3,8382
94,113,8383
92,112,8384
92,109,8385
92,107,8386
93,106,8387
96,103,8388
98,102,8389
100,102,8390
104,104,8391
107,107,8392
106,104,8393
109,110,8394
110,112,8395
110,118,8396
108,124,8397
108,125,8398
105,129,8399
99,133,8400
96,134,8401
91,134,8402
83,130,8403
86,133,8404
80,128,8405
77,124,8406
74,116,8407
73,113,8408
74,102,8409
73,104,8410
79,91,8411
78,91,8412
86,83,8413
91,81,8414
98,79,8415
100,79,8416
107,80,8417
120,89,8418
121,90,8419
125,96,8420
128,102,8421
130,119,8422
129,126,8423
126,135,8424
121,143,8425
115,149,8426
112,152,8427
104,156,8428
90,157,8429
84,156,8430
80,155,8431
73,151,8432
61,138,8433
59,135,8434
55,124,8435
53,112,8436
54,97,8437
62,78,8438
65,74,8439
66,72,8440
76,63,8441
92,57,8442
97,56,8443
110,57,8444
125,64,8445
128,66,8446
141,82,8447
144,87,8448
149,106,8449
150,120,8450
147,137,8451
142,149,8452
138,156,8453
126,169,8454
122,172,8455
107,179,8456
91,181,8457
79,179,8458
68,174,8459
57,166,8460
45,152,8461
38,138,8462
34,122,8463
33,104,8464
33,102,8465
40,75,8466
51,57,8467
55,52,8468
63,45,8469
86,34,8470
104,33,8471
117,35,8472
131,41,8473
146,53,8474
156,66,8475
159,71,8476
169,101,8477
170,111,8478
169,132,8479
158,163,8480
146,180,8481
135,190,8482
133,192,8483
122,198,8484
90,204,8485
75,202,8486
57,194,8487
46,186,8488
30,168,8489
23,155,8490
18,143,8491
13,103,8492
14,93,8493
18,75,8494
29,51,8495
44,32,8496
50,27,8497
70,15,8498
97,9,8499
112,10,8500
129,15,8501
146,24,8502
171,50,8503
178,62,8504
186,84,8505
188,92,8506
186,148,8507
179,168,8508
174,178,8509
98,110,8510
100,110,8511
101,111,8512
102,111,8513
103,115,8514
103,117,8515
101,121,8516
100,123,8517
97,125,8518
92,125,8519
93,126,8520
88,124,8521
86,123,8522
82,116,8523
81,113,8524
81,110,8525
81,105,8526
82,101,8527
84,97,8528
87,93,8529
90,91,8530
92,89,8531
99,88,8532
106,89,8533
111,92,8534
114,94,8535
117,98,8536
120,103,8537
122,114,8538
123,116,8539
120,129,8540
119,131,8541
116,137,8542
111,142,8543
102,147,8544
91,148,8545
89,148,8546
80,145,8547
75,142,8548
72,139,8549
64,126,8550
64,127,8551
61,106,8552
61,102,8553
64,91,8554
66,86,8555
76,74,8556
77,73,8557
87,67,8558
97,65,8559
104,65,8560
112,67,8561
120,71,8562
130,80,8563
135,87,8564
142,111,8565
142,120,8566
142,124,8567
138,139,8568
134,147,8569
126,158,8570
124,160,8571
106,170,8572
97,172,8573
85,171,8574
80,170,8575
63,160,8576
52,148,8577
47,139,8578
44,132,8579
41,105,8580
43,90,8581
45,83,8582
48,76,8583
58,61,8584
74,48,8585
88,43,8586
93,42,8587
108,42,8588
119,45,8589
129,50,8590
143,62,8591
155,81,8592
159,91,8593
162,121,8594
162,125,8595
157,147,8596
152,158,8597
143,171,8598
129,184,8599
116,191,8600
98,195,8601
87,195,8602
68,190,8603
56,183,8604
40,168,8605
28,147,8606
26,142,8607
21,114,8608
21,99,8609
26,75,8610
33,60,8611
44,44,8612
50,38,8613
67,26,8614
87,19,8615
101,18,8616
123,22,8617
144,33,8618
152,40,8619
171,66,8620
178,84,8621
182,124,8622
181,135,8623
177,152,8624
174,160,8625
161,183,8626
133,208,8627
123,213,8628
114,216,8629
82,218,8630
69,215,8631
44,202,8632
28,187,8633
14,166,8634
9,155,8635
1,120,8636
97,113,8637
95,117,8638
94,117,8639
92,118,8640
90,116,8641
89,114,8642
88,110,8643
88,107,8644
89,104,8645
91,101,8646
92,99,8647
95,98,8648
98,97,8649
102,97,8650
107,100,8651
108,100,8652
113,108,8653
114,110,8654
115,115,8655
114,122,8656
114,123,8657
114,125,8658
107,134,8659
103,137,8660
101,138,8661
96,140,8662
89,139,8663
83,137,8664
78,133,8665
74,129,8666
70,121,8667
69,113,8668
68,110,8669
69,100,8670
74,89,8671
76,86,8672
83,79,8673
92,75,8674
94,74,8675
103,74,8676
108,75,8677
117,79,8678
124,86,8679
129,93,8680
132,99,8681
134,105,8682
135,117,8683
130,137,8684
128,142,8685
124,148,8686
116,155,8687
112,158,8688
97,163,8689
94,163,8690
84,162,8691
73,157,8692
60,145,8693
56,140,8694
51,127,8695
49,117,8696
48,110,8697
49,98,8698
56,78,8699
59,73,8700
71,60,8701
81,54,8702
103,51,8703
100,50,8704
112,52,8705
130,61,8706
140,72,8707
147,83,8708
148,84,8709
154,104,8710
155,118,8711
151,141,8712
143,157,8713
135,168,8714
128,174,8715
119,180,8716
105,185,8717
93,187,8718
70,181,8719
62,177,8720
46,162,8721
40,153,8722
35,144,8723
31,132,8724
28,108,8725
31,86,8726
35,74,8727
45,56,8728
61,40,8729
77,31,8730
80,30,8731
111,28,8732
125,32,8733
140,41,8734
148,48,8735
167,77,8736
165,71,8737
172,91,8738
175,115,8739
173,137,8740
161,168,8741
159,172,8742
146,188,8743
112,207,8744
110,208,8745
95,210,8746
74,207,8747
52,197,8748
30,176,8749
25,169,8750
21,163,8751
9,123,8752
8,111,8753
10,87,8754
19,59,8755
28,43,8756
39,30,8757
60,14,8758
73,8,8759
82,5,8760
122,7,8761
134,11,8762
164,33,8763
95,112,8764
94,110,8765
96,107,8766
97,105,8767
98,105,8768
102,106,8769
104,107,8770
106,110,8771
107,113,8772
107,118,8773
107,120,8774
105,124,8775
105,125,8776
102,128,8777
96,130,8778
94,131,8779
87,129,8780
85,128,8781
82,125,8782
79,122,8783
77,114,8784
76,115,8785
77,102,8786
78,99,8787
80,94,8788
81,92,8789
87,87,8790
89,85,8791
105,84,8792
99,82,8793
110,85,8794
116,89,8795
122,97,8796
123,98,8797
126,106,8798
127,119,8799
126,126,8800
123,134,8801
123,135,8802
113,147,8803
107,151,8804
101,153,8805
94,154,8806
82,152,8807
78,150,8808
73,147,8809
65,138,8810
60,129,8811
59,128,8812
56,111,8813
57,98,8814
60,88,8815
67,76,8816
72,70,8817
79,65,8818
95,60,8819
100,59,8820
108,60,8821
120,65,8822
134,77,8823
137,81,8824
140,86,8825
144,95,8826
147,112,8827
145,134,8828
141,145,8829
125,165,8830
130,161,8831
119,170,8832
105,176,8833
90,177,8834
70,171,8835
75,174,8836
60,165,8837
46,148,8838
44,144,8839
38,127,8840
36,112,8841
39,86,8842
40,83,8843
51,62,8844
58,53,8845
70,44,8846
85,38,8847
101,36,8848
115,38,8849
119,39,8850
139,51,8851
160,81,8852
161,82,8853
164,91,8854
167,112,8855
164,141,8856
160,153,8857
153,166,8858
140,182,8859
130,190,8860
108,199,8861
93,201,8862
69,196,8863
66,195,8864
48,184,8865
28,158,8866
26,155,8867
19,136,8868
16,114,8869
16,99,8870
31,54,8871
27,60,8872
48,33,8873
67,20,8874
81,15,8875
113,14,8876
109,13,8877
126,17,8878
151,32,8879
169,53,8880
179,72,8881
183,84,8882
187,124,8883
186,134,8884
176,167,8885
170,179,8886
164,188,8887
133,214,8888
122,219,8889
99,224,8890
97,112,8891
100,113,8892
100,116,8893
101,117,8894
99,120,8895
96,122,8896
94,122,8897
91,122,8898
87,118,8899
86,117,8900
85,118,8901
84,110,8902
83,111,8903
84,104,8904
86,100,8905
88,97,8906
93,93,8907
96,92,8908
102,92,8909
100,91,8910
110,96,8911
108,93,8912
116,102,8913
117,104,8914
119,113,8915
120,115,8916
117,127,8917
118,127,8918
112,136,8919
107,141,8920
101,144,8921
95,145,8922
91,145,8923
86,144,8924
81,142,8925
70,131,8926
68,128,8927
65,120,8928
64,116,8929
64,102,8930
66,94,8931
71,84,8932
80,75,8933
83,73,8934
84,72,8935
96,68,8936
110,70,8937
121,76,8938
122,76,8939
131,87,8940
135,94,8941
137,100,8942
139,122,8943
140,116,8944
138,130,8945
128,150,8946
123,156,8947
116,162,8948
110,165,8949
90,168,8950
82,167,8951
74,164,8952
69,161,8953
58,151,8954
50,138,8955
46,128,8956
44,106,8957
44,99,8958
49,81,8959
54,72,8960
57,67,8961
80,49,8962
85,47,8963
95,45,8964
105,45,8965
120,49,8966
141,65,8967
146,71,8968
153,84,8969
158,100,8970
159,124,8971
159,128,8972
154,147,8973
147,160,8974
137,173,8975
121,185,8976
119,186,8977
97,192,8978
76,189,8979
72,188,8980
53,177,8981
42,165,8982
30,144,8983
25,127,8984
24,118,8985
24,96,8986
25,90,8987
38,58,8988
58,36,8989
65,31,8990
66,30,8991
92,22,8992
114,23,8993
127,27,8994
145,38,8995
160,54,8996
168,67,8997
174,81,8998
179,104,8999
179,130,9000
174,151,9001
162,176,9002
151,190,9003
135,203,9004
124,209,9005
100,215,9006
75,213,9007
71,212,9008
50,202,9009
33,188,9010
21,172,9011
8,143,9012
4,121,9013
3,110,9014
11,66,9015
21,45,9016
27,36,9017
96,114,9018
94,115,9019
91,112,9020
90,112,9021
91,107,9022
91,106,9023
93,103,9024
94,102,9025
101,101,9026
100,100,9027
105,102,9028
107,103,9029
108,104,9030
111,110,9031
112,114,9032
111,121,9033
111,123,9034
108,128,9035
106,131,9036
102,134,9037
100,135,9038
98,136,9039
90,136,9040
85,134,9041
79,130,9042
76,126,9043
73,120,9044
72,117,9045
72,103,9046
72,101,9047
74,95,9048
79,87,9049
83,83,9050
84,82,9051
97,77,9052
100,77,9053
109,79,9054
118,84,9055
119,85,9056
125,92,9057
130,103,9058
131,107,9059
132,116,9060
129,132,9061
127,138,9062
123,144,9063
115,152,9064
106,157,9065
100,159,9066
88,159,9067
80,157,9068
71,152,9069
63,144,9070
60,140,9071
55,130,9072
52,119,9073
52,100,9074
52,97,9075
60,77,9076
63,73,9077
77,60,9078
81,58,9079
89,55,9080
106,54,9081
114,56,9082
121,59,9083
138,74,9084
141,78,9085
149,96,9086
151,104,9087
151,128,9088
150,133,9089
142,153,9090
135,163,9091
127,171,9092
111,180,9093
95,183,9094
84,182,9095
79,181,9096
57,169,9097
50,162,9098
41,149,9099
33,127,9100
32,121,9101
32,96,9102
37,77,9103
40,70,9104
48,57,9105
65,41,9106
82,33,9107
91,31,9108
109,31,9109
123,35,9110
139,44,9111
152,57,9112
160,69,9113
164,77,9114
171,103,9115
172,116,9116
165,153,9117
159,166,9118
148,181,9119
142,187,9120
130,196,9121
101,206,9122
86,206,9123
75,204,9124
55,195,9125
43,186,9126
30,171,9127
15,139,9128
14,135,9129
11,110,9130
17,72,9131
20,64,9132
36,38,9133
49,25,9134
67,14,9135
78,10,9136
104,7,9137
130,13,9138
148,23,9139
153,27,9140
166,40,9141
187,81,9142
190,93,9143
192,113,9144
96,111,9145
98,108,9146
101,109,9147
101,108,9148
103,109,9149
104,114,9150
105,116,9151
104,120,9152
101,124,9153
100,125,9154
100,126,9155
92,127,9156
94,128,9157
89,127,9158
84,123,9159
82,121,9160
80,115,9161
79,112,9162
79,107,9163
80,101,9164
83,95,9165
81,97,9166
90,89,9167
91,88,9168
99,86,9169
102,86,9170
106,87,9171
113,91,9172
121,102,9173
120,99,9174
122,103,9175
124,118,9176
124,121,9177
123,127,9178
117,138,9179
113,143,9180
102,149,9181
98,150,9182
95,151,9183
87,150,9184
76,145,9185
72,142,9186
65,132,9187
62,126,9188
59,115,9189
59,105,9190
60,97,9191
63,89,9192
65,84,9193
74,73,9194
87,65,9195
94,63,9196
103,63,9197
110,64,9198
122,70,9199
129,76,9200
137,87,9201
139,91,9202
144,111,9203
143,127,9204
144,123,9205
139,142,9206
131,155,9207
127,160,9208
116,168,9209
104,173,9210
85,173,9211
83,173,9212
67,166,9213
59,160,9214
45,138,9215
43,133,9216
41,128,9217
39,105,9218
40,94,9219
43,83,9220
63,54,9221
62,54,9222
78,44,9223
91,40,9224
108,40,9225
114,41,9226
131,49,9227
139,55,9228
156,79,9229
157,81,9230
163,100,9231
164,122,9232
160,144,9233
156,154,9234
148,168,9235
135,182,9236
128,187,9237
107,196,9238
88,197,9239
85,197,9240
58,187,9241
48,179,9242
34,162,9243
23,138,9244
20,127,9245
19,101,9246
20,92,9247
26,70,9248
37,50,9249
44,41,9250
66,24,9251
83,18,9252
105,16,9253
121,19,9254
133,24,9255
146,32,9256
163,50,9257
172,64,9258
179,80,9259
184,123,9260
183,134,9261
179,152,9262
162,185,9263
156,192,9264
137,208,9265
110,219,9266
91,221,9267
81,220,9268
59,213,9269
46,206,9270
28,190,9271
98,114,9272
98,117,9273
96,118,9274
96,119,9275
94,120,9276
89,117,9277
88,115,9278
87,113,9279
86,109,9280
87,105,9281
87,103,9282
92,98,9283
89,99,9284
96,96,9285
100,95,9286
102,95,9287
105,96,9288
110,99,9289
113,104,9290
114,104,9291
116,114,9292
117,113,9293
114,127,9294
112,131,9295
110,134,9296
110,135,9297
101,140,9298
96,142,9299
86,140,9300
86,141,9301
79,137,9302
76,134,9303
70,125,9304
68,121,9305
67,104,9306
67,101,9307
68,97,9308
74,86,9309
76,82,9310
84,76,9311
87,74,9312
103,72,9313
111,74,9314
114,75,9315
120,79,9316
124,82,9317
131,93,9318
135,104,9319
136,107,9320
136,126,9321
131,140,9322
130,142,9323
123,152,9324
113,160,9325
106,163,9326
92,165,9327
85,164,9328
72,159,9329
60,148,9330
59,147,9331
52,135,9332
47,118,9333
47,103,9334
46,109,9335
51,84,9336
57,72,9337
70,59,9338
72,57,9339
87,50,9340
111,50,9341
101,48,9342
132,61,9343
125,55,9344
141,69,9345
151,87,9346
155,100,9347
156,122,9348
156,128,9349
153,140,9350
143,161,9351
131,174,9352
122,181,9353
120,182,9354
89,188,9355
74,185,9356
67,182,9357
63,180,9358
44,163,9359
30,134,9360
29,131,9361
27,122,9362
28,91,9363
33,74,9364
37,65,9365
49,48,9366
68,33,9367
79,28,9368
102,25,9369
111,26,9370
131,33,9371
146,43,9372
153,50,9373
166,70,9374
169,76,9375
176,105,9376
176,131,9377
173,145,9378
156,179,9379
153,183,9380
132,201,9381
122,206,9382
94,212,9383
78,210,9384
58,203,9385
45,195,9386
32,182,9387
14,151,9388
8,129,9389
7,121,9390
6,107,9391
10,79,9392
26,43,9393
30,37,9394
43,23,9395
70,7,9396
92,2,9397
110,2,9398
95,113,9399
93,111,9400
94,107,9401
93,107,9402
96,104,9403
100,104,9404
100,103,9405
104,105,9406
107,109,9407
108,110,9408
108,109,9409
109,116,9410
110,116,9411
108,122,9412
103,129,9413
102,130,9414
98,132,9415
94,133,9416
87,131,9417
87,132,9418
81,127,9419
80,127,9420
76,120,9421
75,115,9422
74,110,9423
74,105,9424
77,96,9425
79,92,9426
88,84,9427
87,84,9428
95,81,9429
103,81,9430
108,82,9431
114,85,9432
117,87,9433
123,95,9434
127,104,9435
129,114,9436
129,117,9437
128,126,9438
123,138,9439
122,140,9440
112,150,9441
101,155,9442
103,155,9443
93,157,9444
76,151,9445
73,149,9446
65,142,9447
57,126,9448
57,127,9449
55,120,9450
54,109,9451
55,97,9452
59,85,9453
70,70,9454
83,61,9455
84,60,9456
92,58,9457
111,59,9458
115,60,9459
127,67,9460
135,75,9461
140,82,9462
148,105,9463
148,103,9464
146,135,9465
146,137,9466
142,147,9467
125,168,9468
118,173,9469
111,176,9470
99,179,9471
85,179,9472
77,177,9473
61,168,9474
50,157,9475
43,146,9476
39,137,9477
34,113,9478
35,97,9479
35,95,9480
45,67,9481
55,54,9482
72,41,9483
76,39,9484
87,35,9485
112,35,9486
123,39,9487
140,49,9488
139,48,9489
161,78,9490
167,97,9491
168,101,9492
169,117,9493
166,141,9494
164,148,9495
145,179,9496
134,189,9497
113,200,9498
114,200,9499
96,203,9500
71,199,9501
63,196,9502
41,180,9503
31,167,9504
17,135,9505
15,124,9506
14,104,9507
15,92,9508
28,55,9509
33,47,9510
45,33,9511
61,21,9512
76,14,9513
100,10,9514
123,14,9515
142,23,9516
168,48,9517
171,52,9518
183,78,9519
185,84,9520
189,120,9521
189,126,9522
179,165,9523
161,194,9524
145,209,9525
99,111,9526
100,111,9527
101,114,9528
102,114,9529
102,118,9530
100,121,9531
99,122,9532
96,124,9533
94,124,9534
90,123,9535
90,124,9536
86,121,9537
83,117,9538
82,113,9539
82,108,9540
83,102,9541
84,99,9542
87,95,9543
91,92,9544
92,91,9545
101,90,9546
99,89,9547
105,90,9548
112,94,9549
117,101,9550
119,104,9551
120,107,9552
121,119,9553
120,124,9554
120,126,9555
115,136,9556
111,140,9557
106,144,9558
98,147,9559
92,147,9560
83,145,9561
81,144,9562
75,140,9563
70,135,9564
64,123,9565
63,120,9566
62,107,9567
63,98,9568
67,87,9569
70,82,9570
75,76,9571
82,71,9572
93,67,9573
102,66,9574
111,68,9575
114,69,9576
130,82,9577
134,88,9578
137,94,9579
141,109,9580
140,127,9581
138,136,9582
136,141,9583
131,150,9584
125,157,9585
104,169,9586
101,170,9587
93,171,9588
78,168,9589
72,165,9590
62,158,9591
51,144,9592
47,136,9593
43,123,9594
42,105,9595
46,84,9596
51,73,9597
58,63,9598
70,52,9599
79,47,9600
93,43,9601
110,44,9602
120,47,9603
123,48,9604
143,64,9605
149,72,9606
158,92,9607
159,96,9608
160,130,9609
159,136,9610
157,144,9611
144,168,9612
140,173,9613
125,185,9614
104,193,9615
96,194,9616
67,188,9617
58,183,9618
46,173,9619
33,155,9620
28,144,9621
24,131,9622
22,105,9623
25,83,9624
27,76,9625
40,51,9626
52,38,9627
70,26,9628
77,23,9629
99,19,9630
110,20,9631
137,30,9632
155,45,9633
167,61,9634
174,76,9635
181,107,9636
181,123,9637
177,148,9638
171,164,9639
161,181,9640
152,192,9641
124,211,9642
122,212,9643
88,217,9644
73,215,9645
56,208,9646
42,199,9647
24,180,9648
11,157,9649
3,128,9650
2,101,9651
2,97,9652
97,114,9653
95,116,9654
93,116,9655
91,116,9656
89,112,9657
89,110,9658
90,105,9659
90,104,9660
93,101,9661
94,100,9662
94,99,9663
100,98,9664
103,98,9665
109,103,9666
111,106,9667
111,105,9668
113,112,9669
114,116,9670
113,121,9671
112,125,9672
109,130,9673
109,131,9674
100,137,9675
95,138,9676
91,138,9677
89,138,9678
81,134,9679
75,128,9680
71,118,9681
71,120,9682
70,104,9683
70,102,9684
72,95,9685
72,94,9686
80,83,9687
84,80,9688
93,76,9689
99,75,9690
103,75,9691
114,79,9692
120,83,9693
122,85,9694
132,105,9695
133,109,9696
134,114,9697
133,126,9698
130,135,9699
121,149,9700
124,146,9701
111,157,9702
100,161,9703
95,162,9704
87,161,9705
75,157,9706
67,151,9707
58,140,9708
54,132,9709
51,124,9710
50,120,9711
51,96,9712
55,82,9713
59,75,9714
71,62,9715
78,57,9716
88,53,9717
105,52,9718
116,55,9719
123,58,9720
129,62,9721
136,68,9722
150,94,9723
153,109,9724
154,114,9725
152,132,9726
151,137,9727
140,160,9728
127,173,9729
125,175,9730
108,183,9731
91,185,9732
83,184,9733
68,179,9734
54,169,9735
49,164,9736
36,142,9737
32,130,9738
29,111,9739
31,91,9740
32,86,9741
46,57,9742
59,43,9743
66,38,9744
76,33,9745
97,28,9746
109,29,9747
124,33,9748
151,53,9749
158,62,9750
168,83,9751
172,98,9752
174,112,9753
172,136,9754
165,158,9755
159,170,9756
147,185,9757
134,196,9758
113,206,9759
89,208,9760
83,208,9761
68,204,9762
46,191,9763
39,185,9764
17,150,9765
15,145,9766
9,113,9767
10,94,9768
13,79,9769
21,57,9770
44,27,9771
57,17,9772
69,11,9773
86,6,9774
106,5,9775
133,12,9776
151,23,9777
170,42,9778
181,60,9779
95,110,9780
95,109,9781
99,107,9782
98,106,9783
101,106,9784
104,109,9785
105,111,9786
106,114,9787
106,117,9788
106,119,9789
105,123,9790
102,126,9791
102,127,9792
96,129,9793
91,129,9794
89,129,9795
82,123,9796
81,122,9797
78,115,9798
78,117,9799
77,108,9800
76,108,9801
80,97,9802
83,92,9803
86,89,9804
90,86,9805
97,84,9806
102,84,9807
113,89,9808
108,85,9809
115,90,9810
122,99,9811
125,108,9812
125,106,9813
126,116,9814
126,122,9815
120,137,9816
114,144,9817
116,143,9818
108,149,9819
89,152,9820
93,153,9821
79,149,9822
77,148,9823
70,143,9824
65,137,9825
58,118,9826
57,111,9827
57,106,9828
59,94,9829
62,86,9830
70,74,9831
73,71,9832
83,64,9833
96,61,9834
104,61,9835
113,63,9836
128,72,9837
136,82,9838
141,91,9839
143,97,9840
146,110,9841
145,126,9842
143,137,9843
135,153,9844
133,156,9845
109,173,9846
115,171,9847
98,176,9848
83,175,9849
63,165,9850
53,155,9851
57,161,9852
46,146,9853
38,121,9854
37,114,9855
38,98,9856
39,90,9857
47,70,9858
52,62,9859
64,50,9860
79,41,9861
85,39,9862
114,39,9863
130,46,9864
138,52,9865
142,55,9866
156,74,9867
165,104,9868
166,110,9869
165,130,9870
161,147,9871
151,167,9872
146,174,9873
133,186,9874
124,192,9875
107,198,9876
80,198,9877
70,195,9878
55,187,9879
36,169,9880
33,165,9881
22,141,9882
19,131,9883
19,88,9884
18,92,9885
29,59,9886
43,40,9887
45,37,9888
70,20,9889
94,14,9890
104,14,9891
131,21,9892
145,29,9893
154,36,9894
172,60,9895
181,82,9896
185,99,9897
186,120,9898
183,145,9899
169,178,9900
162,188,9901
151,200,9902
133,213,9903
105,222,9904
92,223,9905
60,216,9906
99,113,9907
100,115,9908
99,117,9909
99,119,9910
96,121,9911
94,121,9912
92,121,9913
88,118,9914
86,115,9915
85,113,9916
84,113,9917
85,106,9918
84,106,9919
88,99,9920
91,96,9921
94,94,9922
97,93,9923
102,93,9924
107,95,9925
108,95,9926
114,102,9927
115,102,9928
117,107,9929
118,115,9930
118,122,9931
118,123,9932
111,135,9933
112,135,9934
104,141,9935
99,143,9936
95,144,9937
87,143,9938
78,138,9939
74,135,9940
71,131,9941
67,122,9942
65,114,9943
65,106,9944
66,97,9945
70,88,9946
74,82,9947
79,77,9948
91,71,9949
95,70,9950
99,69,9951
107,70,9952
119,76,9953
124,80,9954
131,88,9955
137,105,9956
138,110,9957
138,121,9958
137,129,9959
133,141,9960
130,146,9961
117,159,9962
106,165,9963
99,167,9964
92,167,9965
80,165,9966
70,160,9967
62,154,9968
57,148,9969
49,133,9970
46,123,9971
44,109,9972
49,86,9973
51,79,9974
57,69,9975
73,54,9976
81,50,9977
94,47,9978
98,46,9979
114,48,9980
127,54,9981
138,63,9982
151,82,9983
154,90,9984
157,101,9985
157,131,9986
152,148,9987
152,149,9988
142,166,9989
129,178,9990
113,187,9991
106,189,9992
93,191,9993
73,187,9994
60,180,9995
54,176,9996
40,161,9997
29,137,9998
25,118,9999
25,98,10000
30,77,10001
32,71,10002
40,56,10003
63,34,10004
77,27,10005
94,23,10006
105,23,10007
114,24,10008
137,34,10009
153,47,10010
164,62,10011
170,74,10012
177,98,10013
177,133,10014
174,148,10015
170,159,10016
152,187,10017
148,191,10018
127,206,10019
114,211,10020
97,214,10021
66,209,10022
54,203,10023
39,192,10024
28,180,10025
11,149,10026
6,128,10027
5,100,10028
5,96,10029
11,68,10030
31,33,10031
54,13,10032
49,16,10033
95,114,10034
92,113,10035
92,110,10036
91,110,10037
92,106,10038
95,103,10039
96,102,10040
98,101,10041
102,102,10042
104,103,10043
105,103,10044
109,108,10045
109,107,10046
111,115,10047
110,120,10048
108,126,10049
107,128,10050
102,132,10051
101,133,10052
100,134,10053
90,134,10054
90,135,10055
83,132,10056
81,130,10057
76,123,10058
74,120,10059
72,111,10060
72,109,10061
77,93,10062
76,93,10063
78,90,10064
87,82,10065
91,80,10066
98,78,10067
105,79,10068
111,81,10069
118,86,10070
122,90,10071
125,94,10072
129,104,10073
131,115,10074
130,124,10075
128,132,10076
121,144,10077
120,146,10078
110,154,10079
98,158,10080
94,158,10081
87,158,10082
77,154,10083
68,148,10084
62,141,10085
58,134,10086
54,123,10087
52,107,10088
55,92,10089
57,86,10090
62,76,10091
75,63,10092
80,60,10093
87,57,10094
102,55,10095
109,56,10096
122,61,10097
134,71,10098
141,80,10099
148,97,10100
150,106,10101
151,115,10102
147,139,10103
146,142,10104
142,151,10105
127,169,10106
122,173,10107
102,181,10108
94,182,10109
81,180,10110
58,168,10111
59,169,10112
49,159,10113
36,134,10114
33,121,10115
32,107,10116
36,84,10117
42,69,10118
43,67,10119
54,52,10120
69,40,10121
87,33,10122
104,32,10123
117,34,10124
132,41,10125
144,50,10126
157,66,10127
164,80,10128
169,97,10129
171,113,10130
163,154,10131
163,155,10132
158,165,10133
151,176,10134
134,192,10135
105,204,10136
98,205,10137
81,204,10138
54,193,10139
46,187,10140
33,173,10141
25,161,10142
15,134,10143
12,107,10144
13,96,10145
19,70,10146
28,51,10147
44,31,10148
50,26,10149
68,15,10150
98,8,10151
110,9,10152
138,18,10153
147,24,10154
161,36,10155
177,59,10156
189,94,10157
191,117,10158
188,143,10159
187,148,10160
97,110,10161
99,109,10162
102,112,10163
102,110,10164
103,111,10165
104,116,10166
102,121,10167
102,122,10168
98,125,10169
96,126,10170
92,126,10171
91,126,10172
89,126,10173
84,121,10174
82,118,10175
81,116,10176
80,110,10177
80,106,10178
81,102,10179
84,96,10180
86,93,10181
86,92,10182
96,88,10183
100,87,10184
107,89,10185
108,89,10186
115,94,10187
118,98,10188
122,110,10189
123,111,10190
123,117,10191
121,128,10192
118,135,10193
116,138,10194
108,145,10195
102,148,10196
91,149,10197
90,149,10198
84,148,10199
78,145,10200
72,140,10201
67,134,10202
61,116,10203
60,112,10204
60,105,10205
62,94,10206
65,87,10207
76,73,10208
81,69,10209
88,66,10210
97,64,10211
108,65,10212
112,66,10213
124,73,10214
131,80,10215
137,90,10216
141,100,10217
143,112,10218
141,132,10219
139,138,10220
131,153,10221
129,156,10222
113,168,10223
109,170,10224
102,172,10225
84,172,10226
70,166,10227
60,159,10228
54,152,10229
48,143,10230
42,125,10231
40,111,10232
40,103,10233
46,79,10234
47,76,10235
63,55,10236
77,46,10237
76,46,10238
95,41,10239
112,42,10240
127,48,10241
129,49,10242
151,72,10243
156,81,10244
161,98,10245
163,120,10246
161,136,10247
160,140,10248
154,156,10249
134,181,10250
129,185,10251
115,192,10252
98,196,10253
88,196,10254
69,191,10255
53,182,10256
37,165,10257
35,162,10258
23,133,10259
20,114,10260
20,102,10261
25,76,10262
35,55,10263
39,49,10264
59,30,10265
65,26,10266
88,18,10267
116,19,10268
120,20,10269
151,38,10270
153,40,10271
166,56,10272
182,101,10273
183,109,10274
182,133,10275
180,144,10276
166,177,10277
157,189,10278
146,200,10279
120,215,10280
108,218,10281
84,219,10282
64,214,10283
44,203,10284
28,188,10285
13,166,10286
5,145,10287
97,116,10288
97,117,10289
94,118,10290
93,119,10291
91,117,10292
89,115,10293
88,112,10294
87,110,10295
88,105,10296
89,103,10297
88,103,10298
96,97,10299
93,97,10300
99,96,10301
107,99,10302
105,97,10303
112,104,10304
113,106,10305
114,108,10306
115,119,10307
115,120,10308
116,119,10309
110,132,10310
107,135,10311
100,139,10312
102,139,10313
91,140,10314
89,140,10315
81,136,10316
81,137,10317
72,127,10318
69,118,10319
68,114,10320
67,110,10321
69,98,10322
70,95,10323
76,85,10324
81,80,10325
88,75,10326
96,73,10327
100,73,10328
111,75,10329
120,81,10330
126,87,10331
127,88,10332
133,99,10333
135,112,10334
135,121,10335
132,135,10336
130,140,10337
123,150,10338
115,157,10339
110,160,10340
101,163,10341
94,164,10342
82,162,10343
68,154,10344
67,154,10345
52,132,10346
49,122,10347
48,115,10348
47,109,10349
51,88,10350
56,76,10351
58,73,10352
65,64,10353
86,52,10354
93,50,10355
106,50,10356
122,55,10357
136,66,10358
143,75,10359
141,71,10360
151,89,10361
155,108,10362
155,125,10363
149,147,10364
149,148,10365
143,159,10366
124,178,10367
108,185,10368
100,187,10369
83,186,10370
78,185,10371
61,177,10372
43,159,10373
44,161,10374
32,138,10375
28,116,10376
28,98,10377
29,92,10378
39,64,10379
49,50,10380
57,42,10381
67,35,10382
88,27,10383
98,26,10384
121,30,10385
137,38,10386
148,47,10387
158,58,10388
165,70,10389
174,99,10390
176,117,10391
173,139,10392
171,148,10393
155,179,10394
134,198,10395
126,203,10396
103,210,10397
85,210,10398
63,204,10399
43,191,10400
32,180,10401
27,174,10402
14,148,10403
8,120,10404
8,124,10405
12,76,10406
14,69,10407
26,45,10408
38,30,10409
58,14,10410
76,6,10411
102,3,10412
119,5,10413
138,12,10414
94,111,10415
94,109,10416
95,107,10417
95,106,10418
97,104,10419
101,105,10420
103,105,10421
106,109,10422
107,111,10423
108,114,10424
108,117,10425
107,121,10426
108,121,10427
103,128,10428
99,130,10429
97,131,10430
93,132,10431
87,130,10432
84,128,10433
81,126,10434
78,120,10435
78,122,10436
75,111,10437
76,104,10438
76,102,10439
77,98,10440
83,89,10441
85,87,10442
102,83,10443
96,82,10444
103,82,10445
113,86,10446
118,90,10447
119,91,10448
125,101,10449
127,109,10450
128,117,10451
126,127,10452
125,132,10453
123,136,10454
113,148,10455
110,150,10456
98,154,10457
94,155,10458
85,154,10459
82,153,10460
68,143,10461
61,133,10462
59,130,10463
56,116,10464
55,107,10465
57,95,10466
60,86,10467
64,78,10468
71,70,10469
87,61,10470
94,59,10471
99,58,10472
118,63,10473
126,68,10474
130,71,10475
135,77,10476
141,86,10477
147,105,10478
148,118,10479
147,128,10480
136,154,10481
136,155,10482
127,165,10483
115,173,10484
104,177,10485
84,177,10486
87,178,10487
64,169,10488
58,164,10489
50,155,10490
41,139,10491
36,119,10492
35,107,10493
36,97,10494
43,74,10495
43,73,10496
55,55,10497
77,40,10498
91,36,10499
101,35,10500
115,37,10501
129,43,10502
150,62,10503
150,61,10504
156,70,10505
167,104,10506
168,114,10507
167,130,10508
161,152,10509
154,166,10510
145,178,10511
114,198,10512
111,199,10513
85,201,10514
84,201,10515
68,197,10516
50,186,10517
35,171,10518
29,162,10519
16,123,10520
15,105,10521
20,77,10522
19,79,10523
31,52,10524
47,33,10525
57,25,10526
72,17,10527
105,12,10528
109,12,10529
128,17,10530
154,34,10531
170,53,10532
183,82,10533
182,78,10534
188,113,10535
185,142,10536
184,148,10537
177,168,10538
163,190,10539
144,208,10540
122,220,10541
99,112,10542
101,113,10543
101,116,10544
101,118,10545
100,120,10546
99,121,10547
95,123,10548
94,123,10549
90,122,10550
86,118,10551
86,120,10552
84,115,10553
83,113,10554
83,106,10555
86,99,10556
85,100,10557
89,95,10558
90,94,10559
97,91,10560
99,90,10561
107,93,10562
109,93,10563
114,98,10564
115,99,10565
118,105,10566
120,111,10567
119,123,10568
119,126,10569
115,133,10570
115,134,10571
111,139,10572
99,145,10573
96,146,10574
92,146,10575
86,145,10576
73,136,10577
71,134,10578
66,125,10579
66,126,10580
63,106,10581
63,104,10582
67,90,10583
71,83,10584
76,77,10585
81,73,10586
84,71,10587
92,68,10588
112,70,10589
111,69,10590
125,78,10591
130,84,10592
134,90,10593
139,104,10594
140,112,10595
140,122,10596
134,142,10597
132,146,10598
127,153,10599
120,160,10600
103,168,10601
96,169,10602
82,168,10603
77,166,10604
65,159,10605
55,148,10606
48,136,10607
44,121,10608
43,113,10609
43,103,10610
50,78,10611
57,66,10612
56,67,10613
74,51,10614
80,48,10615
96,44,10616
110,45,10617
127,52,10618
142,65,10619
144,67,10620
153,82,10621
157,93,10622
160,110,10623
158,136,10624
149,158,10625
148,160,10626
135,176,10627
126,183,10628
119,187,10629
86,192,10630
84,192,10631
78,191,10632
50,175,10633
45,170,10634
35,156,10635
24,125,10636
23,115,10637
24,92,10638
36,60,10639
37,58,10640
45,47,10641
57,35,10642
86,22,10643
95,21,10644
109,21,10645
124,25,10646
138,32,10647
161,54,10648
172,74,10649
178,93,10650
180,108,10651
179,133,10652
177,143,10653
167,169,10654
153,189,10655
138,202,10656
115,213,10657
98,216,10658
89,216,10659
57,207,10660
51,204,10661
35,191,10662
14,161,10663
8,145,10664
4,128,10665
5,85,10666
13,59,10667
15,54,10668
95,115,10669
93,115,10670
91,113,10671
90,113,10672
90,110,10673
90,108,10674
92,103,10675
93,102,10676
96,100,10677
98,99,10678
100,99,10679
103,100,10680
106,101,10681
110,106,10682
112,111,10683
112,115,10684
113,116,10685
111,124,10686
109,128,10687
106,132,10688
102,135,10689
103,135,10690
92,137,10691
88,136,10692
85,135,10693
80,132,10694
74,124,10695
73,122,10696
71,111,10697
70,110,10698
71,103,10699
75,92,10700
75,91,10701
83,82,10702
86,80,10703
95,77,10704
100,76,10705
109,78,10706
112,79,10707
120,85,10708
128,96,10709
128,95,10710
132,120,10711
132,122,10712
132,124,10713
126,141,10714
122,146,10715
110,156,10716
109,157,10717
97,160,10718
88,160,10719
78,157,10720
73,154,10721
62,144,10722
55,132,10723
52,122,10724
51,105,10725
50,110,10726
52,95,10727
63,72,10728
65,69,10729
69,65,10730
79,58,10731
94,53,10732
101,53,10733
110,54,10734
129,64,10735
133,67,10736
147,88,10737
148,90,10738
152,121,10739
151,131,10740
150,136,10741
144,151,10742
140,158,10743
128,171,10744
106,182,10745
101,183,10746
93,184,10747
69,178,10748
61,173,10749
48,161,10750
37,142,10751
38,145,10752
31,103,10753
32,92,10754
33,87,10755
37,75,10756
52,51,10757
67,39,10758
79,33,10759
93,30,10760
113,31,10761
123,34,10762
131,38,10763
148,51,10764
156,61,10765
170,93,10766
172,123,10767
172,127,10768
170,140,10769
165,155,10770
158,169,10771
136,193,10772
117,203,10773
111,205,10774
89,207,10775
73,204,10776
53,195,10777
42,186,10778
29,171,10779
14,138,10780
11,118,10781
10,109,10782
15,76,10783
23,56,10784
31,43,10785
48,25,10786
65,14,10787
82,8,10788
99,6,10789
117,8,10790
145,20,10791
160,32,10792
178,57,10793
187,78,10794
192,103,10795
96,110,10796
96,109,10797
99,108,10798
101,107,10799
102,108,10800
104,111,10801
105,115,10802
105,118,10803
104,121,10804
102,124,10805
103,124,10806
98,127,10807
97,128,10808
90,128,10809
87,126,10810
85,125,10811
80,117,10812
80,118,10813
78,111,10814
78,109,10815
79,102,10816
78,103,10817
86,91,10818
88,89,10819
95,86,10820
97,85,10821
100,85,10822
108,87,10823
116,93,10824
116,92,10825
121,99,10826
124,111,10827
125,118,10828
125,119,10829
121,133,10830
121,134,10831
111,145,10832
104,149,10833
103,150,10834
94,152,10835
85,150,10836
79,148,10837
66,135,10838
65,134,10839
63,131,10840
60,124,10841
58,107,10842
60,96,10843
62,89,10844
69,77,10845
74,72,10846
79,68,10847
87,64,10848
102,62,10849
115,65,10850
123,70,10851
128,74,10852
133,79,10853
140,92,10854
144,106,10855
145,118,10856
144,128,10857
136,149,10858
135,151,10859
128,160,10860
121,166,10861
89,174,10862
92,175,10863
84,174,10864
67,167,10865
52,152,10866
47,144,10867
44,139,10868
41,131,10869
38,111,10870
41,87,10871
46,75,10872
50,67,10873
66,50,10874
78,43,10875
93,39,10876
99,38,10877
112,40,10878
126,45,10879
141,56,10880
150,67,10881
161,89,10882
164,102,10883
165,115,10884
164,130,10885
159,149,10886
151,165,10887
131,186,10888
123,191,10889
110,196,10890
89,198,10891
80,197,10892
62,190,10893
46,178,10894
28,153,10895
29,156,10896
20,130,10897
18,111,10898
19,93,10899
29,62,10900
38,47,10901
48,36,10902
60,27,10903
73,20,10904
103,15,10905
116,17,10906
143,29,10907
148,33,10908
170,59,10909
168,55,10910
183,94,10911
185,120,10912
184,132,10913
175,164,10914
163,185,10915
151,198,10916
140,207,10917
114,219,10918
106,221,10919
70,218,10920
51,210,10921
36,199,10922
98,113,10923
99,115,10924
97,119,10925
98,119,10926
95,120,10927
91,119,10928
89,118,10929
87,115,10930
86,111,10931
85,110,10932
85,109,10933
88,101,10934
86,102,10935
93,96,10936
97,95,10937
99,94,10938
101,94,10939
105,95,10940
112,101,10941
112,100,10942
116,110,10943
117,110,10944
117,118,10945
115,127,10946
113,131,10947
113,132,10948
106,138,10949
106,139,10950
94,142,10951
93,143,10952
85,141,10953
81,139,10954
72,130,10955
69,125,10956
68,123,10957
66,111,10958
66,105,10959
70,91,10960
71,88,10961
80,78,10962
84,75,10963
91,72,10964
99,71,10965
104,71,10966
109,72,10967
118,76,10968
130,90,10969
134,98,10970
136,103,10971
137,113,10972
136,128,10973
135,132,10974
132,140,10975
124,152,10976
116,159,10977
104,164,10978
92,166,10979
84,165,10980
71,159,10981
69,158,10982
58,147,10983
52,137,10984
48,127,10985
46,114,10986
46,101,10987
49,87,10988
61,67,10989
67,60,10990
77,53,10991
93,48,10992
104,48,10993
114,50,10994
116,50,10995
128,56,10996
140,67,10997
150,83,10998
155,97,10999
157,121,11000
157,124,11001
149,152,11002
143,162,11003
134,173,11004
125,180,11005
104,188,11006
96,189,11007
82,188,11008
71,185,11009
55,175,11010
37,153,11011
35,150,11012
31,141,11013
26,104,11014
26,101,11015
31,77,11016
38,62,11017
49,47,11018
60,37,11019
90,25,11020
98,24,11021
110,25,11022
135,34,11023
137,35,11024
159,57,11025
166,68,11026
173,85,11027
177,109,11028
176,135,11029
165,166,11030
168,161,11031
153,184,11032
135,200,11033
124,206,11034
101,212,11035
77,211,11036
56,203,11037
43,194,11038
33,184,11039
19,164,11040
11,145,11041
7,128,11042
6,99,11043
16,60,11044
20,51,11045
24,44,11046
46,20,11047
77,4,11048
92,1,11049
96,113,11050
93,113,11051
93,108,11052
92,108,11053
95,104,11054
97,103,11055
101,103,11056
102,103,11057
106,107,11058
106,106,11059
107,106,11060
109,114,11061
110,114,11062
109,122,11063
107,125,11064
103,130,11065
100,132,11066
98,133,11067
94,134,11068
93,134,11069
84,130,11070
82,130,11071
78,125,11072
76,121,11073
74,113,11074
73,111,11075
76,97,11076
75,98,11077
81,89,11078
81,88,11079
89,82,11080
97,80,11081
103,80,11082
110,82,11083
111,82,11084
121,91,11085
126,99,11086
127,101,11087
129,109,11088
130,117,11089
128,128,11090
124,138,11091
118,146,11092
106,154,11093
105,155,11094
98,157,11095
86,156,11096
78,153,11097
75,152,11098
64,141,11099
61,137,11100
57,129,11101
54,103,11102
53,110,11103
56,91,11104
64,76,11105
68,71,11106
75,64,11107
85,59,11108
104,57,11109
100,56,11110
117,60,11111
124,64,11112
132,70,11113
144,89,11114
144,88,11115
149,120,11116
150,117,11117
146,139,11118
134,160,11119
131,164,11120
121,172,11121
116,175,11122
99,180,11123
86,180,11124
75,177,11125
60,168,11126
45,151,11127
39,139,11128
40,142,11129
34,117,11130
33,110,11131
35,91,11132
47,63,11133
55,53,11134
72,40,11135
78,37,11136
88,34,11137
109,34,11138
128,40,11139
135,44,11140
156,67,11141
159,72,11142
162,78,11143
169,105,11144
170,115,11145
165,147,11146
151,173,11147
140,185,11148
137,188,11149
119,199,11150
103,203,11151
83,203,11152
68,199,11153
53,191,11154
35,174,11155
27,162,11156
18,141,11157
16,134,11158
13,110,11159
21,68,11160
25,59,11161
40,37,11162
46,31,11163
61,20,11164
85,11,11165
114,11,11166
115,11,11167
150,28,11168
161,38,11169
174,56,11170
183,75,11171
189,103,11172
190,113,11173
185,150,11174
175,175,11175
163,193,11176
97,111,11177
99,110,11178
102,113,11179
103,113,11180
103,116,11181
102,119,11182
100,122,11183
99,123,11184
95,125,11185
93,125,11186
89,124,11187
86,122,11188
85,121,11189
82,115,11190
81,111,11191
81,109,11192
82,102,11193
83,100,11194
86,95,11195
88,93,11196
96,89,11197
94,89,11198
104,89,11199
107,90,11200
113,94,11201
115,96,11202
119,102,11203
121,107,11204
122,117,11205
122,119,11206
120,128,11207
117,134,11208
113,140,11209
106,145,11210
101,147,11211
94,148,11212
83,146,11213
81,145,11214
77,143,11215
70,136,11216
64,125,11217
62,119,11218
61,108,11219
63,95,11220
64,92,11221
69,82,11222
74,76,11223
84,69,11224
92,66,11225
100,65,11226
107,66,11227
122,73,11228
127,77,11229
136,90,11230
137,92,11231
141,105,11232
142,116,11233
140,132,11234
138,138,11235
131,151,11236
116,165,11237
118,164,11238
99,171,11239
87,171,11240
74,167,11241
67,163,11242
60,157,11243
48,140,11244
45,133,11245
43,126,11246
41,109,11247
44,88,11248
48,77,11249
56,64,11250
67,53,11251
75,48,11252
97,42,11253
110,43,11254
111,43,11255
135,55,11256
134,54,11257
145,65,11258
157,87,11259
161,102,11260
162,115,11261
161,130,11262
154,153,11263
141,173,11264
139,175,11265
117,190,11266
112,192,11267
94,195,11268
72,191,11269
67,189,11270
48,176,11271
37,163,11272
28,146,11273
22,124,11274
21,110,11275
22,94,11276
27,74,11277
43,46,11278
53,36,11279
61,30,11280
91,19,11281
89,19,11282
114,20,11283
143,33,11284
157,46,11285
164,55,11286
171,67,11287
180,94,11288
182,119,11289
181,132,11290
174,159,11291
164,178,11292
151,194,11293
137,205,11294
119,214,11295
88,218,11296
71,215,11297
58,210,11298
46,203,11299
19,174,11300
13,163,11301
4,137,11302
1,103,11303
97,115,11304
95,117,11305
94,117,11306
93,118,11307
90,115,11308
89,108,11309
88,109,11310
89,105,11311
91,102,11312
92,100,11313
93,99,11314
98,98,11315
101,97,11316
105,99,11317
108,101,11318
109,101,11319
113,109,11320
114,113,11321
114,118,11322
114,120,11323
110,130,11324
112,128,11325
104,136,11326
99,138,11327
95,139,11328
94,140,11329
87,138,11330
80,134,11331
74,127,11332
74,128,11333
70,120,11334
69,111,11335
69,103,11336
71,95,11337
75,88,11338
80,82,11339
84,79,11340
94,75,11341
97,74,11342
106,75,11343
114,78,11344
120,82,11345
127,91,11346
129,94,11347
133,104,11348
134,109,11349
134,123,11350
130,136,11351
124,147,11352
117,154,11353
114,156,11354
104,161,11355
88,162,11356
87,162,11357
72,156,11358
63,148,11359
56,138,11360
54,135,11361
51,126,11362
49,108,11363
50,95,11364
52,88,11365
59,74,11366
67,64,11367
78,56,11368
80,55,11369
99,51,11370
114,53,11371
119,55,11372
128,60,11373
143,77,11374
151,95,11375
153,101,11376
154,122,11377
153,132,11378
151,139,11379
138,163,11380
136,166,11381
123,177,11382
107,184,11383
92,186,11384
83,185,11385
67,179,11386
55,171,11387
40,152,11388
34,139,11389
32,134,11390
29,101,11391
29,100,11392
36,73,11393
48,53,11394
46,55,11395
70,35,11396
85,29,11397
91,28,11398
121,31,11399
126,33,11400
144,45,11401
161,66,11402
164,71,11403
170,85,11404
174,125,11405
172,139,11406
168,153,11407
160,169,11408
150,183,11409
142,191,11410
114,206,11411
100,209,11412
75,207,11413
58,200,11414
40,187,11415
25,168,11416
22,163,11417
16,151,11418
9,101,11419
10,90,11420
16,67,11421
22,54,11422
35,35,11423
50,21,11424
67,11,11425
86,5,11426
118,6,11427
148,20,11428
155,25,11429
175,48,11430
95,111,11431
95,108,11432
97,107,11433
96,106,11434
100,105,11435
103,107,11436
105,109,11437
106,112,11438
107,115,11439
107,116,11440
106,122,11441
103,126,11442
104,126,11443
99,129,11444
94,130,11445
90,130,11446
88,129,11447
83,126,11448
81,123,11449
78,119,11450
77,112,11451
76,113,11452
78,100,11453
79,97,11454
82,92,11455
84,89,11456
94,84,11457
96,83,11458
109,86,11459
104,83,11460
114,88,11461
118,92,11462
122,98,11463
123,99,11464
126,121,11465
127,117,11466
123,133,11467
120,138,11468
117,143,11469
111,148,11470
108,150,11471
97,153,11472
84,152,11473
79,150,11474
74,147,11475
71,145,11476
61,130,11477
57,117,11478
57,120,11479
56,109,11480
60,89,11481
64,81,11482
72,71,11483
78,66,11484
90,61,11485
98,60,11486
104,60,11487
113,62,11488
124,68,11489
130,73,11490
143,95,11491
143,94,11492
146,124,11493
147,115,11494
145,132,11495
141,144,11496
128,162,11497
124,166,11498
107,175,11499
95,177,11500
78,174,11501
66,168,11502
62,166,11503
51,155,11504
45,145,11505
39,130,11506
37,102,11507
36,109,11508
39,88,11509
45,72,11510
63,50,11511
60,52,11512
82,39,11513
105,37,11514
107,37,11515
122,41,11516
132,46,11517
142,54,11518
163,91,11519
165,98,11520
165,97,11521
167,116,11522
162,146,11523
152,167,11524
149,171,11525
137,184,11526
117,196,11527
97,200,11528
81,199,11529
68,195,11530
56,189,11531
51,186,11532
26,153,11533
19,134,11534
17,123,11535
16,110,11536
21,76,11537
27,62,11538
37,45,11539
56,27,11540
66,21,11541
96,13,11542
120,16,11543
137,23,11544
141,25,11545
156,37,11546
177,69,11547
181,79,11548
185,95,11549
187,119,11550
182,150,11551
176,166,11552
159,193,11553
161,191,11554
128,216,11555
103,223,11556
93,224,11557
98,112,11558
100,113,11559
99,118,11560
100,119,11561
97,121,11562
95,122,11563
93,122,11564
90,121,11565
88,119,11566
85,115,11567
85,117,11568
84,109,11569
83,108,11570
86,101,11571
88,98,11572
91,95,11573
92,94,11574
98,92,11575
104,93,11576
106,93,11577
111,97,11578
113,98,11579
115,101,11580
118,109,11581
119,118,11582
119,121,11583
116,129,11584
115,132,11585
107,140,11586
106,141,11587
99,144,11588
89,144,11589
88,144,11590
82,142,11591
73,135,11592
67,124,11593
65,117,11594
64,112,11595
64,107,11596
65,99,11597
69,88,11598
74,81,11599
84,73,11600
91,70,11601
90,70,11602
99,68,11603
111,71,11604
123,78,11605
120,75,11606
130,86,11607
137,101,11608
139,112,11609
138,127,11610
139,123,11611
132,144,11612
122,156,11613
120,158,11614
115,162,11615
96,168,11616
93,168,11617
78,165,11618
75,164,11619
61,154,11620
54,145,11621
47,129,11622
44,115,11623
46,94,11624
46,91,11625
50,80,11626
58,67,11627
73,53,11628
77,51,11629
87,47,11630
99,45,11631
119,49,11632
128,54,11633
138,62,11634
149,77,11635
157,98,11636
158,102,11637
159,117,11638
157,136,11639
154,146,11640
134,175,11641
133,176,11642
113,188,11643
110,189,11644
85,191,11645
67,185,11646
58,180,11647
56,179,11648
36,155,11649
27,133,11650
24,116,11651
24,106,11652
28,80,11653
33,67,11654
54,40,11655
63,33,11656
66,31,11657
86,23,11658
96,22,11659
116,24,11660
134,31,11661
153,46,11662
158,52,11663
175,86,11664
178,100,11665
179,123,11666
178,134,11667
162,175,11668
153,187,11669
137,201,11670
127,207,11671
114,212,11672
95,215,11673
62,208,11674
54,204,11675
34,188,11676
20,170,11677
15,160,11678
6,133,11679
4,103,11680
5,90,11681
11,67,11682
31,32,11683
37,25,11684
94,114,11685
93,114,11686
91,112,11687
91,111,11688
91,108,11689
92,105,11690
95,102,11691
96,101,11692
99,101,11693
102,101,11694
103,101,11695
108,105,11696
110,108,11697
111,112,11698
111,118,11699
110,123,11700
110,124,11701
106,130,11702
105,131,11703
99,135,11704
91,135,11705
92,136,11706
91,136,11707
81,131,11708
77,126,11709
76,125,11710
72,114,11711
72,105,11712
73,101,11713
74,96,11714
76,92,11715
83,84,11716
85,82,11717
91,79,11718
103,78,11719
104,78,11720
114,82,11721
122,89,11722
123,90,11723
128,99,11724
131,110,11725
131,119,11726
130,128,11727
126,138,11728
126,139,11729
118,149,11730
113,153,11731
101,158,11732
90,159,11733
85,158,11734
72,152,11735
68,149,11736
60,139,11737
54,126,11738
53,122,11739
52,105,11740
55,89,11741
54,91,11742
60,78,11743
69,67,11744
82,58,11745
91,55,11746
101,54,11747
109,55,11748
123,61,11749
130,66,11750
141,79,11751
148,94,11752
151,108,11753
150,129,11754
150,130,11755
148,139,11756
139,157,11757
132,166,11758
122,174,11759
112,179,11760
89,182,11761
78,180,11762
63,173,11763
59,170,11764
48,159,11765
39,144,11766
32,118,11767
32,103,11768
34,88,11769
40,71,11770
44,64,11771
52,53,11772
73,37,11773
88,32,11774
104,31,11775
111,32,11776
122,35,11777
148,53,11778
159,68,11779
163,76,11780
171,106,11781
171,122,11782
167,146,11783
161,161,11784
159,165,11785
139,189,11786
121,200,11787
110,204,11788
91,206,11789
77,204,11790
59,197,11791
44,186,11792
31,172,11793
17,144,11794
15,137,11795
12,100,11796
12,98,11797
15,80,11798
29,48,11799
43,31,11800
64,16,11801
66,15,11802
107,8,11803
117,9,11804
144,21,11805
150,25,11806
172,49,11807
174,52,11808
189,91,11809
191,106,11810
190,137,11811
97,109,11812
98,108,11813
100,109,11814
102,109,11815
103,110,11816
104,117,11817
103,120,11818
104,119,11819
100,124,11820
99,125,11821
97,127,11822
93,127,11823
90,127,11824
87,125,11825
84,122,11826
82,120,11827
80,113,11828
79,110,11829
80,103,11830
80,102,11831
84,95,11832
82,96,11833
93,88,11834
96,87,11835
103,87,11836
104,87,11837
111,90,11838
115,93,11839
120,101,11840
122,105,11841
123,108,11842
124,116,11843
123,124,11844
119,135,11845
113,142,11846
111,144,11847
100,149,11848
92,150,11849
88,150,11850
85,149,11851
73,142,11852
70,139,11853
62,124,11854
60,117,11855
59,112,11856
59,109,11857
62,92,11858
70,78,11859
68,80,11860
80,69,11861
92,64,11862
91,64,11863
111,65,11864
114,66,11865
125,73,11866
131,79,11867
138,90,11868
143,106,11869
144,115,11870
142,130,11871
142,132,11872
136,147,11873
126,160,11874
120,165,11875
111,170,11876
100,173,11877
79,171,11878
78,171,11879
59,159,11880
56,156,11881
42,128,11882
41,124,11883
39,112,11884
40,98,11885
43,84,11886
52,66,11887
67,51,11888
69,49,11889
79,44,11890
96,40,11891
104,40,11892
121,44,11893
133,51,11894
145,62,11895
158,85,11896
163,105,11897
164,113,11898
162,135,11899
161,139,11900
150,164,11901
140,177,11902
124,189,11903
115,193,11904
105,196,11905
75,194,11906
77,195,11907
52,182,11908
40,170,11909
29,152,11910
24,140,11911
20,124,11912
19,107,11913
24,77,11914
26,71,11915
44,42,11916
51,35,11917
74,21,11918
106,17,11919
99,16,11920
130,23,11921
153,39,11922
156,42,11923
168,58,11924
180,86,11925
183,100,11926
184,118,11927
177,156,11928
171,170,11929
162,184,11930
138,207,11931
116,217,11932
108,219,11933
85,220,11934
74,218,11935
43,203,11936
41,202,11937
14,169,11938
98,115,11939
98,116,11940
95,118,11941
95,119,11942
92,119,11943
89,116,11944
88,114,11945
87,112,11946
87,107,11947
87,106,11948
87,104,11949
91,99,11950
98,96,11951
90,98,11952
102,96,11953
104,96,11954
109,99,11955
110,100,11956
115,110,11957
114,105,11958
116,115,11959
117,117,11960
114,126,11961
111,132,11962
107,136,11963
108,136,11964
96,141,11965
90,141,11966
85,139,11967
85,140,11968
75,132,11969
72,128,11970
69,121,11971
67,114,11972
67,108,11973
68,99,11974
72,89,11975
77,83,11976
79,80,11977
85,76,11978
92,73,11979
101,72,11980
110,74,11981
119,79,11982
124,83,11983
126,85,11984
134,102,11985
136,113,11986
136,119,11987
134,132,11988
131,139,11989
127,146,11990
115,158,11991
112,160,11992
99,164,11993
83,163,11994
80,162,11995
67,155,11996
64,152,11997
56,142,11998
49,125,11999
48,122,12000
49,93,12001
48,95,12002
54,78,12003
57,73,12004
81,53,12005
80,53,12006
89,50,12007
104,49,12008
121,54,12009
136,65,12010
135,63,12011
144,74,12012
153,94,12013
156,110,12014
155,128,12015
153,139,12016
145,157,12017
136,169,12018
122,180,12019
121,181,12020
112,185,12021
93,188,12022
68,182,12023
56,174,12024
52,171,12025
38,153,12026
32,139,12027
28,124,12028
27,104,12029
30,84,12030
33,75,12031
43,56,12032
64,36,12033
73,31,12034
81,28,12035
108,26,12036
132,34,12037
147,45,12038
154,52,12039
162,63,12040
172,87,12041
176,107,12042
176,120,12043
172,147,12044
171,150,12045
143,192,12046
149,187,12047
131,201,12048
100,211,12049
87,211,12050
69,207,12051
59,203,12052
50,198,12053
25,172,12054
13,147,12055
10,137,12056
8,92,12057
9,84,12058
15,65,12059
37,30,12060
49,19,12061
53,16,12062
87,3,12063
97,2,12064
122,5,12065
94,112,12066
93,111,12067
94,107,12068
94,106,12069
95,105,12070
99,104,12071
102,104,12072
104,106,12073
106,108,12074
108,112,12075
109,112,12076
108,120,12077
109,120,12078
106,125,12079
102,129,12080
101,130,12081
96,132,12082
91,132,12083
88,131,12084
85,130,12085
80,125,12086
79,125,12087
76,118,12088
75,110,12089
75,103,12090
75,101,12091
80,92,12092
84,87,12093
89,84,12094
92,82,12095
98,81,12096
109,83,12097
114,86,12098
116,87,12099
121,92,12100
126,102,12101
128,111,12102
128,120,12103
128,124,12104
126,131,12105
122,139,12106
113,149,12107
105,153,12108
99,155,12109
95,156,12110
91,156,12111
71,147,12112
70,146,12113
68,145,12114
56,121,12115
55,116,12116
55,119,12117
57,92,12118
57,91,12119
61,82,12120
73,68,12121
80,63,12122
88,59,12123
102,58,12124
118,62,12125
122,64,12126
132,72,12127
140,83,12128
143,89,12129
148,108,12130
149,115,12131
144,140,12132
143,144,12133
133,160,12134
123,169,12135
115,174,12136
101,178,12137
91,179,12138
76,176,12139
69,173,12140
58,165,12141
47,152,12142
40,138,12143
35,118,12144
35,99,12145
37,89,12146
38,84,12147
46,66,12148
61,49,12149
73,41,12150
86,36,12151
98,34,12152
110,35,12153
136,47,12154
137,47,12155
155,67,12156
161,79,12157
168,106,12158
169,116,12159
166,138,12160
163,149,12161
159,159,12162
127,193,12163
121,196,12164
111,200,12165
86,202,12166
84,202,12167
49,186,12168
46,184,12169
30,165,12170
19,140,12171
17,133,12172
15,100,12173
17,84,12174
22,68,12175
40,39,12176
48,31,12177
62,21,12178
75,15,12179
105,11,12180
106,11,12181
141,23,12182
147,27,12183
168,49,12184
181,73,12185
186,91,12186
188,128,12187
188,130,12188
184,151,12189
172,178,12190
148,206,12191
133,216,12192
98,111,12193
101,112,12194
101,115,12195
102,115,12196
102,117,12197
98,122,12198
97,123,12199
95,124,12200
93,124,12201
89,122,12202
89,123,12203
84,117,12204
84,118,12205
82,111,12206
83,104,12207
85,99,12208
84,100,12209
88,95,12210
94,91,12211
96,90,12212
104,91,12213
103,90,12214
110,93,12215
115,98,12216
118,104,12217
120,108,12218
121,114,12219
121,117,12220
117,131,12221
118,130,12222
116,134,12223
106,143,12224
99,146,12225
96,147,12226
87,146,12227
80,143,12228
76,140,12229
70,134,12230
69,133,12231
64,121,12232
62,112,12233
64,96,12234
65,93,12235
70,83,12236
73,79,12237
81,72,12238
87,69,12239
102,67,12240
107,67,12241
118,72,12242
124,76,12243
133,87,12244
137,95,12245
140,106,12246
141,113,12247
139,130,12248
135,142,12249
131,149,12250
122,159,12251
115,164,12252
106,168,12253
97,170,12254
89,170,12255
77,167,12256
63,158,12257
56,151,12258
48,137,12259
45,129,12260
42,112,12261
43,99,12262
49,78,12263
52,72,12264
61,60,12265
78,48,12266
83,46,12267
98,43,12268
116,46,12269
130,53,12270
132,54,12271
145,67,12272
152,78,12273
159,98,12274
161,113,12275
158,138,12276
154,150,12277
149,160,12278
136,176,12279
129,182,12280
107,192,12281
99,193,12282
84,193,12283
59,183,12284
51,177,12285
40,165,12286
31,150,12287
27,140,12288
22,114,12289
24,91,12290
28,75,12291
32,65,12292
48,42,12293
69,27,12294
83,22,12295
93,20,12296
117,22,12297
124,24,12298
142,34,12299
158,49,12300
167,62,12301
179,95,12302
181,113,12303
179,137,12304
177,146,12305
168,169,12306
148,195,12307
142,200,12308
114,214,12309
111,215,12310
82,216,12311
68,213,12312
36,193,12313
31,188,12314
12,158,12315
10,153,12316
2,113,12317
3,93,12318
7,73,12319
96,115,12320
95,116,12321
92,115,12322
91,116,12323
90,114,12324
89,109,12325
90,106,12326
91,103,12327
95,100,12328
96,99,12329
101,99,12330
103,99,12331
104,99,12332
108,102,12333
111,107,12334
112,108,12335
113,114,12336
113,119,12337
111,126,12338
110,128,12339
107,132,12340
108,132,12341
98,137,12342
93,138,12343
88,137,12344
83,135,12345
78,131,12346
77,130,12347
71,116,12348
71,119,12349
70,107,12350
71,100,12351
72,96,12352
74,91,12353
81,83,12354
91,77,12355
96,76,12356
108,77,12357
106,76,12358
115,80,12359
123,87,12360
128,94,12361
131,103,12362
133,113,12363
133,122,12364
130,134,12365
126,142,12366
121,148,12367
114,155,12368
102,160,12369
98,161,12370
84,160,12371
81,159,12372
70,153,12373
59,141,12374
53,128,12375
51,120,12376
51,122,12377
50,105,12378
57,80,12379
57,79,12380
64,69,12381
73,61,12382
81,56,12383
97,52,12384
100,52,12385
125,60,12386
132,65,12387
134,67,12388
144,80,12389
151,99,12390
153,113,12391
153,123,12392
148,144,12393
144,153,12394
137,163,12395
122,176,12396
115,180,12397
99,184,12398
86,184,12399
74,181,12400
58,172,12401
49,163,12402
44,157,12403
33,132,12404
30,114,12405
30,102,12406
34,81,12407
41,65,12408
49,54,12409
54,48,12410
75,34,12411
83,31,12412
107,29,12413
129,36,12414
133,38,12415
154,57,12416
160,66,12417
171,96,12418
173,110,12419
173,126,12420
169,146,12421
165,157,12422
155,175,12423
137,193,12424
117,204,12425
111,206,12426
93,208,12427
80,207,12428
49,193,12429
41,186,12430
21,159,12431
15,143,12432
12,132,12433
11,91,12434
12,85,12435
18,65,12436
28,46,12437
52,21,12438
63,14,12439
84,7,12440
100,5,12441
124,9,12442
140,16,12443
166,38,12444
175,50,12445
187,76,12446
96,112,12447
96,108,12448
99,107,12449
99,106,12450
100,106,12451
103,108,12452
105,113,12453
106,115,12454
105,120,12455
104,122,12456
105,122,12457
100,127,12458
99,128,12459
92,129,12460
87,127,12461
86,127,12462
84,125,12463
81,121,12464
78,114,12465
78,106,12466
78,104,12467
77,104,12468
81,96,12469
87,89,12470
88,88,12471
94,85,12472
99,84,12473
105,85,12474
112,89,12475
114,89,12476
120,96,12477
123,103,12478
125,110,12479
126,114,12480
124,127,12481
124,128,12482
117,140,12483
108,148,12484
109,148,12485
98,152,12486
92,152,12487
82,150,12488
74,145,12489
71,143,12490
64,134,12491
62,131,12492
58,115,12493
58,102,12494
59,96,12495
62,87,12496
66,80,12497
74,71,12498
85,64,12499
87,63,12500
101,61,12501
114,64,12502
123,69,12503
126,71,12504
138,86,12505
141,92,12506
145,109,12507
146,115,12508
143,134,12509
141,141,12510
133,155,12511
129,160,12512
110,172,12513
101,175,12514
94,176,12515
81,174,12516
60,162,12517
52,153,12518
49,150,12519
46,145,12520
38,118,12521
37,108,12522
42,83,12523
43,79,12524
52,63,12525
66,49,12526
81,41,12527
92,38,12528
104,38,12529
112,39,12530
135,50,12531
148,63,12532
155,73,12533
160,84,12534
165,108,12535
166,115,12536
163,138,12537
161,146,12538
149,169,12539
148,171,12540
118,194,12541
116,195,12542
90,199,12543
78,197,12544
47,180,12545
37,169,12546
38,171,12547
26,151,12548
20,132,12549
17,111,12550
24,72,12551
24,71,12552
33,53,12553
52,32,12554
58,27,12555
89,15,12556
100,14,12557
115,16,12558
136,24,12559
155,38,12560
159,42,12561
178,74,12562
182,87,12563
186,115,12564
182,146,12565
176,164,12566
157,193,12567
151,199,12568
143,206,12569
114,220,12570
88,222,12571
78,221,12572
53,212,12573
99,114,12574
100,115,12575
98,118,12576
97,120,12577
95,121,12578
91,120,12579
90,120,12580
87,116,12581
86,114,12582
85,112,12583
85,107,12584
86,104,12585
84,107,12586
90,97,12587
94,95,12588
95,94,12589
99,93,12590
104,94,12591
109,97,12592
110,97,12593
116,107,12594
115,103,12595
118,113,12596
118,116,12597
117,124,12598
117,125,12599
107,138,12600
110,137,12601
99,142,12602
96,143,12603
89,143,12604
83,141,12605
76,136,12606
71,130,12607
72,132,12608
66,116,12609
65,110,12610
66,101,12611
67,95,12612
70,89,12613
72,85,12614
86,73,12615
94,71,12616
98,70,12617
108,71,12618
122,79,12619
116,74,12620
131,90,12621
131,89,12622
137,107,12623
138,118,12624
137,126,12625
134,137,12626
132,142,12627
124,153,12628
103,165,12629
100,166,12630
96,167,12631
77,163,12632
68,158,12633
63,154,12634
57,147,12635
51,137,12636
48,129,12637
45,112,12638
45,104,12639
56,72,12640
52,78,12641
67,59,12642
80,51,12643
85,49,12644
99,47,12645
107,47,12646
118,50,12647
134,60,12648
146,74,12649
150,81,12650
156,99,12651
158,119,12652
156,134,12653
153,144,12654
148,156,12655
143,164,12656
124,181,12657
111,187,12658
91,190,12659
88,190,12660
67,184,12661
47,168,12662
49,171,12663
34,150,12664
26,121,12665
25,105,12666
25,104,12667
35,66,12668
37,62,12669
46,49,12670
69,31,12671
91,24,12672
99,23,12673
119,26,12674
120,26,12675
142,38,12676
155,50,12677
163,61,12678
176,95,12679
178,111,12680
174,145,12681
175,143,12682
164,170,12683
153,185,12684
128,205,12685
108,212,12686
100,213,12687
77,212,12688
58,205,12689
46,197,12690
27,178,12691
21,169,12692
8,137,12693
5,113,12694
8,82,12695
11,70,12696
13,64,12697
36,28,12698
64,8,12699
77,3,12700
94,113,12701
92,112,12702
92,109,12703
91,109,12704
93,105,12705
94,104,12706
97,102,12707
99,102,12708
103,103,12709
106,105,12710
107,105,12711
109,109,12712
110,111,12713
111,116,12714
107,126,12715
109,124,12716
104,130,12717
103,131,12718
97,134,12719
95,135,12720
88,133,12721
88,134,12722
79,127,12723
78,126,12724
75,120,12725
73,115,12726
73,107,12727
74,99,12728
80,89,12729
80,88,12730
81,87,12731
93,80,12732
92,80,12733
102,79,12734
110,81,12735
116,85,12736
122,91,12737
126,97,12738
127,99,12739
130,112,12740
130,121,12741
127,133,12742
123,141,12743
118,147,12744
114,151,12745
107,155,12746
95,158,12747
88,157,12748
79,155,12749
69,148,12750
62,140,12751
57,131,12752
54,121,12753
53,115,12754
53,102,12755
58,85,12756
61,79,12757
64,74,12758
77,62,12759
86,58,12760
104,56,12761
111,57,12762
114,58,12763
121,61,12764
136,74,12765
141,81,12766
147,95,12767
150,111,12768
149,130,12769
144,145,12770
143,148,12771
132,164,12772
125,170,12773
111,178,12774
98,181,12775
82,180,12776
64,172,12777
59,168,12778
48,157,12779
39,141,12780
35,129,12781
33,117,12782
33,100,12783
37,82,12784
42,70,12785
53,54,12786
70,40,12787
76,37,12788
90,33,12789
100,32,12790
126,38,12791
141,48,12792
149,56,12793
161,74,12794
166,87,12795
170,107,12796
170,128,12797
160,160,12798
158,164,12799
149,177,12800
142,185,12801
112,202,12802
100,204,12803
93,205,12804
66,199,12805
48,188,12806
42,183,12807
21,151,12808
16,137,12809
13,119,12810
13,100,12811
21,66,12812
32,46,12813
38,38,12814
52,25,12815
63,18,12816
93,9,12817
118,11,12818
130,15,12819
148,25,12820
156,32,12821
170,48,12822
182,71,12823
190,104,12824
189,134,12825
183,159,12826
176,175,12827
98,110,12828
100,110,12829
102,112,12830
103,112,12831
103,114,12832
103,118,12833
102,120,12834
100,123,12835
97,125,12836
95,126,12837
94,126,12838
90,125,12839
87,124,12840
83,119,12841
81,114,12842
81,115,12843
80,109,12844
81,103,12845
83,98,12846
86,94,12847
91,90,12848
90,90,12849
98,88,12850
103,88,12851
110,91,12852
113,93,12853
118,99,12854
121,105,12855
122,113,12856
123,114,12857
122,123,12858
117,135,12859
117,136,12860
113,141,12861
107,145,12862
99,148,12863
94,149,12864
87,148,12865
76,143,12866
70,137,12867
66,131,12868
65,130,12869
61,105,12870
60,108,12871
62,96,12872
63,92,12873
69,81,12874
78,72,12875
82,69,12876
95,65,12877
100,64,12878
110,66,12879
119,70,12880
127,76,12881
132,82,12882
139,96,12883
142,109,12884
143,115,12885
140,134,12886
136,144,12887
128,156,12888
122,162,12889
112,168,12890
99,172,12891
90,172,12892
74,168,12893
69,165,12894
58,156,12895
53,150,12896
47,140,12897
41,103,12898
41,99,12899
42,92,12900
46,80,12901
55,64,12902
66,53,12903
76,47,12904
85,43,12905
101,41,12906
114,43,12907
135,54,12908
141,59,12909
150,71,12910
156,82,12911
162,109,12912
163,116,12913
161,134,12914
154,155,12915
141,174,12916
139,176,12917
119,190,12918
107,194,12919
93,196,12920
75,193,12921
60,186,12922
44,173,12923
35,161,12924
29,150,12925
21,117,12926
20,108,12927
22,89,12928
30,65,12929
42,46,12930
53,35,12931
73,23,12932
75,22,12933
113,19,12934
124,22,12935
137,28,12936
157,45,12937
169,62,12938
174,72,12939
181,97,12940
183,118,12941
179,146,12942
173,163,12943
168,173,12944
152,194,12945
132,209,12946
107,218,12947
91,219,12948
80,218,12949
65,214,12950
32,192,12951
23,181,12952
9,156,12953
4,140,12954
97,113,12955
96,117,12956
93,117,12957
94,119,12958
90,116,12959
89,114,12960
88,111,12961
88,107,12962
89,104,12963
90,102,12964
90,101,12965
97,97,12966
95,97,12967
103,97,12968
105,98,12969
108,99,12970
112,105,12971
113,107,12972
115,113,12973
115,116,12974
113,126,12975
115,122,12976
109,133,12977
105,136,12978
98,139,12979
101,139,12980
88,139,12981
87,139,12982
79,134,12983
78,134,12984
71,124,12985
69,115,12986
68,111,12987
68,105,12988
71,94,12989
74,88,12990
78,83,12991
86,77,12992
93,74,12993
99,73,12994
105,74,12995
116,78,12996
125,87,12997
126,88,12998
131,96,12999
134,104,13000
135,114,13001
133,129,13002
133,131,13003
125,147,13004
119,153,13005
111,159,13006
98,163,13007
90,163,13008
80,161,13009
76,159,13010
63,149,13011
59,145,13012
51,128,13013
49,120,13014
48,112,13015
50,92,13016
53,84,13017
56,77,13018
67,63,13019
73,58,13020
94,51,13021
102,50,13022
116,53,13023
123,56,13024
137,68,13025
145,79,13026
148,83,13027
154,102,13028
155,120,13029
154,130,13030
145,154,13031
141,161,13032
133,170,13033
126,176,13034
101,186,13035
104,186,13036
77,184,13037
65,179,13038
53,170,13039
37,148,13040
37,149,13041
30,129,13042
28,106,13043
31,85,13044
36,71,13045
47,53,13046
59,41,13047
74,32,13048
86,28,13049
94,27,13050
108,27,13051
133,36,13052
151,51,13053
163,68,13054
167,75,13055
172,90,13056
175,112,13057
175,124,13058
168,154,13059
164,164,13060
151,183,13061
126,202,13062
127,202,13063
98,210,13064
67,205,13065
62,203,13066
38,186,13067
31,178,13068
26,172,13069
11,136,13070
8,114,13071
8,102,13072
13,74,13073
21,54,13074
49,21,13075
61,13,13076
75,7,13077
95,3,13078
120,6,13079
130,9,13080
147,18,13081
95,112,13082
94,110,13083
96,107,13084
97,105,13085
98,104,13086
102,106,13087
104,107,13088
105,108,13089
107,113,13090
107,118,13091
108,116,13092
106,123,13093
106,124,13094
101,129,13095
97,130,13096
96,131,13097
92,131,13098
88,130,13099
82,126,13100
80,124,13101
77,116,13102
76,116,13103
76,106,13104
78,98,13105
78,97,13106
78,96,13107
88,86,13108
87,86,13109
99,83,13110
98,82,13111
106,83,13112
115,88,13113
118,91,13114
122,96,13115
126,105,13116
127,112,13117
127,121,13118
122,136,13119
122,137,13120
117,144,13121
111,149,13122
105,152,13123
95,154,13124
89,154,13125
79,151,13126
75,149,13127
64,137,13128
62,134,13129
58,126,13130
56,105,13131
56,102,13132
60,87,13133
61,85,13134
67,75,13135
80,64,13136
93,60,13137
98,59,13138
103,59,13139
117,63,13140
130,72,13141
131,73,13142
138,82,13143
142,89,13144
147,122,13145
147,124,13146
143,141,13147
134,156,13148
125,166,13149
124,167,13150
109,175,13151
88,177,13152
82,176,13153
70,172,13154
68,171,13155
52,157,13156
41,138,13157
37,124,13158
36,103,13159
36,100,13160
40,82,13161
53,59,13162
54,57,13163
61,50,13164
78,40,13165
96,36,13166
116,38,13167
120,39,13168
130,44,13169
153,67,13170
160,79,13171
161,81,13172
167,123,13173
166,133,13174
161,151,13175
154,165,13176
146,176,13177
136,186,13178
104,200,13179
96,201,13180
82,200,13181
70,197,13182
59,192,13183
30,162,13184
24,151,13185
23,149,13186
16,118,13187
16,96,13188
25,65,13189
22,71,13190
38,43,13191
51,30,13192
84,14,13193
90,13,13194
99,12,13195
124,16,13196
149,30,13197
168,51,13198
173,59,13199
180,74,13200
187,104,13201
187,128,13202
182,152,13203
178,164,13204
165,187,13205
153,200,13206
120,220,13207
103,224,13208
97,112,13209
100,112,13210
100,117,13211
101,117,13212
98,121,13213
96,122,13214
92,122,13215
93,123,13216
88,120,13217
87,119,13218
85,118,13219
84,111,13220
83,112,13221
84,103,13222
87,98,13223
87,97,13224
91,94,13225
92,93,13226
99,91,13227
101,91,13228
108,94,13229
111,95,13230
112,96,13231
118,106,13232
119,111,13233
120,113,13234
117,128,13235
119,125,13236
109,139,13237
112,137,13238
106,142,13239
97,145,13240
89,145,13241
85,144,13242
82,143,13243
71,133,13244
69,130,13245
65,121,13246
64,118,13247
63,108,13248
65,96,13249
69,87,13250
74,80,13251
78,76,13252
88,70,13253
94,68,13254
101,68,13255
117,73,13256
121,75,13257
126,80,13258
134,91,13259
136,96,13260
139,107,13261
140,118,13262
138,131,13263
130,148,13264
126,153,13265
124,156,13266
111,165,13267
88,168,13268
93,169,13269
78,166,13270
70,162,13271
62,156,13272
48,134,13273
46,129,13274
44,102,13275
43,110,13276
48,83,13277
51,77,13278
60,63,13279
69,55,13280
75,51,13281
92,45,13282
108,45,13283
112,46,13284
132,56,13285
139,62,13286
152,81,13287
155,88,13288
159,105,13289
160,114,13290
159,129,13291
144,165,13292
139,171,13293
125,183,13294
120,186,13295
100,192,13296
83,191,13297
74,189,13298
66,186,13299
41,164,13300
38,160,13301
27,136,13302
24,122,13303
23,111,13304
25,89,13305
41,53,13306
54,39,13307
49,43,13308
69,28,13309
80,24,13310
100,21,13311
123,25,13312
130,28,13313
150,42,13314
161,55,13315
172,75,13316
179,101,13317
180,119,13318
177,141,13319
170,162,13320
163,175,13321
145,196,13322
127,208,13323
103,215,13324
83,215,13325
67,211,13326
51,203,13327
30,185,13328
20,171,13329
17,166,13330
4,124,13331
3,113,13332
7,78,13333
19,48,13334
29,33,13335
96,114,13336
94,115,13337
92,114,13338
91,114,13339
90,109,13340
91,105,13341
92,104,13342
95,101,13343
98,100,13344
99,100,13345
104,101,13346
106,102,13347
109,105,13348
110,107,13349
112,113,13350
112,117,13351
112,120,13352
109,127,13353
107,130,13354
105,132,13355
97,136,13356
100,136,13357
93,137,13358
84,134,13359
80,131,13360
78,129,13361
75,125,13362
73,121,13363
71,108,13364
71,105,13365
72,100,13366
78,88,13367
79,86,13368
85,81,13369
96,77,13370
101,77,13371
110,79,13372
114,81,13373
116,82,13374
124,90,13375
128,97,13376
130,101,13377
132,118,13378
131,126,13379
130,131,13380
126,140,13381
119,149,13382
111,155,13383
102,159,13384
94,160,13385
85,159,13386
79,157,13387
67,149,13388
61,142,13389
54,128,13390
51,112,13391
51,109,13392
51,102,13393
58,80,13394
67,68,13395
71,64,13396
80,58,13397
85,56,13398
98,53,13399
117,57,13400
125,61,13401
132,67,13402
140,76,13403
147,89,13404
150,98,13405
152,115,13406
151,129,13407
143,152,13408
140,157,13409
133,166,13410
120,176,13411
97,183,13412
91,183,13413
75,180,13414
65,175,13415
60,172,13416
43,153,13417
37,141,13418
33,129,13419
31,111,13420
33,89,13421
36,79,13422
47,58,13423
57,47,13424
68,39,13425
78,34,13426
102,30,13427
115,32,13428
124,35,13429
144,48,13430
154,59,13431
163,74,13432
170,95,13433
172,119,13434
168,145,13435
163,159,13436
158,168,13437
145,185,13438
129,197,13439
108,205,13440
93,207,13441
78,205,13442
56,196,13443
51,193,13444
31,173,13445
24,162,13446
15,140,13447
11,113,13448
12,92,13449
21,61,13450
34,40,13451
44,29,13452
50,24,13453
71,12,13454
107,7,13455
119,9,13456
131,13,13457
157,30,13458
162,35,13459
178,58,13460
189,87,13461
192,123,13462
96,111,13463
97,108,13464
101,109,13465
100,107,13466
103,109,13467
104,113,13468
105,116,13469
105,117,13470
102,123,13471
101,125,13472
102,125,13473
95,127,13474
92,128,13475
91,128,13476
85,124,13477
83,123,13478
80,116,13479
79,114,13480
79,106,13481
79,105,13482
81,98,13483
82,95,13484
89,89,13485
93,87,13486
97,86,13487
103,86,13488
107,87,13489
112,90,13490
117,95,13491
120,98,13492
121,100,13493
124,119,13494
125,116,13495
124,123,13496
120,134,13497
116,140,13498
109,146,13499
103,149,13500
102,150,13501
92,151,13502
79,147,13503
74,144,13504
67,136,13505
61,124,13506
61,125,13507
59,117,13508
59,101,13509
64,86,13510
66,82,13511
72,74,13512
82,67,13513
86,65,13514
92,63,13515
111,64,13516
116,66,13517
126,73,13518
132,79,13519
139,90,13520
143,103,13521
144,120,13522
144,125,13523
143,131,13524
136,148,13525
129,158,13526
120,166,13527
111,171,13528
92,174,13529
82,173,13530
76,171,13531
61,162,13532
46,141,13533
41,127,13534
41,129,13535
39,118,13536
39,98,13537
42,85,13538
54,63,13539
64,52,13540
77,44,13541
85,41,13542
102,39,13543
111,40,13544
120,43,13545
137,53,13546
148,65,13547
155,76,13548
162,94,13549
164,107,13550
164,126,13551
160,145,13552
151,164,13553
141,177,13554
130,186,13555
115,194,13556
104,197,13557
83,197,13558
69,193,13559
55,185,13560
33,161,13561
25,145,13562
21,133,13563
19,121,13564
19,98,13565
20,89,13566
30,61,13567
41,44,13568
62,26,13569
82,18,13570
91,16,13571
109,16,13572
127,21,13573
142,29,13574
162,48,13575
170,60,13576
181,86,13577
184,106,13578
183,136,13579
181,146,13580
170,173,13581
163,184,13582
139,207,13583
124,215,13584
100,221,13585
87,221,13586
56,212,13587
47,207,13588
25,187,13589
98,114,13590
98,117,13591
97,118,13592
96,120,13593
93,120,13594
90,118,13595
88,116,13596
87,114,13597
86,110,13598
86,108,13599
86,106,13600
90,99,13601
88,100,13602
95,96,13603
99,95,13604
100,94,13605
106,96,13606
108,97,13607
113,103,13608
113,102,13609
116,112,13610
117,112,13611
116,122,13612
113,130,13613
111,133,13614
111,134,13615
99,141,13616
101,141,13617
89,141,13618
90,142,13619
82,139,13620
74,132,13621
72,129,13622
69,124,13623
67,117,13624
66,108,13625
67,100,13626
76,83,13627
72,87,13628
82,77,13629
95,72,13630
89,73,13631
109,73,13632
107,72,13633
118,77,13634
121,79,13635
133,97,13636
135,103,13637
135,101,13638
137,115,13639
133,136,13640
131,141,13641
125,150,13642
115,159,13643
107,163,13644
96,165,13645
89,165,13646
77,162,13647
64,153,13648
62,151,13649
52,136,13650
51,134,13651
47,120,13652
46,111,13653
47,97,13654
51,83,13655
64,64,13656
70,58,13657
83,51,13658
96,48,13659
118,52,13660
130,59,13661
122,53,13662
138,65,13663
144,73,13664
155,99,13665
156,106,13666
157,115,13667
152,144,13668
147,155,13669
135,171,13670
127,178,13671
124,180,13672
87,188,13673
85,188,13674
76,186,13675
58,177,13676
49,169,13677
32,141,13678
31,139,13679
27,124,13680
26,108,13681
28,90,13682
39,61,13683
47,50,13684
64,35,13685
73,30,13686
95,25,13687
106,25,13688
123,29,13689
134,34,13690
149,45,13691
163,64,13692
167,71,13693
175,95,13694
177,119,13695
175,138,13696
157,178,13697
161,173,13698
148,189,13699
129,203,13700
111,210,13701
92,212,13702
72,209,13703
63,206,13704
38,189,13705
18,161,13706
11,143,13707
9,136,13708
6,104,13709
9,82,13710
16,61,13711
26,42,13712
27,40,13713
72,6,13714
83,3,13715
98,1,13716
95,113,13717
93,112,13718
93,109,13719
93,107,13720
94,105,13721
98,103,13722
100,103,13723
103,104,13724
105,106,13725
107,108,13726
108,108,13727
109,117,13728
110,115,13729
108,123,13730
105,127,13731
105,128,13732
101,131,13733
95,133,13734
92,133,13735
90,133,13736
82,128,13737
84,131,13738
78,124,13739
75,117,13740
74,111,13741
73,109,13742
76,98,13743
78,93,13744
86,85,13745
88,83,13746
93,81,13747
100,80,13748
106,81,13749
109,82,13750
116,86,13751
125,98,13752
127,103,13753
129,112,13754
129,119,13755
128,127,13756
124,137,13757
123,139,13758
115,148,13759
102,155,13760
104,155,13761
95,157,13762
84,155,13763
77,152,13764
69,147,13765
60,134,13766
57,128,13767
55,121,13768
54,107,13769
54,101,13770
57,89,13771
68,72,13772
77,64,13773
81,61,13774
96,57,13775
99,57,13776
110,58,13777
120,62,13778
131,70,13779
141,83,13780
147,99,13781
147,98,13782
147,132,13783
149,124,13784
144,143,13785
130,164,13786
128,166,13787
109,177,13788
102,179,13789
95,180,13790
76,177,13791
63,170,13792
56,164,13793
46,152,13794
38,135,13795
34,115,13796
34,107,13797
35,93,13798
41,74,13799
49,61,13800
65,45,13801
73,40,13802
91,34,13803
89,34,13804
128,41,13805
125,39,13806
143,51,13807
155,66,13808
165,88,13809
168,100,13810
169,121,13811
167,138,13812
162,154,13813
138,186,13814
136,188,13815
129,193,13816
115,200,13817
98,203,13818
70,199,13819
54,191,13820
45,184,13821
30,166,13822
22,151,13823
16,131,13824
14,117,13825
17,81,13826
25,60,13827
32,48,13828
48,30,13829
62,20,13830
82,12,13831
103,10,13832
124,14,13833
127,15,13834
154,32,13835
170,50,13836
183,77,13837
187,91,13838
189,123,13839
189,129,13840
177,170,13841
171,181,13842
158,198,13843
99,111,13844
100,111,13845
101,114,13846
102,114,13847
102,118,13848
101,120,13849
98,123,13850
97,124,13851
92,124,13852
91,124,13853
88,123,13854
85,120,13855
84,119,13856
82,114,13857
82,106,13858
82,104,13859
83,101,13860
86,96,13861
88,94,13862
94,90,13863
102,90,13864
101,89,13865
102,89,13866
108,91,13867
114,96,13868
116,98,13869
120,106,13870
121,110,13871
121,121,13872
121,123,13873
116,135,13874
112,140,13875
109,142,13876
105,145,13877
90,147,13878
89,147,13879
82,145,13880
76,141,13881
73,139,13882
66,129,13883
64,124,13884
62,105,13885
62,102,13886
65,91,13887
66,88,13888
72,79,13889
83,70,13890
91,67,13891
96,66,13892
104,66,13893
118,71,13894
125,76,13895
128,79,13896
136,91,13897
140,102,13898
140,128,13899
141,124,13900
139,134,13901
129,153,13902
118,163,13903
111,167,13904
103,170,13905
91,171,13906
80,169,13907
73,166,13908
64,160,13909
50,143,13910
46,134,13911
42,118,13912
42,103,13913
43,94,13914
49,76,13915
56,65,13916
60,60,13917
76,48,13918
87,44,13919
111,44,13920
107,43,13921
127,50,13922
129,51,13923
146,67,13924
150,73,13925
157,88,13926
161,123,13927
161,126,13928
154,152,13929
152,156,13930
135,178,13931
118,189,13932
106,193,13933
88,194,13934
77,192,13935
64,187,13936
51,178,13937
43,170,13938
28,145,13939
24,132,13940
22,101,13941
24,86,13942
26,78,13943
39,52,13944
41,49,13945
55,35,13946
67,27,13947
96,19,13948
112,20,13949
128,25,13950
142,33,13951
160,50,13952
170,66,13953
177,84,13954
181,105,13955
180,136,13956
175,155,13957
166,174,13958
148,196,13959
142,201,13960
125,211,13961
102,217,13962
94,218,13963
64,212,13964
47,203,13965
33,191,13966
13,162,13967
4,135,13968
2,121,13969
1,109,13970
97,114,13971
96,116,13972
92,116,13973
92,117,13974
89,112,13975
89,110,13976
89,107,13977
89,106,13978
92,101,13979
95,99,13980
96,98,13981
99,98,13982
100,97,13983
107,101,13984
110,104,13985
111,104,13986
113,111,13987
114,115,13988
113,122,13989
112,126,13990
110,129,13991
109,132,13992
101,137,13993
97,138,13994
90,138,13995
92,139,13996
82,135,13997
77,131,13998
73,124,13999
71,121,14000
70,118,14001
69,108,14002
71,97,14003
71,96,14004
81,82,14005
85,79,14006
89,77,14007
98,75,14008
100,74,14009
108,76,14010
115,79,14011
124,87,14012
131,100,14013
132,103,14014
133,105,14015
134,117,14016
133,127,14017
123,147,14018
122,149,14019
116,154,14020
105,160,14021
97,162,14022
85,161,14023
84,161,14024
69,153,14025
61,145,14026
56,137,14027
51,125,14028
49,111,14029
52,91,14030
50,97,14031
58,76,14032
68,64,14033
69,63,14034
87,53,14035
91,52,14036
106,52,14037
120,56,14038
132,64,14039
138,70,14040
149,90,14041
153,106,14042
154,111,14043
153,128,14044
151,138,14045
149,144,14046
132,169,14047
127,174,14048
109,183,14049
99,185,14050
88,185,14051
77,183,14052
56,171,14053
46,161,14054
37,145,14055
31,127,14056
29,114,14057
29,107,14058
35,76,14059
40,66,14060
52,49,14061
61,41,14062
71,35,14063
83,30,14064
111,29,14065
127,34,14066
134,38,14067
157,60,14068
166,77,14069
171,92,14070
171,90,14071
174,119,14072
170,145,14073
165,159,14074
143,189,14075
136,195,14076
122,203,14077
86,208,14078
91,209,14079
77,207,14080
42,188,14081
44,190,14082
21,160,14083
14,143,14084
14,144,14085
9,106,14086
12,82,14087
19,61,14088
28,45,14089
41,29,14090
62,14,14091
80,7,14092
110,5,14093
120,7,14094
141,16,14095
162,32,14096
175,49,14097
95,110,14098
95,109,14099
98,107,14100
97,106,14101
99,105,14102
104,109,14103
105,111,14104
106,113,14105
106,118,14106
106,120,14107
106,121,14108
103,125,14109
101,128,14110
97,129,14111
90,129,14112
91,130,14113
84,126,14114
83,125,14115
79,119,14116
78,118,14117
77,107,14118
76,110,14119
79,99,14120
82,93,14121
84,90,14122
85,89,14123
92,85,14124
103,84,14125
108,86,14126
109,85,14127
112,87,14128
119,94,14129
125,107,14130
126,110,14131
126,118,14132
126,123,14133
121,136,14134
113,145,14135
117,142,14136
110,148,14137
102,152,14138
95,153,14139
86,152,14140
75,147,14141
71,144,14142
64,136,14143
58,120,14144
57,113,14145
57,105,14146
57,102,14147
64,82,14148
68,76,14149
75,69,14150
79,66,14151
93,61,14152
106,61,14153
111,62,14154
122,67,14155
135,80,14156
139,86,14157
145,104,14158
146,108,14159
146,119,14160
146,125,14161
139,147,14162
138,149,14163
121,167,14164
111,173,14165
100,176,14166
87,176,14167
74,172,14168
64,167,14169
56,159,14170
48,150,14171
42,137,14172
37,117,14173
39,91,14174
39,89,14175
44,75,14176
49,66,14177
65,49,14178
78,41,14179
87,38,14180
98,37,14181
118,40,14182
132,47,14183
140,53,14184
154,70,14185
162,89,14186
164,95,14187
165,131,14188
165,133,14189
158,155,14190
148,172,14191
136,184,14192
131,188,14193
104,199,14194
83,199,14195
72,196,14196
55,188,14197
48,182,14198
32,164,14199
19,130,14200
18,127,14201
17,102,14202
19,85,14203
23,72,14204
36,48,14205
54,29,14206
67,21,14207
85,15,14208
108,14,14209
118,16,14210
144,28,14211
146,29,14212
159,41,14213
177,70,14214
185,98,14215
186,124,14216
186,129,14217
171,175,14218
168,180,14219
148,203,14220
147,204,14221
122,218,14222
89,223,14223
74,221,14224
99,113,14225
100,114,14226
99,117,14227
100,118,14228
98,120,14229
93,121,14230
91,121,14231
89,119,14232
87,117,14233
86,116,14234
84,113,14235
85,105,14236
84,105,14237
87,100,14238
89,97,14239
93,94,14240
96,93,14241
103,93,14242
100,92,14243
107,94,14244
113,100,14245
114,100,14246
117,106,14247
118,119,14248
119,116,14249
119,119,14250
113,133,14251
113,134,14252
106,140,14253
103,142,14254
96,144,14255
91,144,14256
82,141,14257
78,139,14258
72,133,14259
69,128,14260
66,120,14261
65,104,14262
64,109,14263
67,94,14264
69,89,14265
76,79,14266
85,73,14267
93,70,14268
98,69,14269
103,69,14270
123,79,14271
121,77,14272
124,79,14273
135,97,14274
138,108,14275
138,106,14276
138,125,14277
135,137,14278
129,148,14279
119,158,14280
109,164,14281
105,166,14282
90,167,14283
77,164,14284
68,159,14285
64,156,14286
60,152,14287
48,131,14288
46,124,14289
45,121,14290
51,80,14291
47,89,14292
59,66,14293
64,61,14294
80,50,14295
86,48,14296
96,46,14297
106,46,14298
120,50,14299
140,65,14300
148,76,14301
152,84,14302
158,106,14303
158,126,14304
159,116,14305
156,138,14306
151,152,14307
131,177,14308
122,183,14309
103,190,14310
91,191,14311
78,189,14312
58,179,14313
49,172,14314
46,169,14315
29,138,14316
25,120,14317
24,111,14318
26,91,14319
27,85,14320
33,68,14321
58,37,14322
76,27,14323
78,26,14324
89,23,14325
110,23,14326
136,33,14327
141,36,14328
159,54,14329
169,71,14330
173,81,14331
178,102,14332
178,131,14333
174,149,14334
161,176,14335
144,195,14336
139,199,14337
121,209,14338
101,214,14339
79,213,14340
61,207,14341
50,201,14342
24,175,14343
23,174,14344
8,139,14345
5,123,14346
4,109,14347
8,77,14348
16,56,14349
36,27,14350
53,13,14351
95,114,14352
92,113,14353
92,111,14354
91,111,14355
92,106,14356
93,104,14357
94,103,14358
98,101,14359
100,101,14360
103,102,14361
104,102,14362
108,106,14363
110,109,14364
111,114,14365
110,121,14366
109,125,14367
108,127,14368
105,130,14369
103,132,14370
97,135,14371
89,134,14372
93,136,14373
86,134,14374
79,128,14375
75,122,14376
73,117,14377
72,112,14378
72,110,14379
76,94,14380
74,97,14381
80,87,14382
85,83,14383
88,81,14384
92,79,14385
100,78,14386
109,80,14387
117,85,14388
120,87,14389
124,92,14390
130,107,14391
131,112,14392
130,125,14393
129,130,14394
123,142,14395
122,144,14396
112,153,14397
104,157,14398
91,158,14399
94,159,14400
78,155,14401
70,150,14402
65,145,14403
56,130,14404
53,120,14405
52,113,14406
55,91,14407
58,83,14408
58,82,14409
64,73,14410
76,62,14411
86,57,14412
96,55,14413
110,56,14414
119,59,14415
129,66,14416
138,75,14417
147,93,14418
150,104,14419
151,112,14420
149,132,14421
147,140,14422
140,155,14423
130,167,14424
119,175,14425
111,179,14426
104,181,14427
74,178,14428
66,174,14429
56,167,14430
54,165,14431
42,149,14432
34,128,14433
32,114,14434
34,91,14435
38,77,14436
45,63,14437
52,54,14438
65,42,14439
79,35,14440
93,32,14441
100,31,14442
125,37,14443
136,43,14444
154,61,14445
163,77,14446
165,82,14447
169,95,14448
167,143,14449
168,141,14450
160,162,14451
147,181,14452
137,190,14453
122,199,14454
102,205,14455
86,205,14456
75,203,14457
60,197,14458
31,171,14459
23,158,14460
20,151,14461
13,125,14462
12,106,14463
19,69,14464
29,49,14465
38,37,14466
46,29,14467
65,16,14468
95,8,14469
121,11,14470
114,9,14471
156,31,14472
154,29,14473
179,62,14474
185,77,14475
189,93,14476
191,120,14477
187,149,14478
97,109,14479
98,109,14480
101,110,14481
102,110,14482
104,112,14483
104,115,14484
103,119,14485
102,122,14486
101,123,14487
97,126,14488
96,127,14489
90,126,14490
91,127,14491
85,123,14492
83,120,14493
81,118,14494
80,111,14495
80,105,14496
82,99,14497
82,98,14498
87,92,14499
85,93,14500
95,88,14501
98,87,14502
101,87,14503
110,90,14504
113,92,14505
119,99,14506
122,108,14507
122,106,14508
123,119,14509
122,126,14510
120,132,14511
118,136,14512
111,143,14513
107,146,14514
97,149,14515
88,149,14516
86,149,14517
76,144,14518
70,138,14519
68,136,14520
61,118,14521
60,114,14522
60,103,14523
60,101,14524
65,86,14525
69,80,14526
74,74,14527
85,67,14528
90,65,14529
104,64,14530
115,67,14531
122,71,14532
128,76,14533
137,89,14534
141,99,14535
142,103,14536
143,121,14537
140,136,14538
136,146,14539
135,148,14540
117,166,14541
110,170,14542
97,173,14543
92,173,14544
73,168,14545
62,161,14546
57,156,14547
50,147,14548
43,130,14549
40,113,14550
40,100,14551
42,90,14552
43,85,14553
52,67,14554
68,51,14555
75,46,14556
92,41,14557
100,40,14558
113,42,14559
128,48,14560
145,63,14561
147,65,14562
162,102,14563
162,101,14564
163,125,14565
161,137,14566
152,160,14567
141,175,14568
137,179,14569
116,192,14570
101,196,14571
103,196,14572
68,191,14573
58,186,14574
47,177,14575
30,154,14576
23,134,14577
22,131,14578
20,121,14579
22,86,14580
27,70,14581
41,46,14582
60,29,14583
58,30,14584
86,18,14585
102,17,14586
118,19,14587
140,29,14588
150,37,14589
170,62,14590
179,85,14591
183,106,14592
183,127,14593
181,141,14594
177,155,14595
160,186,14596
152,195,14597
128,212,14598
114,217,14599
95,220,14600
72,217,14601
51,208,14602
41,201,14603
16,172,14604
12,164,14605
98,115,14606
97,117,14607
94,118,14608
93,119,14609
91,118,14610
90,117,14611
88,113,14612
87,111,14613
87,108,14614
89,102,14615
89,101,14616
93,98,14617
91,98,14618
101,96,14619
104,97,14620
106,97,14621
110,101,14622
113,105,14623
115,111,14624
115,109,14625
116,116,14626
116,121,14627
113,128,14628
106,136,14629
103,138,14630
104,138,14631
94,141,14632
93,141,14633
79,135,14634
79,136,14635
77,134,14636
69,119,14637
69,120,14638
67,112,14639
68,101,14640
69,97,14641
72,90,14642
83,78,14643
81,79,14644
95,73,14645
102,73,14646
109,74,14647
115,77,14648
124,84,14649
128,89,14650
130,92,14651
135,109,14652
135,123,14653
135,125,14654
132,136,14655
129,142,14656
117,156,14657
114,158,14658
103,163,14659
91,164,14660
81,162,14661
73,158,14662
69,156,14663
58,144,14664
51,131,14665
49,123,14666
47,107,14667
49,95,14668
51,86,14669
54,79,14670
63,66,14671
80,54,14672
87,51,14673
101,49,14674
108,50,14675
132,62,14676
144,76,14677
139,68,14678
146,78,14679
154,100,14680
156,118,14681
153,136,14682
148,151,14683
137,167,14684
132,172,14685
121,180,14686
113,184,14687
82,186,14688
74,184,14689
59,176,14690
50,168,14691
46,164,14692
35,146,14693
28,120,14694
27,107,14695
29,91,14696
36,69,14697
47,52,14698
53,45,14699
72,32,14700
74,31,14701
104,26,14702
127,32,14703
129,33,14704
151,50,14705
150,48,14706
162,64,14707
174,97,14708
175,101,14709
173,140,14710
168,157,14711
162,169,14712
147,188,14713
138,196,14714
117,207,14715
95,211,14716
77,209,14717
49,196,14718
36,185,14719
28,176,14720
16,154,14721
8,122,14722
7,112,14723
12,75,14724
13,71,14725
21,53,14726
49,20,14727
59,13,14728
75,6,14729
107,3,14730
116,4,14731
127,7,14732
94,112,14733
93,110,14734
94,108,14735
96,105,14736
97,104,14737
102,105,14738
103,105,14739
105,107,14740
107,110,14741
108,113,14742
108,118,14743
107,122,14744
109,118,14745
104,127,14746
100,130,14747
99,131,14748
94,132,14749
89,131,14750
85,129,14751
83,128,14752
77,118,14753
77,120,14754
75,113,14755
75,109,14756
75,105,14757
77,97,14758
84,88,14759
83,88,14760
94,83,14761
94,82,14762
100,81,14763
108,83,14764
116,88,14765
120,92,14766
121,93,14767
126,103,14768
128,114,14769
127,125,14770
126,130,14771
120,141,14772
117,145,14773
109,151,14774
104,153,14775
91,155,14776
88,155,14777
81,153,14778
67,142,14779
63,137,14780
63,138,14781
57,123,14782
55,112,14783
56,98,14784
59,88,14785
62,81,14786
68,73,14787
84,62,14788
92,59,14789
90,59,14790
111,60,14791
119,63,14792
128,69,14793
132,73,14794
143,90,14795
147,104,14796
148,112,14797
147,129,14798
140,148,14799
140,149,14800
134,158,14801
119,171,14802
105,177,14803
91,178,14804
85,178,14805
70,173,14806
61,167,14807
51,157,14808
44,146,14809
38,131,14810
35,113,14811
35,104,14812
46,68,14813
46,67,14814
53,57,14815
72,42,14816
89,36,14817
96,35,14818
116,37,14819
119,38,14820
146,57,14821
146,56,14822
158,73,14823
167,102,14824
168,111,14825
168,123,14826
162,150,14827
155,165,14828
148,175,14829
126,193,14830
115,198,14831
96,202,14832
92,202,14833
76,200,14834
41,178,14835
37,174,14836
27,159,14837
21,145,14838
15,117,14839
16,94,14840
17,86,14841
26,60,14842
38,42,14843
55,26,14844
69,18,14845
92,12,14846
99,11,14847
131,18,14848
151,31,14849
164,44,14850
169,51,14851
183,80,14852
188,109,14853
188,121,14854
186,140,14855
183,153,14856
158,196,14857
147,206,14858
132,216,14859
98,111,14860
101,113,14861
101,116,14862
102,116,14863
100,120,14864
99,121,14865
96,123,14866
92,123,14867
90,122,14868
87,120,14869
88,122,14870
84,116,14871
83,114,14872
82,109,14873
84,102,14874
84,101,14875
87,96,14876
93,92,14877
95,91,14878
105,92,14879
97,90,14880
105,91,14881
111,94,14882
116,100,14883
119,108,14884
119,106,14885
120,119,14886
120,122,14887
114,135,14888
116,133,14889
110,140,14890
105,143,14891
97,146,14892
90,146,14893
89,146,14894
77,140,14895
74,138,14896
68,130,14897
67,129,14898
63,113,14899
63,102,14900
64,98,14901
70,84,14902
73,80,14903
79,74,14904
88,69,14905
97,67,14906
110,69,14907
112,69,14908
119,73,14909
128,81,14910
136,94,14911
138,99,14912
140,109,14913
141,116,14914
137,135,14915
135,141,14916
129,151,14917
119,161,14918
110,166,14919
98,169,14920
94,170,14921
76,166,14922
70,163,14923
56,150,14924
55,149,14925
45,127,14926
43,116,14927
43,101,14928
48,82,14929
49,79,14930
59,63,14931
69,54,14932
75,50,14933
88,45,14934
105,44,14935
122,49,14936
137,59,14937
138,60,14938
152,79,14939
157,92,14940
159,100,14941
160,127,14942
153,151,14943
147,162,14944
143,168,14945
132,179,14946
115,189,14947
96,193,14948
92,193,14949
77,191,14950
60,183,14951
42,167,14952
37,160,14953
26,135,14954
23,119,14955
22,108,14956
27,80,14957
36,59,14958
39,54,14959
45,46,14960
70,27,14961
91,21,14962
98,20,14963
115,22,14964
137,31,14965
153,44,14966
167,63,14967
174,78,14968
178,92,14969
180,126,14970
175,151,14971
173,157,14972
156,186,14973
137,203,14974
124,210,14975
108,215,14976
85,216,14977
65,211,14978
52,205,14979
31,187,14980
25,180,14981
9,149,14982
3,122,14983
3,97,14984
5,84,14985
18,48,14986
96,115,14987
94,116,14988
91,113,14989
91,115,14990
90,111,14991
90,108,14992
91,104,14993
92,102,14994
96,100,14995
97,99,14996
99,99,14997
104,100,14998
105,100,14999
108,103,15000
111,108,15001
112,109,15002
113,117,15003
112,122,15004
111,125,15005
108,130,15006
105,133,15007
104,135,15008
96,137,15009
91,137,15010
84,135,15011
82,134,15012
78,130,15013
73,123,15014
71,113,15015
70,112,15016
72,98,15017
74,93,15018
74,92,15019
79,85,15020
84,81,15021
93,77,15022
101,76,15023
107,77,15024
114,80,15025
123,88,15026
124,89,15027
127,93,15028
132,111,15029
133,117,15030
132,126,15031
131,130,15032
124,144,15033
114,154,15034
113,155,15035
99,160,15036
94,161,15037
86,160,15038
74,155,15039
67,150,15040
57,137,15041
52,123,15042
51,116,15043
50,106,15044
52,94,15045
56,83,15046
63,71,15047
71,63,15048
77,59,15049
88,54,15050
104,53,15051
117,56,15052
127,62,15053
137,71,15054
144,81,15055
149,92,15056
152,110,15057
153,116,15058
150,137,15059
142,155,15060
139,160,15061
133,167,15062
113,180,15063
104,183,15064
91,184,15065
73,180,15066
65,176,15067
54,168,15068
39,147,15069
36,141,15070
31,118,15071
30,108,15072
33,86,15073
38,72,15074
46,58,15075
53,50,15076
66,39,15077
91,30,15078
101,29,15079
115,31,15080
128,36,15081
143,46,15082
160,67,15083
167,82,15084
172,105,15085
173,115,15086
172,131,15087
165,156,15088
155,174,15089
145,186,15090
135,194,15091
108,206,15092
85,207,15093
75,205,15094
61,200,15095
35,179,15096
28,170,15097
22,160,15098
11,122,15099
10,112,15100
12,87,15101
19,64,15102
26,50,15103
43,29,15104
59,17,15105
74,10,15106
96,6,15107
122,9,15108
144,19,15109
157,29,15110
167,40,15111
181,62,15112
192,101,15113
96,112,15114
96,109,15115
100,108,15116
101,107,15117
102,107,15118
104,110,15119
105,114,15120
106,116,15121
104,121,15122
103,123,15123
104,123,15124
96,128,15125
98,128,15126
93,129,15127
88,127,15128
88,128,15129
81,120,15130
79,116,15131
78,112,15132
78,108,15133
79,101,15134
78,102,15135
87,90,15136
85,91,15137
91,87,15138
92,86,15139
101,85,15140
109,87,15141
114,91,15142
117,93,15143
120,97,15144
124,109,15145
125,113,15146
125,121,15147
122,131,15148
120,136,15149
114,143,15150
105,149,15151
104,150,15152
95,152,15153
84,150,15154
77,147,15155
71,142,15156
69,140,15157
64,133,15158
62,130,15159
58,106,15160
59,99,15161
62,88,15162
63,86,15163
72,73,15164
84,65,15165
89,63,15166
94,62,15167
110,63,15168
119,67,15169
131,77,15170
129,74,15171
139,89,15172
144,104,15173
145,120,15174
145,122,15175
141,139,15176
136,150,15177
126,162,15178
117,169,15179
100,174,15180
90,175,15181
89,175,15182
79,173,15183
54,155,15184
51,151,15185
46,144,15186
42,135,15187
38,113,15188
38,102,15189
49,69,15190
51,65,15191
63,52,15192
73,45,15193
80,42,15194
96,38,15195
113,40,15196
130,47,15197
139,54,15198
154,73,15199
155,74,15200
161,88,15201
165,120,15202
165,123,15203
158,152,15204
152,164,15205
140,179,15206
133,185,15207
111,196,15208
101,198,15209
83,198,15210
58,188,15211
41,173,15212
36,167,15213
31,160,15214
24,145,15215
18,104,15216
18,99,15217
26,68,15218
30,59,15219
37,48,15220
63,25,15221
75,19,15222
86,16,15223
105,15,15224
137,25,15225
153,37,15226
163,48,15227
169,56,15228
180,81,15229
185,109,15230
185,125,15231
181,148,15232
171,173,15233
158,191,15234
139,208,15235
115,219,15236
112,220,15237
82,221,15238
68,218,15239
39,202,15240
99,114,15241
99,116,15242
97,119,15243
98,119,15244
95,120,15245
92,120,15246
90,119,15247
88,117,15248
86,112,15249
85,110,15250
85,108,15251
87,102,15252
85,104,15253
91,97,15254
96,95,15255
97,94,15256
102,94,15257
103,94,15258
111,99,15259
113,101,15260
116,109,15261
117,109,15262
117,120,15263
116,125,15264
115,128,15265
114,131,15266
105,139,15267
105,140,15268
95,142,15269
92,143,15270
84,141,15271
79,138,15272
74,133,15273
72,131,15274
69,126,15275
66,112,15276
66,102,15277
69,93,15278
69,91,15279
76,81,15280
78,79,15281
85,74,15282
102,71,15283
106,71,15284
116,75,15285
113,73,15286
128,86,15287
133,95,15288
134,96,15289
137,121,15290
137,124,15291
135,133,15292
130,144,15293
129,146,15294
119,157,15295
105,164,15296
96,166,15297
88,166,15298
78,163,15299
65,155,15300
57,146,15301
53,140,15302
49,131,15303
46,116,15304
45,109,15305
47,94,15306
58,70,15307
58,69,15308
73,55,15309
87,49,15310
91,48,15311
107,48,15312
110,48,15313
130,57,15314
142,69,15315
149,80,15316
154,92,15317
157,123,15318
157,126,15319
154,140,15320
141,165,15321
143,163,15322
131,176,15323
106,188,15324
98,189,15325
86,189,15326
70,185,15327
52,173,15328
44,164,15329
40,159,15330
35,151,15331
26,116,15332
26,97,15333
30,79,15334
34,69,15335
43,54,15336
58,38,15337
80,27,15338
96,24,15339
104,24,15340
128,30,15341
136,34,15342
153,49,15343
159,56,15344
173,84,15345
177,105,15346
178,115,15347
171,153,15348
172,152,15349
161,174,15350
137,199,15351
120,208,15352
105,212,15353
81,212,15354
80,212,15355
49,199,15356
29,180,15357
24,173,15358
9,139,15359
6,123,15360
6,95,15361
10,76,15362
17,56,15363
25,42,15364
42,23,15365
63,9,15366
83,2,15367
94,113,15368
93,113,15369
93,108,15370
92,107,15371
93,106,15372
96,103,15373
101,103,15374
100,102,15375
105,105,15376
107,107,15377
109,111,15378
108,107,15379
110,113,15380
110,118,15381
106,127,15382
108,125,15383
102,131,15384
101,132,15385
95,134,15386
91,134,15387
85,131,15388
83,131,15389
81,129,15390
76,122,15391
74,115,15392
73,112,15393
75,99,15394
75,97,15395
80,90,15396
83,86,15397
85,84,15398
95,80,15399
99,79,15400
105,80,15401
109,81,15402
119,88,15403
123,93,15404
126,98,15405
129,106,15406
130,118,15407
128,129,15408
127,132,15409
123,140,15410
116,148,15411
108,154,15412
106,155,15413
91,157,15414
82,155,15415
78,154,15416
66,144,15417
64,142,15418
56,127,15419
54,118,15420
53,106,15421
54,98,15422
60,82,15423
72,67,15424
67,71,15425
78,62,15426
94,57,15427
98,56,15428
109,57,15429
120,61,15430
130,68,15431
143,86,15432
149,108,15433
146,92,15434
150,114,15435
149,128,15436
138,155,15437
134,161,15438
128,167,15439
112,177,15440
106,179,15441
92,181,15442
80,179,15443
62,170,15444
56,165,15445
46,153,15446
39,140,15447
34,121,15448
33,112,15449
35,90,15450
42,71,15451
52,56,15452
61,47,15453
66,43,15454
80,36,15455
102,33,15456
122,37,15457
129,40,15458
150,58,15459
157,68,15460
160,73,15461
169,102,15462
170,120,15463
167,141,15464
160,159,15465
150,175,15466
145,181,15467
126,196,15468
110,202,15469
95,204,15470
87,204,15471
59,195,15472
44,184,15473
29,166,15474
19,145,15475
14,125,15476
13,105,15477
14,94,15478
20,70,15479
28,53,15480
36,41,15481
62,19,15482
76,13,15483
99,9,15484
116,11,15485
148,26,15486
147,25,15487
172,52,15488
180,67,15489
187,89,15490
189,99,15491
187,143,15492
177,172,15493
172,181,15494
98,110,15495
100,110,15496
101,111,15497
102,111,15498
103,115,15499
103,117,15500
101,121,15501
98,124,15502
96,125,15503
94,125,15504
91,125,15505
87,123,15506
84,120,15507
83,118,15508
81,113,15509
81,110,15510
81,105,15511
83,99,15512
85,96,15513
89,92,15514
92,90,15515
93,89,15516
100,88,15517
105,89,15518
112,93,15519
116,97,15520
118,100,15521
120,104,15522
122,115,15523
122,121,15524
121,126,15525
116,136,15526
115,138,15527
112,141,15528
104,146,15529
95,148,15530
85,147,15531
76,142,15532
78,144,15533
67,132,15534
65,128,15535
63,124,15536
61,107,15537
61,104,15538
63,94,15539
65,88,15540
72,78,15541
80,71,15542
85,68,15543
98,65,15544
103,65,15545
114,68,15546
125,75,15547
134,86,15548
136,89,15549
142,112,15550
142,118,15551
141,129,15552
139,136,15553
129,154,15554
121,162,15555
117,165,15556
101,171,15557
96,172,15558
78,169,15559
75,168,15560
62,159,15561
51,146,15562
48,141,15563
44,131,15564
41,111,15565
44,87,15566
45,84,15567
52,69,15568
59,60,15569
68,52,15570
95,42,15571
105,42,15572
107,42,15573
125,48,15574
139,58,15575
149,70,15576
154,79,15577
161,100,15578
162,113,15579
161,131,15580
156,149,15581
149,163,15582
142,172,15583
122,188,15584
118,190,15585
90,195,15586
77,193,15587
71,191,15588
50,178,15589
36,162,15590
27,144,15591
24,135,15592
21,105,15593
23,87,15594
27,73,15595
31,64,15596
49,39,15597
59,31,15598
80,21,15599
97,18,15600
110,19,15601
134,27,15602
145,34,15603
160,49,15604
173,71,15605
179,88,15606
182,122,15607
181,134,15608
175,157,15609
168,172,15610
155,190,15611
136,206,15612
117,215,15613
109,217,15614
84,218,15615
67,214,15616
38,197,15617
30,189,15618
17,171,15619
3,134,15620
2,127,15621
97,113,15622
95,117,15623
94,117,15624
92,118,15625
90,115,15626
89,111,15627
88,110,15628
88,108,15629
90,103,15630
91,101,15631
91,100,15632
95,98,15633
98,97,15634
104,98,15635
107,100,15636
108,100,15637
112,106,15638
114,111,15639
115,115,15640
114,121,15641
113,125,15642
113,127,15643
108,133,15644
100,138,15645
97,139,15646
95,140,15647
86,138,15648
82,136,15649
75,129,15650
75,130,15651
71,123,15652
69,112,15653
68,108,15654
69,101,15655
72,93,15656
77,85,15657
85,78,15658
93,75,15659
95,74,15660
101,74,15661
116,79,15662
115,78,15663
128,92,15664
131,98,15665
131,97,15666
134,107,15667
135,116,15668
129,139,15669
129,140,15670
126,145,15671
113,157,15672
105,161,15673
95,163,15674
85,162,15675
79,160,15676
68,153,15677
61,146,15678
57,141,15679
50,123,15680
49,104,15681
48,109,15682
52,87,15683
60,72,15684
63,68,15685
70,61,15686
84,53,15687
102,51,15688
107,51,15689
125,58,15690
127,59,15691
142,75,15692
150,91,15693
151,92,15694
154,105,15695
155,116,15696
150,143,15697
144,155,15698
139,163,15699
125,176,15700
112,183,15701
104,185,15702
87,186,15703
68,180,15704
61,176,15705
42,156,15706
34,140,15707
32,135,15708
29,121,15709
29,97,15710
31,87,15711
39,66,15712
43,59,15713
60,41,15714
69,35,15715
97,27,15716
100,27,15717
127,33,15718
141,42,15719
159,62,15720
162,67,15721
167,76,15722
173,97,15723
174,130,15724
170,148,15725
159,171,15726
153,180,15727
140,193,15728
125,202,15729
113,207,15730
83,209,15731
61,202,15732
43,190,15733
37,184,15734
20,160,15735
15,149,15736
10,128,15737
8,109,15738
10,88,15739
17,64,15740
32,38,15741
47,23,15742
64,12,15743
92,4,15744
109,4,15745
125,8,15746
143,16,15747
160,29,15748
95,112,15749
94,110,15750
97,107,15751
96,106,15752
100,105,15753
103,107,15754
105,109,15755
106,111,15756
107,114,15757
107,117,15758
107,119,15759
104,125,15760
105,125,15761
100,129,15762
95,130,15763
94,131,15764
87,129,15765
85,128,15766
80,122,15767
80,123,15768
77,113,15769
76,114,15770
77,103,15771
80,95,15772
79,96,15773
82,91,15774
89,86,15775
95,83,15776
104,84,15777
100,82,15778
113,87,15779
117,90,15780
120,94,15781
125,103,15782
126,108,15783
127,118,15784
124,131,15785
122,135,15786
121,138,15787
115,145,15788
110,149,15789
99,153,15790
87,153,15791
86,153,15792
80,151,15793
67,141,15794
62,133,15795
58,123,15796
58,125,15797
56,107,15798
59,91,15799
61,86,15800
68,75,15801
71,71,15802
81,64,15803
103,60,15804
106,60,15805
111,61,15806
123,67,15807
136,80,15808
139,85,15809
144,96,15810
145,99,15811
147,113,15812
145,133,15813
143,140,15814
130,160,15815
129,162,15816
113,173,15817
98,177,15818
80,175,15819
67,169,15820
73,173,15821
58,163,15822
48,151,15823
41,137,15824
37,120,15825
36,111,15826
37,95,15827
47,68,15828
59,53,15829
51,61,15830
76,41,15831
92,37,15832
110,37,15833
125,42,15834
134,47,15835
150,63,15836
161,84,15837
159,78,15838
163,88,15839
167,119,15840
165,136,15841
161,150,15842
147,174,15843
142,180,15844
131,189,15845
100,200,15846
80,199,15847
67,195,15848
54,188,15849
45,181,15850
33,166,15851
24,150,15852
18,131,15853
16,105,15854
17,92,15855
30,56,15856
33,50,15857
43,38,15858
57,26,15859
78,16,15860
103,13,15861
114,14,15862
128,18,15863
153,34,15864
166,49,15865
177,68,15866
182,81,15867
187,122,15868
185,139,15869
170,178,15870
165,186,15871
154,199,15872
138,211,15873
111,222,15874
97,224,15875
97,112,15876
100,113,15877
100,116,15878
100,119,15879
99,120,15880
95,122,15881
94,122,15882
90,121,15883
87,118,15884
85,115,15885
86,119,15886
84,108,15887
83,110,15888
84,104,15889
87,99,15890
88,97,15891
94,93,15892
96,92,15893
101,92,15894
104,92,15895
113,99,15896
109,94,15897
114,99,15898
118,107,15899
119,114,15900
120,117,15901
115,131,15902
117,129,15903
110,138,15904
105,142,15905
100,144,15906
94,145,15907
92,145,15908
80,141,15909
78,140,15910
68,127,15911
66,123,15912
65,119,15913
64,115,15914
65,98,15915
67,92,15916
70,86,15917
79,76,15918
85,72,15919
89,70,15920
97,68,15921
112,71,15922
118,74,15923
119,74,15924
132,89,15925
134,92,15926
139,110,15927
139,120,15928
139,125,15929
137,133,15930
126,152,15931
118,160,15932
114,163,15933
107,166,15934
95,168,15935
83,167,15936
71,162,15937
64,157,15938
59,152,15939
48,133,15940
47,131,15941
45,97,15942
45,94,15943
48,84,15944
61,63,15945
67,57,15946
78,50,15947
90,46,15948
97,45,15949
114,47,15950
127,53,15951
140,64,15952
150,78,15953
156,93,15954
158,101,15955
159,121,15956
159,126,15957
157,137,15958
142,167,15959
131,178,15960
124,183,15961
111,189,15962
92,192,15963
77,189,15964
59,181,15965
60,182,15966
35,154,15967
32,148,15968
25,126,15969
24,102,15970
24,98,15971
29,76,15972
44,50,15973
49,44,15974
62,33,15975
68,29,15976
94,22,15977
121,25,15978
131,29,15979
146,39,15980
159,53,15981
173,79,15982
175,85,15983
179,106,15984
178,135,15985
169,163,15986
155,185,15987
143,197,15988
133,204,15989
121,210,15990
98,215,15991
81,214,15992
55,205,15993
31,185,15994
36,191,15995
12,154,15996
9,146,15997
4,100,15998
4,95,15999
14,59,16000
29,34,16001
40,22,16002
96,114,16003
94,115,16004
91,112,16005
90,112,16006
91,107,16007
92,105,16008
95,102,16009
96,101,16010
101,101,16011
100,100,16012
105,102,16013
107,103,16014
109,106,16015
111,111,16016
111,119,16017
111,121,16018
111,123,16019
108,128,16020
104,132,16021
103,133,16022
96,136,16023
95,136,16024
87,135,16025
82,132,16026
78,128,16027
75,124,16028
74,122,16029
72,116,16030
72,104,16031
73,98,16032
75,93,16033
80,86,16034
82,84,16035
90,79,16036
93,78,16037
106,78,16038
113,81,16039
116,83,16040
120,86,16041
128,98,16042
130,104,16043
131,108,16044
131,125,16045
129,131,16046
125,141,16047
121,146,16048
116,151,16049
102,158,16050
98,159,16051
89,159,16052
76,155,16053
70,151,16054
61,141,16055
56,132,16056
52,118,16057
52,103,16058
52,101,16059
54,90,16060
58,81,16061
71,65,16062
73,63,16063
90,55,16064
97,54,16065
104,54,16066
118,58,16067
128,64,16068
140,77,16069
146,88,16070
148,93,16071
151,124,16072
151,126,16073
149,136,16074
143,151,16075
134,164,16076
121,175,16077
110,180,16078
102,182,16079
77,180,16080
69,177,16081
55,167,16082
53,165,16083
40,147,16084
35,134,16085
32,119,16086
32,97,16087
38,75,16088
47,59,16089
50,55,16090
60,45,16091
83,33,16092
93,31,16093
107,31,16094
120,34,16095
140,45,16096
154,60,16097
161,71,16098
170,97,16099
171,126,16100
170,135,16101
166,150,16102
162,160,16103
146,183,16104
137,191,16105
122,200,16106
99,206,16107
76,204,16108
72,203,16109
47,189,16110
39,182,16111
21,155,16112
17,145,16113
13,129,16114
12,95,16115
13,88,16116
28,49,16117
33,42,16118
47,27,16119
75,11,16120
83,9,16121
102,7,16122
124,11,16123
149,24,16124
163,37,16125
173,50,16126
186,78,16127
189,89,16128
192,115,16129
96,111,16130
98,108,16131
100,109,16132
101,108,16133
103,110,16134
104,114,16135
104,118,16136
104,120,16137
101,124,16138
98,126,16139
100,126,16140
94,127,16141
93,128,16142
88,126,16143
83,121,16144
82,121,16145
80,114,16146
79,112,16147
79,108,16148
81,99,16149
82,97,16150
83,94,16151
92,88,16152
94,87,16153
100,86,16154
101,86,16155
110,89,16156
114,92,16157
120,100,16158
121,101,16159
123,106,16160
124,115,16161
123,125,16162
123,126,16163
112,143,16164
114,142,16165
104,148,16166
96,150,16167
94,151,16168
82,148,16169
75,144,16170
68,137,16171
62,125,16172
61,123,16173
60,120,16174
59,106,16175
61,94,16176
64,87,16177
70,77,16178
81,68,16179
85,66,16180
95,63,16181
101,63,16182
115,66,16183
123,71,16184
133,81,16185
135,84,16186
140,94,16187
144,112,16188
142,131,16189
142,133,16190
138,144,16191
129,157,16192
119,166,16193
114,169,16194
107,172,16195
86,173,16196
75,170,16197
62,162,16198
63,163,16199
46,140,16200
41,125,16201
39,115,16202
40,96,16203
40,95,16204
48,72,16205
58,59,16206
61,55,16207
76,45,16208
87,41,16209
112,41,16210
122,44,16211
136,53,16212
142,58,16213
158,84,16214
161,93,16215
162,96,16216
164,119,16217
161,140,16218
151,163,16219
143,174,16220
137,180,16221
118,192,16222
100,197,16223
90,197,16224
76,195,16225
57,186,16226
44,175,16227
26,146,16228
24,141,16229
21,131,16230
19,103,16231
20,93,16232
24,76,16233
42,44,16234
47,38,16235
63,26,16236
90,17,16237
96,16,16238
126,21,16239
141,29,16240
148,34,16241
174,69,16242
180,85,16243
181,88,16244
184,111,16245
182,139,16246
175,162,16247
166,179,16248
151,197,16249
135,209,16250
120,216,16251
94,221,16252
66,216,16253
44,204,16254
29,191,16255
19,178,16256
98,114,16257
98,117,16258
96,118,16259
96,119,16260
94,120,16261
89,117,16262
88,115,16263
87,113,16264
86,109,16265
87,105,16266
90,100,16267
87,103,16268
89,99,16269
96,96,16270
103,96,16271
102,95,16272
105,96,16273
111,101,16274
113,104,16275
114,104,16276
116,118,16277
117,114,16278
114,127,16279
113,129,16280
109,135,16281
109,136,16282
97,141,16283
100,141,16284
84,139,16285
87,141,16286
77,135,16287
73,130,16288
70,124,16289
68,120,16290
67,106,16291
68,98,16292
69,95,16293
76,84,16294
74,85,16295
83,77,16296
88,74,16297
102,72,16298
113,75,16299
115,76,16300
125,84,16301
127,86,16302
134,101,16303
136,111,16304
136,121,16305
136,124,16306
129,143,16307
128,145,16308
117,157,16309
116,158,16310
105,163,16311
93,165,16312
82,163,16313
74,160,16314
62,150,16315
57,144,16316
51,132,16317
48,123,16318
47,105,16319
47,99,16320
50,87,16321
56,74,16322
69,60,16323
79,53,16324
92,49,16325
100,48,16326
114,51,16327
133,62,16328
133,61,16329
139,67,16330
152,90,16331
155,101,16332
156,120,16333
156,126,16334
147,154,16335
142,162,16336
124,179,16337
129,176,16338
110,186,16339
96,188,16340
82,187,16341
64,180,16342
55,174,16343
40,157,16344
34,145,16345
27,118,16346
27,100,16347
29,87,16348
34,72,16349
40,60,16350
52,45,16351
59,39,16352
77,29,16353
99,25,16354
115,27,16355
136,36,16356
148,45,16357
151,48,16358
170,80,16359
175,97,16360
176,125,16361
176,129,16362
172,148,16363
160,173,16364
144,192,16365
130,202,16366
119,207,16367
110,210,16368
68,207,16369
65,206,16370
48,197,16371
26,174,16372
18,160,16373
12,145,16374
7,119,16375
6,109,16376
14,67,16377
23,48,16378
39,27,16379
40,26,16380
68,8,16381
94,2,16382
115,3,16383
95,113,16384
93,111,16385
94,107,16386
94,106,16387
96,104,16388
100,104,16389
102,104,16390
104,105,16391
107,109,16392
108,111,16393
109,112,16394
109,116,16395
110,116,16396
107,124,16397
103,129,16398
102,130,16399
97,132,16400
93,133,16401
90,132,16402
88,132,16403
79,124,16404
81,128,16405
77,122,16406
75,106,16407
74,108,16408
74,106,16409
79,93,16410
80,91,16411
87,85,16412
91,82,16413
96,81,16414
107,82,16415
113,85,16416
112,84,16417
119,89,16418
125,99,16419
128,109,16420
128,107,16421
129,116,16422
127,129,16423
124,136,16424
118,145,16425
106,153,16426
100,155,16427
98,156,16428
89,156,16429
78,152,16430
66,142,16431
66,143,16432
60,133,16433
55,118,16434
54,111,16435
56,95,16436
57,90,16437
63,78,16438
78,64,16439
76,65,16440
87,59,16441
104,58,16442
106,58,16443
121,63,16444
124,65,16445
133,73,16446
141,84,16447
148,106,16448
149,113,16449
143,143,16450
147,133,16451
139,152,16452
127,166,16453
121,171,16454
104,178,16455
89,179,16456
78,177,16457
70,174,16458
60,167,16459
48,154,16460
40,139,16461
36,126,16462
34,111,16463
37,88,16464
36,90,16465
44,69,16466
57,52,16467
69,43,16468
85,36,16469
88,35,16470
111,35,16471
127,41,16472
136,46,16473
148,57,16474
160,76,16475
167,98,16476
169,112,16477
167,135,16478
163,150,16479
161,155,16480
142,182,16481
122,196,16482
112,200,16483
105,202,16484
92,203,16485
62,195,16486
49,187,16487
36,174,16488
21,147,16489
18,138,16490
15,123,16491
14,107,16492
18,79,16493
26,59,16494
36,43,16495
51,28,16496
67,18,16497
80,13,16498
109,11,16499
125,15,16500
150,29,16501
167,47,16502
176,61,16503
187,95,16504
188,100,16505
189,118,16506
188,134,16507
167,186,16508
158,197,16509
146,208,16510
99,111,16511
100,111,16512
101,115,16513
102,115,16514
102,117,16515
100,121,16516
99,122,16517
96,124,16518
94,124,16519
89,122,16520
87,122,16521
85,119,16522
83,116,16523
82,112,16524
82,108,16525
83,102,16526
84,99,16527
89,94,16528
90,93,16529
95,90,16530
100,90,16531
100,89,16532
109,92,16533
112,94,16534
118,103,16535
118,102,16536
121,112,16537
121,118,16538
119,127,16539
118,131,16540
114,137,16541
107,143,16542
103,145,16543
97,147,16544
94,147,16545
86,146,16546
78,142,16547
72,137,16548
67,130,16549
63,118,16550
62,113,16551
62,108,16552
65,92,16553
69,84,16554
71,81,16555
79,73,16556
84,70,16557
104,67,16558
101,66,16559
117,71,16560
122,74,16561
129,81,16562
136,92,16563
138,97,16564
140,104,16565
140,126,16566
137,138,16567
135,143,16568
126,156,16569
119,162,16570
107,168,16571
100,170,16572
87,170,16573
82,169,16574
69,163,16575
61,157,16576
50,142,16577
44,126,16578
43,122,16579
44,92,16580
47,82,16581
50,75,16582
59,62,16583
65,56,16584
85,45,16585
95,43,16586
109,44,16587
124,49,16588
131,53,16589
146,68,16590
150,74,16591
158,93,16592
161,110,16593
159,135,16594
158,139,16595
154,151,16596
142,170,16597
138,175,16598
123,186,16599
102,193,16600
92,194,16601
70,189,16602
65,187,16603
41,167,16604
38,163,16605
25,134,16606
23,125,16607
25,85,16608
24,88,16609
30,69,16610
38,54,16611
50,40,16612
78,23,16613
81,22,16614
114,21,16615
122,23,16616
144,35,16617
154,44,16618
165,58,16619
178,89,16620
181,109,16621
179,138,16622
179,139,16623
173,159,16624
160,182,16625
145,198,16626
126,210,16627
119,213,16628
91,217,16629
84,217,16630
48,203,16631
40,197,16632
16,167,16633
13,161,16634
3,127,16635
3,92,16636
3,90,16637
97,114,16638
95,116,16639
93,116,16640
91,116,16641
90,114,16642
89,109,16643
90,105,16644
90,104,16645
93,101,16646
94,100,16647
97,98,16648
100,98,16649
102,98,16650
110,105,16651
109,103,16652
111,105,16653
113,113,16654
113,120,16655
112,124,16656
111,127,16657
108,131,16658
106,134,16659
102,136,16660
94,138,16661
87,137,16662
86,137,16663
79,132,16664
76,129,16665
72,121,16666
70,116,16667
70,105,16668
70,103,16669
71,98,16670
73,92,16671
83,81,16672
90,77,16673
94,76,16674
100,75,16675
102,75,16676
117,81,16677
116,80,16678
127,92,16679
131,102,16680
133,111,16681
133,106,16682
132,129,16683
129,137,16684
124,145,16685
118,152,16686
106,159,16687
104,160,16688
93,162,16689
83,160,16690
72,155,16691
66,150,16692
57,138,16693
53,129,16694
50,118,16695
50,102,16696
54,86,16697
52,90,16698
58,77,16699
74,60,16700
75,59,16701
89,53,16702
103,52,16703
118,56,16704
121,57,16705
137,70,16706
142,76,16707
151,98,16708
153,110,16709
154,116,16710
150,139,16711
149,143,16712
139,161,16713
128,172,16714
116,180,16715
107,183,16716
92,185,16717
76,182,16718
59,173,16719
52,167,16720
40,151,16721
32,129,16722
30,117,16723
30,122,16724
31,92,16725
33,83,16726
44,60,16727
62,41,16728
74,34,16729
79,32,16730
99,28,16731
117,31,16732
130,36,16733
145,47,16734
162,69,16735
169,87,16736
172,99,16737
174,115,16738
172,135,16739
163,162,16740
158,171,16741
140,191,16742
125,201,16743
108,207,16744
96,208,16745
84,208,16746
50,194,16747
44,189,16748
24,165,16749
15,144,16750
10,120,16751
11,130,16752
10,96,16753
14,76,16754
24,52,16755
42,29,16756
59,16,16757
75,9,16758
103,5,16759
113,6,16760
137,14,16761
159,30,16762
174,48,16763
183,65,16764
95,110,16765
95,109,16766
99,107,16767
98,106,16768
101,106,16769
103,108,16770
105,112,16771
106,114,16772
106,117,16773
105,121,16774
104,124,16775
102,126,16776
100,128,16777
95,129,16778
89,128,16779
89,129,16780
83,124,16781
80,120,16782
79,118,16783
78,117,16784
77,109,16785
76,109,16786
82,94,16787
84,91,16788
85,90,16789
89,87,16790
93,85,16791
101,84,16792
114,90,16793
110,86,16794
117,92,16795
122,100,16796
125,109,16797
126,112,16798
125,125,16799
124,129,16800
119,138,16801
115,143,16802
115,144,16803
103,151,16804
90,152,16805
87,152,16806
76,147,16807
72,144,16808
67,139,16809
64,135,16810
58,117,16811
57,108,16812
58,99,16813
60,91,16814
65,81,16815
71,73,16816
77,68,16817
89,62,16818
97,61,16819
109,62,16820
119,66,16821
124,69,16822
137,84,16823
140,89,16824
144,101,16825
146,113,16826
144,131,16827
141,142,16828
140,144,16829
125,164,16830
108,173,16831
107,174,16832
96,176,16833
80,174,16834
66,167,16835
51,152,16836
50,152,16837
48,149,16838
40,130,16839
38,122,16840
39,93,16841
44,76,16842
51,64,16843
54,60,16844
78,42,16845
75,43,16846
91,38,16847
108,38,16848
124,43,16849
140,54,16850
151,66,16851
159,81,16852
165,105,16853
165,102,16854
163,139,16855
158,154,16856
152,165,16857
144,176,16858
134,185,16859
111,197,16860
99,199,16861
73,196,16862
62,191,16863
40,173,16864
42,176,16865
29,158,16866
20,133,16867
17,115,16868
18,95,16869
20,83,16870
32,54,16871
44,39,16872
52,31,16873
66,22,16874
96,14,16875
111,15,16876
126,19,16877
146,30,16878
148,31,16879
173,62,16880
183,90,16881
185,100,16882
184,138,16883
183,144,16884
171,174,16885
148,202,16886
146,204,16887
124,217,16888
102,222,16889
76,221,16890
72,220,16891
99,113,16892
100,115,16893
98,118,16894
99,119,16895
96,121,16896
91,120,16897
92,121,16898
88,118,16899
86,114,16900
85,113,16901
84,112,16902
86,103,16903
84,106,16904
89,98,16905
93,95,16906
94,94,16907
98,93,16908
101,93,16909
107,95,16910
109,96,16911
115,104,16912
116,104,16913
118,111,16914
118,117,16915
118,121,16916
117,126,16917
109,137,16918
111,136,16919
101,142,16920
98,143,16921
94,144,16922
88,143,16923
81,140,16924
75,136,16925
70,129,16926
66,118,16927
65,112,16928
65,107,16929
65,102,16930
73,84,16931
75,81,16932
82,75,16933
89,72,16934
96,70,16935
105,70,16936
106,70,16937
120,77,16938
128,85,16939
128,84,16940
136,101,16941
138,112,16942
138,119,16943
136,132,16944
134,138,16945
126,151,16946
110,163,16947
108,164,16948
98,167,16949
85,166,16950
72,161,16951
65,156,16952
56,146,16953
55,145,16954
46,122,16955
45,114,16956
45,101,16957
51,81,16958
54,74,16959
62,63,16960
77,52,16961
84,49,16962
104,47,16963
100,46,16964
113,48,16965
131,57,16966
145,72,16967
152,85,16968
157,102,16969
158,111,16970
157,130,16971
151,150,16972
150,153,16973
144,163,16974
117,185,16975
109,188,16976
98,190,16977
85,190,16978
71,186,16979
45,166,16980
46,168,16981
41,162,16982
28,133,16983
25,116,16984
25,101,16985
28,84,16986
34,67,16987
41,55,16988
65,33,16989
84,25,16990
83,25,16991
103,23,16992
126,28,16993
146,41,16994
150,44,16995
162,59,16996
171,77,16997
178,107,16998
177,132,16999
176,140,17000
166,167,17001
156,182,17002
141,197,17003
122,208,17004
109,212,17005
91,214,17006
81,213,17007
51,201,17008
35,188,17009
16,160,17010
13,154,17011
6,127,17012
5,103,17013
6,90,17014
12,66,17015
28,37,17016
47,18,17017
65,7,17018
95,114,17019
92,113,17020
92,110,17021
91,110,17022
93,105,17023
95,103,17024
97,102,17025
101,102,17026
103,103,17027
105,104,17028
105,103,17029
109,108,17030
110,110,17031
111,115,17032
109,123,17033
108,126,17034
106,129,17035
100,133,17036
98,134,17037
96,135,17038
87,133,17039
87,134,17040
85,133,17041
80,129,17042
74,118,17043
73,116,17044
73,106,17045
73,102,17046
76,95,17047
79,89,17048
84,84,17049
90,81,17050
95,79,17051
93,79,17052
108,80,17053
114,83,17054
120,88,17055
124,93,17056
127,98,17057
130,110,17058
131,116,17059
128,131,17060
125,138,17061
119,146,17062
119,147,17063
113,152,17064
97,158,17065
86,157,17066
88,158,17067
74,152,17068
67,147,17069
63,142,17070
55,126,17071
53,118,17072
52,108,17073
56,89,17074
58,84,17075
66,71,17076
69,68,17077
85,58,17078
92,56,17079
101,55,17080
108,56,17081
120,60,17082
132,69,17083
142,82,17084
149,102,17085
150,107,17086
151,116,17087
146,141,17088
145,144,17089
135,161,17090
128,168,17091
120,174,17092
109,179,17093
103,181,17094
73,177,17095
65,173,17096
51,161,17097
47,156,17098
40,144,17099
33,120,17100
32,108,17101
39,76,17102
44,66,17103
47,61,17104
55,51,17105
66,42,17106
88,33,17107
102,32,17108
122,36,17109
130,40,17110
146,52,17111
158,68,17112
163,78,17113
168,93,17114
171,118,17115
162,156,17116
161,159,17117
146,181,17118
149,178,17119
121,199,17120
109,203,17121
90,205,17122
82,204,17123
63,198,17124
50,190,17125
29,167,17126
23,157,17127
13,121,17128
12,109,17129
14,90,17130
26,55,17131
27,53,17132
35,41,17133
71,14,17134
80,11,17135
90,9,17136
115,10,17137
136,17,17138
163,39,17139
166,42,17140
183,73,17141
187,85,17142
190,129,17143
188,142,17144
181,165,17145
97,110,17146
99,109,17147
102,112,17148
103,112,17149
103,111,17150
104,116,17151
102,121,17152
101,122,17153
99,124,17154
96,126,17155
92,126,17156
89,125,17157
88,125,17158
85,122,17159
82,118,17160
81,116,17161
80,108,17162
80,107,17163
82,100,17164
85,95,17165
89,91,17166
89,90,17167
97,88,17168
104,88,17169
109,90,17170
111,91,17171
117,97,17172
119,100,17173
122,111,17174
123,113,17175
122,124,17176
120,130,17177
120,131,17178
115,139,17179
109,144,17180
104,147,17181
95,149,17182
83,147,17183
80,146,17184
73,141,17185
68,135,17186
63,126,17187
61,115,17188
60,107,17189
61,99,17190
61,98,17191
68,82,17192
73,76,17193
77,72,17194
89,66,17195
101,64,17196
111,66,17197
118,69,17198
129,78,17199
130,79,17200
140,98,17201
141,101,17202
143,119,17203
140,135,17204
138,140,17205
130,154,17206
125,160,17207
118,165,17208
111,169,17209
87,172,17210
86,172,17211
72,167,17212
64,162,17213
52,149,17214
51,148,17215
41,117,17216
40,110,17217
42,91,17218
47,77,17219
53,66,17220
59,59,17221
82,44,17222
81,44,17223
103,41,17224
118,44,17225
130,50,17226
137,55,17227
146,65,17228
155,79,17229
161,99,17230
163,114,17231
161,135,17232
158,146,17233
151,161,17234
136,179,17235
122,189,17236
108,194,17237
96,196,17238
90,196,17239
67,190,17240
56,184,17241
42,171,17242
31,155,17243
21,121,17244
20,112,17245
20,104,17246
26,74,17247
37,52,17248
49,38,17249
70,24,17250
80,20,17251
91,18,17252
115,19,17253
136,27,17254
142,31,17255
163,52,17256
170,63,17257
181,95,17258
183,111,17259
180,143,17260
179,147,17261
172,166,17262
149,197,17263
147,199,17264
129,211,17265
88,219,17266
86,219,17267
62,213,17268
38,198,17269
31,191,17270
16,171,17271
6,148,17272
97,116,17273
96,117,17274
93,117,17275
94,119,17276
91,117,17277
89,115,17278
88,112,17279
87,109,17280
88,106,17281
89,103,17282
88,103,17283
94,98,17284
94,97,17285
100,96,17286
107,99,17287
105,97,17288
111,103,17289
114,109,17290
115,112,17291
115,118,17292
114,124,17293
115,123,17294
112,129,17295
108,134,17296
102,138,17297
99,140,17298
92,140,17299
86,139,17300
80,135,17301
75,131,17302
74,130,17303
69,117,17304
68,113,17305
68,103,17306
69,99,17307
71,93,17308
77,84,17309
84,78,17310
86,76,17311
98,73,17312
106,74,17313
113,76,17314
121,82,17315
125,86,17316
128,90,17317
133,100,17318
135,120,17319
134,126,17320
133,132,17321
126,146,17322
121,152,17323
113,158,17324
105,162,17325
100,163,17326
86,163,17327
75,159,17328
67,153,17329
66,153,17330
55,138,17331
51,129,17332
48,104,17333
48,101,17334
54,81,17335
54,80,17336
62,68,17337
74,57,17338
91,51,17339
96,50,17340
105,50,17341
117,53,17342
129,60,17343
147,82,17344
143,74,17345
153,96,17346
155,110,17347
154,131,17348
146,153,17349
147,152,17350
138,165,17351
125,177,17352
116,182,17353
105,186,17354
76,184,17355
66,180,17356
60,176,17357
44,160,17358
39,153,17359
30,130,17360
28,114,17361
29,93,17362
30,88,17363
37,68,17364
54,45,17365
64,37,17366
81,29,17367
90,27,17368
99,26,17369
130,34,17370
143,43,17371
154,54,17372
164,68,17373
172,89,17374
175,109,17375
175,128,17376
171,146,17377
167,158,17378
157,176,17379
132,199,17380
121,205,17381
112,208,17382
80,209,17383
75,208,17384
42,190,17385
34,182,17386
21,164,17387
11,137,17388
8,118,17389
8,98,17390
13,73,17391
16,64,17392
33,36,17393
57,15,17394
71,8,17395
68,9,17396
117,5,17397
118,5,17398
149,19,17399
94,111,17400
94,109,17401
95,107,17402
95,106,17403
98,104,17404
101,105,17405
103,106,17406
105,108,17407
107,112,17408
108,115,17409
108,116,17410
107,121,17411
108,121,17412
103,128,17413
98,130,17414
97,131,17415
91,131,17416
90,131,17417
83,127,17418
82,127,17419
77,117,17420
76,117,17421
76,105,17422
77,100,17423
77,99,17424
79,94,17425
86,87,17426
88,85,17427
98,83,17428
97,82,17429
107,83,17430
111,85,17431
120,93,17432
123,97,17433
126,104,17434
127,110,17435
127,123,17436
125,130,17437
124,134,17438
118,143,17439
115,146,17440
108,151,17441
97,154,17442
87,154,17443
86,154,17444
76,150,17445
69,144,17446
64,138,17447
60,132,17448
56,114,17449
55,108,17450
59,89,17451
63,81,17452
65,77,17453
75,67,17454
85,62,17455
96,59,17456
106,59,17457
113,61,17458
127,69,17459
134,76,17460
137,80,17461
143,91,17462
147,107,17463
148,117,17464
147,127,17465
132,159,17466
131,161,17467
129,163,17468
110,175,17469
95,178,17470
81,176,17471
79,176,17472
71,173,17473
57,163,17474
42,141,17475
40,136,17476
36,117,17477
35,108,17478
37,92,17479
49,64,17480
49,63,17481
57,53,17482
73,42,17483
94,36,17484
109,36,17485
110,36,17486
140,51,17487
149,61,17488
152,64,17489
162,83,17490
166,99,17491
168,117,17492
166,135,17493
160,154,17494
148,174,17495
141,182,17496
121,195,17497
106,200,17498
87,201,17499
72,198,17500
60,193,17501
35,170,17502
31,165,17503
25,154,17504
18,133,17505
15,106,17506
19,81,17507
25,63,17508
41,39,17509
43,37,17510
68,19,17511
82,14,17512
103,12,17513
125,16,17514
132,19,17515
156,36,17516
174,60,17517
181,76,17518
186,94,17519
188,115,17520
182,153,17521
177,167,17522
169,182,17523
150,203,17524
126,218,17525
124,219,17526
99,112,17527
100,112,17528
100,117,17529
101,118,17530
98,121,17531
97,122,17532
95,123,17533
93,123,17534
89,121,17535
86,118,17536
87,121,17537
84,114,17538
83,113,17539
83,107,17540
85,101,17541
85,100,17542
88,96,17543
94,92,17544
97,91,17545
102,91,17546
110,95,17547
107,92,17548
113,97,17549
116,101,17550
119,109,17551
120,112,17552
118,126,17553
120,121,17554
114,134,17555
109,140,17556
108,141,17557
102,144,17558
95,146,17559
87,145,17560
84,144,17561
75,138,17562
72,135,17563
68,129,17564
64,120,17565
63,107,17566
64,99,17567
68,88,17568
70,85,17569
79,75,17570
83,72,17571
93,68,17572
103,68,17573
109,69,17574
117,72,17575
120,74,17576
132,87,17577
137,98,17578
139,105,17579
140,113,17580
139,128,17581
132,145,17582
129,150,17583
126,154,17584
117,162,17585
102,168,17586
95,169,17587
88,169,17588
68,161,17589
59,153,17590
52,143,17591
50,140,17592
44,119,17593
43,112,17594
46,88,17595
54,71,17596
55,69,17597
66,57,17598
71,53,17599
86,46,17600
98,44,17601
119,48,17602
125,51,17603
136,59,17604
146,70,17605
155,87,17606
159,103,17607
160,112,17608
160,123,17609
152,152,17610
142,168,17611
136,175,17612
124,184,17613
107,191,17614
89,192,17615
73,189,17616
62,184,17617
48,173,17618
37,159,17619
29,143,17620
24,124,17621
23,104,17622
24,93,17623
35,62,17624
42,51,17625
58,35,17626
56,36,17627
76,25,17628
103,21,17629
107,21,17630
126,26,17631
147,39,17632
160,53,17633
173,77,17634
175,82,17635
180,111,17636
176,146,17637
174,153,17638
162,177,17639
151,191,17640
143,198,17641
114,213,17642
91,216,17643
81,215,17644
64,210,17645
47,201,17646
22,175,17647
12,156,17648
7,141,17649
3,117,17650
5,86,17651
10,67,17652
19,47,17653
95,115,17654
93,115,17655
91,113,17656
90,113,17657
90,110,17658
91,105,17659
92,104,17660
95,101,17661
97,100,17662
101,100,17663
102,100,17664
105,101,17665
107,102,17666
111,109,17667
112,112,17668
112,115,17669
112,121,17670
110,126,17671
108,129,17672
106,132,17673
103,134,17674
101,136,17675
94,137,17676
86,135,17677
82,133,17678
79,131,17679
76,127,17680
72,119,17681
71,107,17682
70,109,17683
73,96,17684
74,94,17685
77,88,17686
82,83,17687
91,78,17688
103,77,17689
105,77,17690
113,80,17691
119,84,17692
125,91,17693
129,99,17694
129,98,17695
132,119,17696
132,121,17697
130,132,17698
127,139,17699
121,147,17700
116,152,17701
106,158,17702
91,160,17703
84,159,17704
81,158,17705
69,151,17706
63,145,17707
56,134,17708
51,114,17709
51,107,17710
50,109,17711
53,92,17712
61,75,17713
68,66,17714
76,60,17715
91,54,17716
95,53,17717
108,54,17718
113,55,17719
136,71,17720
141,77,17721
146,86,17722
151,101,17723
152,113,17724
152,123,17725
149,139,17726
139,159,17727
135,164,17728
119,177,17729
109,181,17730
87,183,17731
85,183,17732
66,176,17733
56,169,17734
50,163,17735
36,139,17736
35,137,17737
31,104,17738
32,93,17739
36,78,17740
46,59,17741
49,55,17742
69,38,17743
83,32,17744
95,30,17745
112,31,17746
125,35,17747
134,40,17748
153,57,17749
165,78,17750
171,99,17751
172,111,17752
171,133,17753
170,139,17754
155,173,17755
148,182,17756
143,187,17757
124,200,17758
98,207,17759
91,207,17760
65,201,17761
62,200,17762
39,183,17763
26,166,17764
13,133,17765
11,116,17766
11,98,17767
16,73,17768
30,45,17769
32,42,17770
60,17,17771
73,11,17772
79,9,17773
116,8,17774
134,14,17775
154,27,17776
165,38,17777
175,52,17778
184,70,17779
191,97,17780
96,110,17781
97,108,17782
99,108,17783
100,107,17784
102,108,17785
104,113,17786
105,115,17787
105,118,17788
103,122,17789
102,124,17790
101,126,17791
98,127,17792
95,128,17793
90,128,17794
86,125,17795
85,125,17796
81,119,17797
79,115,17798
78,110,17799
79,103,17800
80,100,17801
79,100,17802
85,92,17803
92,87,17804
96,86,17805
98,85,17806
105,86,17807
110,88,17808
115,92,17809
119,96,17810
124,112,17811
123,104,17812
125,115,17813
123,128,17814
119,136,17815
118,138,17816
108,147,17817
106,148,17818
99,151,17819
90,151,17820
80,148,17821
78,147,17822
70,140,17823
63,130,17824
61,126,17825
59,120,17826
58,108,17827
62,90,17828
63,87,17829
70,76,17830
78,69,17831
81,67,17832
97,62,17833
99,62,17834
112,64,17835
124,71,17836
134,81,17837
135,82,17838
141,95,17839
144,108,17840
145,117,17841
144,127,17842
138,145,17843
134,152,17844
119,167,17845
116,169,17846
90,174,17847
93,175,17848
81,173,17849
69,168,17850
53,153,17851
44,137,17852
41,130,17853
39,121,17854
38,110,17855
42,84,17856
52,65,17857
53,63,17858
65,51,17859
74,45,17860
95,39,17861
90,39,17862
123,44,17863
131,48,17864
146,62,17865
153,72,17866
157,79,17867
164,103,17868
164,129,17869
160,146,17870
153,161,17871
144,174,17872
132,185,17873
126,189,17874
97,198,17875
82,197,17876
81,197,17877
53,184,17878
39,170,17879
35,165,17880
24,144,17881
21,134,17882
18,108,17883
19,94,17884
32,57,17885
31,58,17886
45,39,17887
81,18,17888
83,17,17889
101,15,17890
119,18,17891
149,34,17892
163,49,17893
174,67,17894
173,64,17895
184,102,17896
185,118,17897
184,131,17898
172,170,17899
167,179,17900
153,196,17901
133,211,17902
109,220,17903
105,221,17904
71,218,17905
59,214,17906
41,203,17907
98,113,17908
99,115,17909
97,118,17910
96,120,17911
93,120,17912
91,119,17913
89,118,17914
87,115,17915
86,111,17916
86,107,17917
86,105,17918
89,100,17919
87,101,17920
94,96,17921
98,95,17922
99,94,17923
104,95,17924
107,96,17925
111,100,17926
114,103,17927
116,111,17928
117,111,17929
116,123,17930
116,124,17931
114,129,17932
114,130,17933
104,139,17934
102,141,17935
93,142,17936
88,142,17937
83,140,17938
77,136,17939
71,128,17940
70,127,17941
67,119,17942
66,107,17943
67,99,17944
71,90,17945
70,90,17946
78,80,17947
81,77,17948
92,72,17949
100,71,17950
108,72,17951
115,75,17952
120,78,17953
132,94,17954
135,102,17955
134,97,17956
137,119,17957
135,131,17958
133,137,17959
129,145,17960
123,153,17961
117,158,17962
98,165,17963
93,166,17964
85,165,17965
73,160,17966
59,148,17967
55,142,17968
50,132,17969
47,122,17970
46,105,17971
48,91,17972
53,78,17973
62,66,17974
63,64,17975
82,51,17976
94,48,17977
102,48,17978
121,53,17979
118,51,17980
133,60,17981
143,71,17982
154,94,17983
156,103,17984
157,113,17985
155,135,17986
151,147,17987
138,168,17988
136,171,17989
123,181,17990
103,188,17991
92,189,17992
75,186,17993
74,186,17994
47,167,17995
39,156,17996
33,145,17997
29,134,17998
26,112,17999
29,84,18000
34,70,18001
40,59,18002
52,44,18003
70,31,18004
86,26,18005
100,24,18006
118,27,18007
127,30,18008
141,38,18009
165,67,18010
170,77,18011
176,99,18012
177,111,18013
175,139,18014
162,171,18015
166,165,18016
145,192,18017
139,197,18018
112,210,18019
88,212,18020
74,210,18021
67,208,18022
41,192,18023
24,172,18024
13,150,18025
10,141,18026
6,101,18027
10,77,18028
19,54,18029
18,55,18030
35,30,18031
60,11,18032
86,2,18033
105,1,18034
96,113,18035
93,112,18036
93,108,18037
92,108,18038
95,104,18039
97,103,18040
99,103,18041
102,103,18042
106,107,18043
107,108,18044
107,106,18045
109,115,18046
110,114,18047
109,121,18048
107,125,18049
103,130,18050
99,132,18051
97,133,18052
91,133,18053
89,133,18054
83,129,18055
85,132,18056
77,123,18057
75,118,18058
74,112,18059
73,110,18060
75,100,18061
76,96,18062
83,87,18063
86,84,18064
92,81,18065
98,80,18066
102,80,18067
107,81,18068
112,83,18069
123,94,18070
127,102,18071
129,111,18072
129,110,18073
129,123,18074
127,131,18075
122,141,18076
117,147,18077
113,150,18078
109,153,18079
97,157,18080
87,156,18081
75,151,18082
71,149,18083
61,136,18084
58,131,18085
55,122,18086
54,104,18087
53,109,18088
58,86,18089
66,74,18090
69,70,18091
77,63,18092
83,60,18093
102,57,18094
107,57,18095
114,59,18096
129,68,18097
136,75,18098
142,85,18099
147,97,18100
149,118,18101
149,126,18102
147,135,18103
137,156,18104
136,158,18105
122,171,18106
104,179,18107
97,180,18108
88,180,18109
73,176,18110
58,166,18111
44,149,18112
40,141,18113
37,133,18114
34,102,18115
34,97,18116
37,84,18117
43,70,18118
63,46,18119
69,42,18120
76,38,18121
98,33,18122
113,35,18123
118,36,18124
140,48,18125
151,60,18126
164,84,18127
168,98,18128
169,125,18129
169,128,18130
163,152,18131
153,170,18132
135,189,18133
134,190,18134
116,200,18135
101,203,18136
75,201,18137
66,198,18138
48,187,18139
37,176,18140
24,156,18141
15,127,18142
14,121,18143
15,89,18144
22,66,18145
31,49,18146
44,33,18147
55,24,18148
63,19,18149
93,10,18150
118,12,18151
125,14,18152
151,29,18153
156,33,18154
176,60,18155
185,82,18156
189,106,18157
190,118,18158
180,164,18159
172,180,18160
166,189,18161
97,111,18162
99,110,18163
102,113,18164
103,113,18165
103,116,18166
102,119,18167
100,122,18168
99,123,18169
95,125,18170
93,125,18171
89,124,18172
86,122,18173
85,121,18174
82,115,18175
81,111,18176
81,109,18177
82,102,18178
83,100,18179
87,94,18180
91,91,18181
93,90,18182
95,89,18183
103,89,18184
109,91,18185
114,95,18186
117,99,18187
120,105,18188
121,108,18189
122,116,18190
121,124,18191
119,130,18192
114,138,18193
110,142,18194
109,143,18195
96,148,18196
87,147,18197
84,146,18198
78,143,18199
74,140,18200
67,131,18201
63,121,18202
62,117,18203
62,100,18204
63,96,18205
65,90,18206
71,80,18207
78,73,18208
87,68,18209
94,66,18210
105,66,18211
110,67,18212
123,74,18213
130,81,18214
134,87,18215
138,95,18216
141,123,18217
141,126,18218
140,131,18219
134,146,18220
130,152,18221
120,162,18222
114,166,18223
98,171,18224
83,170,18225
77,168,18226
66,162,18227
55,151,18228
46,135,18229
44,129,18230
42,120,18231
42,98,18232
45,85,18233
51,72,18234
58,62,18235
65,55,18236
80,46,18237
90,43,18238
109,43,18239
122,47,18240
136,56,18241
143,63,18242
154,80,18243
160,98,18244
161,104,18245
161,129,18246
156,148,18247
149,162,18248
147,165,18249
132,181,18250
121,188,18251
102,194,18252
85,194,18253
70,190,18254
60,185,18255
41,168,18256
33,156,18257
29,148,18258
22,122,18259
22,95,18260
23,89,18261
30,67,18262
45,44,18263
51,38,18264
63,29,18265
86,20,18266
107,19,18267
124,23,18268
144,34,18269
150,39,18270
163,54,18271
175,77,18272
181,101,18273
182,115,18274
176,153,18275
168,171,18276
161,182,18277
145,199,18278
130,209,18279
115,215,18280
89,218,18281
63,212,18282
48,204,18283
28,186,18284
18,172,18285
6,144,18286
3,131,18287
1,112,18288
97,115,18289
96,116,18290
92,116,18291
93,118,18292
89,113,18293
89,108,18294
89,107,18295
89,105,18296
91,102,18297
93,100,18298
93,99,18299
101,98,18300
99,97,18301
106,100,18302
109,102,18303
109,101,18304
113,110,18305
114,113,18306
114,117,18307
113,124,18308
111,128,18309
110,131,18310
105,135,18311
98,138,18312
94,139,18313
91,139,18314
83,136,18315
79,133,18316
73,125,18317
73,126,18318
71,122,18319
69,107,18320
69,105,18321
70,98,18322
76,87,18323
83,80,18324
86,78,18325
95,75,18326
98,74,18327
111,77,18328
117,80,18329
121,83,18330
128,93,18331
132,102,18332
134,110,18333
134,120,18334
134,122,18335
129,138,18336
128,141,18337
119,152,18338
112,157,18339
99,162,18340
90,162,18341
80,160,18342
71,155,18343
64,149,18344
58,141,18345
53,132,18346
49,114,18347
50,99,18348
49,102,18349
56,79,18350
63,69,18351
66,65,18352
75,58,18353
83,54,18354
108,52,18355
116,54,18356
124,58,18357
135,66,18358
148,87,18359
150,92,18360
152,97,18361
154,119,18362
153,131,18363
148,147,18364
130,171,18365
126,175,18366
115,181,18367
110,183,18368
85,185,18369
76,183,18370
62,176,18371
50,166,18372
37,146,18373
31,128,18374
30,125,18375
29,104,18376
30,93,18377
39,67,18378
43,60,18379
58,43,18380
77,32,18381
86,29,18382
105,28,18383
123,32,18384
135,38,18385
155,57,18386
159,63,18387
166,76,18388
171,89,18389
174,109,18390
170,146,18391
171,143,18392
152,180,18393
145,188,18394
127,201,18395
104,208,18396
88,209,18397
69,205,18398
55,198,18399
46,192,18400
23,164,18401
21,161,18402
14,145,18403
9,115,18404
13,77,18405
15,70,18406
29,43,18407
37,33,18408
56,17,18409
79,7,18410
102,4,18411
117,6,18412
138,14,18413
151,22,18414
176,50,18415
95,111,18416
95,108,18417
97,107,18418
97,106,18419
99,105,18420
104,108,18421
105,110,18422
106,112,18423
107,115,18424
107,116,18425
106,122,18426
101,127,18427
103,127,18428
98,129,18429
93,130,18430
90,130,18431
88,129,18432
83,126,18433
80,121,18434
79,121,18435
77,111,18436
76,112,18437
79,98,18438
81,94,18439
83,91,18440
86,88,18441
95,84,18442
106,85,18443
97,83,18444
103,83,18445
115,89,18446
120,95,18447
124,103,18448
124,102,18449
126,120,18450
127,116,18451
124,130,18452
119,139,18453
120,139,18454
109,149,18455
103,152,18456
96,153,18457
82,151,18458
76,148,18459
73,146,18460
69,143,18461
62,132,18462
58,121,18463
57,118,18464
57,100,18465
61,87,18466
63,83,18467
70,73,18468
80,65,18469
91,61,18470
99,60,18471
112,62,18472
115,63,18473
133,77,18474
134,78,18475
144,99,18476
146,107,18477
146,122,18478
147,116,18479
144,135,18480
136,153,18481
123,166,18482
116,171,18483
106,175,18484
94,177,18485
82,175,18486
61,164,18487
65,168,18488
52,156,18489
42,138,18490
38,125,18491
37,104,18492
38,92,18493
40,85,18494
50,64,18495
61,52,18496
65,48,18497
96,37,18498
86,38,18499
112,38,18500
126,43,18501
133,47,18502
149,62,18503
159,80,18504
164,94,18505
166,105,18506
166,128,18507
163,142,18508
156,160,18509
140,181,18510
125,192,18511
110,198,18512
91,200,18513
71,196,18514
62,192,18515
46,181,18516
39,174,18517
24,148,18518
20,137,18519
17,120,18520
17,95,18521
19,84,18522
37,46,18523
39,43,18524
61,24,18525
71,19,18526
100,13,18527
115,15,18528
133,21,18529
149,31,18530
165,48,18531
173,61,18532
184,91,18533
186,105,18534
187,115,18535
181,153,18536
175,168,18537
168,181,18538
151,201,18539
117,220,18540
86,223,18541
77,222,18542
98,112,18543
100,114,18544
99,118,18545
100,118,18546
97,121,18547
93,121,18548
93,122,18549
89,120,18550
88,119,18551
85,114,18552
85,116,18553
84,109,18554
83,109,18555
86,101,18556
90,96,18557
91,95,18558
95,93,18559
98,92,18560
106,94,18561
106,93,18562
112,98,18563
112,97,18564
117,105,18565
118,110,18566
119,115,18567
119,120,18568
114,132,18569
116,130,18570
108,139,18571
104,142,18572
98,144,18573
90,144,18574
83,142,18575
79,140,18576
74,136,18577
70,130,18578
66,121,18579
64,111,18580
64,110,18581
66,96,18582
70,87,18583
75,80,18584
81,75,18585
92,70,18586
95,69,18587
105,69,18588
117,74,18589
120,76,18590
128,83,18591
136,99,18592
136,98,18593
139,113,18594
139,116,18595
137,132,18596
133,142,18597
123,155,18598
110,164,18599
113,163,18600
101,167,18601
86,167,18602
72,162,18603
66,158,18604
55,146,18605
52,141,18606
45,120,18607
44,114,18608
48,87,18609
47,88,18610
51,78,18611
67,58,18612
69,56,18613
82,49,18614
94,46,18615
108,46,18616
121,50,18617
129,55,18618
143,68,18619
150,79,18620
155,91,18621
159,112,18622
158,128,18623
156,139,18624
148,158,18625
137,172,18626
121,184,18627
112,188,18628
99,191,18629
81,190,18630
59,180,18631
52,175,18632
44,167,18633
35,153,18634
28,136,18635
24,114,18636
25,95,18637
27,84,18638
31,72,18639
48,46,18640
73,28,18641
80,25,18642
79,25,18643
102,22,18644
122,26,18645
137,33,18646
151,44,18647
162,58,18648
174,83,18649
179,113,18650
179,121,18651
176,143,18652
169,162,18653
149,191,18654
130,205,18655
124,208,18656
104,214,18657
93,215,18658
58,206,18659
51,202,18660
25,177,18661
22,173,18662
7,136,18663
5,126,18664
4,105,18665
6,85,18666
20,48,18667
33,30,18668
43,20,18669
94,114,18670
93,114,18671
92,111,18672
91,111,18673
91,108,18674
93,104,18675
94,103,18676
97,101,18677
99,101,18678
103,102,18679
106,103,18680
107,104,18681
110,108,18682
111,113,18683
111,117,18684
110,123,18685
110,124,18686
104,131,18687
102,133,18688
101,134,18689
92,135,18690
94,136,18691
88,135,18692
80,130,18693
76,124,18694
74,121,18695
73,118,18696
72,106,18697
74,98,18698
73,99,18699
78,89,18700
81,86,18701
89,80,18702
95,78,18703
102,78,18704
110,80,18705
115,83,18706
118,85,18707
125,93,18708
130,106,18709
130,105,18710
131,118,18711
131,122,18712
125,139,18713
124,142,18714
119,148,18715
111,154,18716
99,158,18717
91,159,18718
80,156,18719
77,155,18720
67,148,18721
57,133,18722
56,131,18723
52,115,18724
53,98,18725
56,87,18726
56,86,18727
66,70,18728
77,61,18729
85,57,18730
93,55,18731
100,54,18732
112,56,18733
121,60,18734
131,67,18735
145,87,18736
146,89,18737
151,109,18738
151,119,18739
147,141,18740
142,152,18741
138,158,18742
127,170,18743
114,178,18744
105,181,18745
83,181,18746
71,177,18747
70,177,18748
51,162,18749
46,156,18750
35,133,18751
34,129,18752
32,105,18753
34,89,18754
43,66,18755
49,57,18756
53,52,18757
68,40,18758
89,32,18759
97,31,18760
126,37,18761
130,39,18762
147,52,18763
161,72,18764
167,87,18765
168,90,18766
169,136,18767
168,142,18768
158,166,18769
153,174,18770
136,191,18771
125,198,18772
104,205,18773
94,206,18774
74,203,18775
50,191,18776
33,174,18777
26,164,18778
22,156,18779
12,118,18780
12,102,18781
15,81,18782
24,57,18783
32,44,18784
49,26,18785
59,19,18786
85,9,18787
113,9,18788
110,8,18789
135,16,18790
151,26,18791
176,56,18792
185,76,18793
189,92,18794
191,124,18795
190,136,18796
97,109,18797
98,109,18798
100,109,18799
102,109,18800
104,112,18801
104,117,18802
103,120,18803
103,121,18804
101,123,18805
99,125,18806
99,126,18807
93,127,18808
90,127,18809
86,124,18810
82,119,18811
82,120,18812
80,112,18813
79,109,18814
80,104,18815
81,100,18816
85,94,18817
84,94,18818
91,89,18819
97,87,18820
102,87,18821
107,88,18822
112,91,18823
118,97,18824
122,107,18825
123,109,18826
123,121,18827
123,123,18828
121,130,18829
121,131,18830
114,141,18831
106,147,18832
103,148,18833
94,150,18834
90,150,18835
79,146,18836
72,141,18837
67,135,18838
62,123,18839
61,121,18840
60,119,18841
60,100,18842
63,90,18843
71,77,18844
76,72,18845
82,68,18846
93,64,18847
99,63,18848
106,64,18849
116,67,18850
126,74,18851
133,82,18852
140,95,18853
142,102,18854
143,105,18855
142,129,18856
141,135,18857
137,145,18858
122,163,18859
113,169,18860
108,171,18861
88,173,18862
77,170,18863
74,169,18864
64,163,18865
58,158,18866
44,134,18867
40,116,18868
39,110,18869
42,89,18870
42,88,18871
53,65,18872
69,50,18873
71,48,18874
82,43,18875
102,40,18876
120,44,18877
125,46,18878
142,59,18879
144,61,18880
157,83,18881
161,95,18882
164,115,18883
162,134,18884
160,142,18885
143,173,18886
134,182,18887
130,185,18888
102,196,18889
95,197,18890
79,195,18891
61,188,18892
42,172,18893
35,163,18894
23,135,18895
22,132,18896
19,111,18897
20,96,18898
28,67,18899
37,51,18900
46,40,18901
59,29,18902
72,22,18903
104,17,18904
110,17,18905
122,20,18906
147,34,18907
161,48,18908
176,75,18909
181,91,18910
184,113,18911
183,131,18912
174,163,18913
164,181,18914
149,198,18915
147,200,18916
115,217,18917
98,220,18918
71,217,18919
65,215,18920
42,202,18921
23,183,18922
17,174,18923
98,115,18924
98,116,18925
95,118,18926
95,119,18927
92,119,18928
89,116,18929
88,113,18930
87,111,18931
87,108,18932
88,104,18933
88,102,18934
91,99,18935
92,97,18936
98,96,18937
102,96,18938
104,96,18939
109,99,18940
112,103,18941
115,110,18942
115,108,18943
116,117,18944
117,116,18945
112,130,18946
110,133,18947
108,135,18948
105,138,18949
100,140,18950
92,141,18951
83,138,18952
80,137,18953
78,135,18954
70,123,18955
68,117,18956
68,119,18957
67,109,18958
69,96,18959
71,91,18960
79,81,18961
77,82,18962
87,75,18963
93,73,18964
100,72,18965
114,76,18966
120,80,18967
127,87,18968
128,88,18969
135,107,18970
136,115,18971
136,118,18972
135,128,18973
126,147,18974
123,151,18975
113,159,18976
107,162,18977
97,164,18978
89,164,18979
74,159,18980
73,159,18981
57,143,18982
55,140,18983
50,128,18984
47,114,18985
48,99,18986
50,88,18987
58,72,18988
61,68,18989
84,52,18990
83,52,18991
96,49,18992
103,49,18993
130,60,18994
140,70,18995
136,64,18996
149,83,18997
155,104,18998
156,112,18999
155,127,19000
150,147,19001
147,153,19002
140,164,19003
129,175,19004
114,184,19005
103,187,19006
79,186,19007
63,179,19008
54,172,19009
50,169,19010
36,149,19011
30,132,19012
27,113,19013
28,95,19014
34,73,19015
39,63,19016
44,55,19017
60,39,19018
71,32,19019
91,26,19020
117,28,19021
123,30,19022
143,42,19023
145,43,19024
167,73,19025
171,84,19026
176,108,19027
175,131,19028
175,133,19029
164,166,19030
150,185,19031
136,198,19032
129,202,19033
111,209,19034
76,209,19035
58,202,19036
43,192,19037
39,189,19038
24,170,19039
12,143,19040
7,116,19041
7,105,19042
10,80,19043
24,47,19044
28,41,19045
48,20,19046
64,10,19047
83,4,19048
99,2,19049
125,6,19050
94,112,19051
93,110,19052
94,108,19053
94,106,19054
95,105,19055
99,104,19056
101,104,19057
105,107,19058
107,110,19059
108,112,19060
109,113,19061
108,119,19062
109,119,19063
105,126,19064
102,129,19065
101,130,19066
95,132,19067
92,132,19068
86,130,19069
85,130,19070
79,123,19071
78,123,19072
75,114,19073
75,108,19074
75,104,19075
75,102,19076
81,91,19077
82,89,19078
92,83,19079
90,83,19080
101,81,19081
106,82,19082
115,87,19083
117,88,19084
122,94,19085
125,100,19086
128,112,19087
128,119,19088
128,123,19089
125,133,19090
118,144,19091
114,148,19092
107,152,19093
97,155,19094
94,156,19095
86,155,19096
74,149,19097
69,145,19098
62,137,19099
57,124,19100
55,114,19101
55,103,19102
57,93,19103
60,84,19104
63,79,19105
76,66,19106
87,60,19107
89,59,19108
112,60,19109
115,61,19110
126,67,19111
135,76,19112
141,85,19113
144,92,19114
148,109,19115
148,125,19116
143,142,19117
141,148,19118
136,156,19119
124,168,19120
106,177,19121
99,178,19122
92,179,19123
83,178,19124
66,171,19125
55,162,19126
46,150,19127
39,135,19128
36,124,19129
36,94,19130
42,75,19131
41,76,19132
51,59,19133
68,44,19134
78,39,19135
93,35,19136
100,34,19137
117,37,19138
137,48,19139
139,49,19140
156,69,19141
162,82,19142
167,100,19143
168,127,19144
163,148,19145
160,156,19146
150,173,19147
138,185,19148
123,195,19149
99,202,19150
81,201,19151
79,201,19152
52,188,19153
40,178,19154
29,163,19155
20,143,19156
16,127,19157
17,87,19158
19,77,19159
20,74,19160
41,38,19161
45,34,19162
73,16,19163
88,12,19164
96,11,19165
121,14,19166
145,26,19167
154,33,19168
173,57,19169
175,60,19170
185,87,19171
187,134,19172
185,146,19173
182,157,19174
168,184,19175
139,212,19176
141,211,19177
98,111,19178
101,112,19179
101,115,19180
102,116,19181
101,119,19182
98,122,19183
97,123,19184
92,123,19185
91,123,19186
88,121,19187
89,123,19188
84,117,19189
83,115,19190
82,110,19191
83,105,19192
85,99,19193
84,100,19194
91,93,19195
92,92,19196
93,91,19197
103,91,19198
106,91,19199
108,92,19200
114,97,19201
117,102,19202
119,105,19203
120,120,19204
121,116,19205
116,132,19206
117,132,19207
109,141,19208
104,144,19209
102,145,19210
95,147,19211
88,146,19212
79,142,19213
75,139,19214
71,135,19215
65,125,19216
63,116,19217
62,110,19218
64,97,19219
66,91,19220
71,82,19221
74,78,19222
85,70,19223
95,67,19224
99,67,19225
106,67,19226
116,71,19227
120,73,19228
134,89,19229
136,93,19230
139,102,19231
139,129,19232
141,118,19233
132,147,19234
128,153,19235
123,158,19236
113,165,19237
101,169,19238
96,170,19239
84,169,19240
73,165,19241
62,157,19242
52,145,19243
45,128,19244
44,124,19245
42,110,19246
44,94,19247
47,83,19248
51,74,19249
66,56,19250
71,52,19251
87,45,19252
100,43,19253
112,45,19254
135,57,19255
143,65,19256
144,66,19257
157,91,19258
159,99,19259
161,115,19260
156,144,19261
152,154,19262
147,163,19263
138,174,19264
130,181,19265
106,192,19266
89,193,19267
80,192,19268
58,182,19269
49,175,19270
38,162,19271
29,145,19272
26,136,19273
22,106,19274
30,71,19275
31,68,19276
38,55,19277
43,48,19278
62,31,19279
80,23,19280
95,20,19281
123,24,19282
139,32,19283
148,39,19284
165,59,19285
168,64,19286
177,87,19287
181,115,19288
178,141,19289
174,155,19290
165,174,19291
150,193,19292
143,199,19293
117,213,19294
95,217,19295
67,212,19296
55,207,19297
41,197,19298
35,192,19299
16,166,19300
9,150,19301
2,110,19302
6,78,19303
6,77,19304
96,115,19305
94,116,19306
92,115,19307
91,115,19308
90,111,19309
90,107,19310
91,104,19311
91,103,19312
94,101,19313
97,99,19314
101,99,19315
102,99,19316
104,99,19317
109,104,19318
112,110,19319
112,108,19320
113,115,19321
113,118,19322
112,123,19323
109,129,19324
104,134,19325
107,133,19326
97,137,19327
89,137,19328
86,136,19329
85,136,19330
76,128,19331
75,127,19332
71,115,19333
70,114,19334
70,108,19335
72,97,19336
75,90,19337
77,87,19338
85,80,19339
89,78,19340
102,76,19341
103,76,19342
111,78,19343
119,83,19344
121,85,19345
126,91,19346
132,108,19347
133,118,19348
133,121,19349
131,131,19350
128,138,19351
118,151,19352
112,156,19353
101,160,19354
96,161,19355
91,161,19356
75,156,19357
69,152,19358
58,139,19359
55,133,19360
51,119,19361
50,114,19362
52,93,19363
59,77,19364
59,76,19365
68,65,19366
80,57,19367
84,55,19368
98,52,19369
108,53,19370
126,61,19371
133,66,19372
143,79,19373
145,82,19374
152,106,19375
153,114,19376
153,121,19377
147,146,19378
145,151,19379
135,165,19380
120,177,19381
106,183,19382
98,184,19383
87,184,19384
66,177,19385
61,174,19386
42,153,19387
40,150,19388
31,121,19389
30,112,19390
32,89,19391
36,76,19392
38,71,19393
58,45,19394
64,40,19395
78,33,19396
88,30,19397
105,29,19398
132,38,19399
140,43,19400
152,55,19401
161,68,19402
170,92,19403
173,120,19404
173,123,19405
170,142,19406
162,163,19407
150,181,19408
138,192,19409
126,200,19410
110,206,19411
74,205,19412
73,205,19413
42,187,19414
39,184,19415
27,169,19416
14,139,19417
10,116,19418
11,92,19419
15,74,19420
27,48,19421
36,36,19422
62,15,19423
73,10,19424
92,6,19425
115,7,19426
129,11,19427
143,18,19428
164,36,19429
170,43,19430
190,88,19431
96,112,19432
96,108,19433
100,108,19434
99,106,19435
100,106,19436
104,110,19437
105,113,19438
106,115,19439
105,119,19440
104,122,19441
105,122,19442
99,127,19443
99,128,19444
92,129,19445
86,126,19446
86,127,19447
82,122,19448
80,119,19449
79,117,19450
78,107,19451
78,105,19452
77,105,19453
84,92,19454
86,90,19455
90,87,19456
95,85,19457
103,85,19458
104,85,19459
113,90,19460
111,87,19461
121,98,19462
124,107,19463
125,111,19464
126,115,19465
124,126,19466
122,133,19467
116,141,19468
112,145,19469
105,150,19470
102,151,19471
86,151,19472
85,151,19473
72,143,19474
67,138,19475
66,137,19476
61,128,19477
58,113,19478
58,103,19479
60,93,19480
65,82,19481
69,76,19482
73,72,19483
83,65,19484
91,62,19485
100,61,19486
116,65,19487
124,70,19488
127,72,19489
141,93,19490
144,103,19491
145,111,19492
146,116,19493
140,142,19494
140,143,19495
132,156,19496
128,161,19497
103,174,19498
100,175,19499
86,175,19500
71,170,19501
57,159,19502
47,145,19503
48,148,19504
42,136,19505
38,116,19506
38,99,19507
45,76,19508
47,71,19509
50,66,19510
69,47,19511
82,41,19512
94,38,19513
102,38,19514
118,41,19515
136,51,19516
150,66,19517
153,70,19518
161,87,19519
165,122,19520
165,127,19521
162,141,19522
154,161,19523
144,175,19524
136,183,19525
124,191,19526
109,197,19527
95,199,19528
72,195,19529
52,184,19530
44,177,19531
39,172,19532
28,155,19533
18,118,19534
17,109,19535
20,86,19536
28,62,19537
32,55,19538
59,27,19539
65,23,19540
77,18,19541
108,15,19542
125,19,19543
150,34,19544
161,45,19545
163,47,19546
179,77,19547
183,92,19548
185,102,19549
178,158,19550
174,168,19551
156,194,19552
145,204,19553
127,215,19554
120,218,19555
91,222,19556
74,220,19557
45,207,19558
99,114,19559
99,116,19560
98,118,19561
97,120,19562
95,121,19563
92,120,19564
90,120,19565
87,116,19566
86,113,19567
85,111,19568
85,108,19569
86,104,19570
85,103,19571
92,96,19572
95,95,19573
96,94,19574
100,93,19575
106,95,19576
109,97,19577
112,99,19578
115,105,19579
117,108,19580
118,114,19581
117,122,19582
117,123,19583
116,127,19584
108,137,19585
107,139,19586
98,142,19587
91,143,19588
90,143,19589
80,139,19590
75,135,19591
74,134,19592
68,124,19593
66,115,19594
65,108,19595
67,98,19596
68,93,19597
74,83,19598
80,77,19599
83,75,19600
96,71,19601
101,70,19602
107,71,19603
114,73,19604
123,80,19605
132,92,19606
132,91,19607
137,109,19608
138,117,19609
136,130,19610
131,143,19611
130,145,19612
123,154,19613
106,164,19614
99,166,19615
94,167,19616
83,165,19617
67,157,19618
59,149,19619
58,148,19620
49,132,19621
46,120,19622
45,111,19623
46,97,19624
54,76,19625
57,70,19626
65,61,19627
78,52,19628
96,47,19629
113,49,19630
106,47,19631
129,56,19632
139,65,19633
147,76,19634
154,91,19635
157,106,19636
158,115,19637
154,141,19638
148,155,19639
142,165,19640
135,173,19641
118,184,19642
102,189,19643
94,190,19644
78,188,19645
64,182,19646
49,170,19647
44,165,19648
37,155,19649
27,126,19650
25,111,19651
28,85,19652
38,61,19653
41,56,19654
48,47,19655
79,27,19656
82,26,19657
107,24,19658
124,28,19659
122,27,19660
143,39,19661
153,48,19662
169,73,19663
177,102,19664
178,120,19665
172,151,19666
174,146,19667
162,173,19668
140,197,19669
136,200,19670
115,210,19671
98,213,19672
74,211,19673
55,203,19674
39,191,19675
25,175,19676
10,143,19677
11,147,19678
5,112,19679
8,83,19680
15,60,19681
22,46,19682
30,35,19683
55,13,19684
74,4,19685
94,113,19686
92,112,19687
92,109,19688
91,109,19689
93,106,19690
96,103,19691
98,102,19692
99,102,19693
104,104,19694
106,105,19695
106,104,19696
109,110,19697
110,112,19698
110,119,19699
107,126,19700
107,127,19701
105,129,19702
99,133,19703
96,134,19704
94,135,19705
86,132,19706
84,132,19707
79,127,19708
77,124,19709
74,116,19710
73,114,19711
74,101,19712
73,104,19713
78,92,19714
78,91,19715
82,86,19716
94,80,19717
97,79,19718
100,79,19719
112,82,19720
120,89,19721
124,94,19722
128,103,19723
129,105,19724
130,113,19725
130,120,19726
126,135,19727
122,142,19728
116,149,19729
111,152,19730
109,154,19731
89,157,19732
81,155,19733
82,156,19734
67,146,19735
63,141,19736
58,133,19737
54,120,19738
53,113,19739
53,104,19740
59,83,19741
64,75,19742
72,66,19743
81,60,19744
87,58,19745
103,56,19746
105,56,19747
122,62,19748
124,63,19749
138,77,19750
142,83,19751
149,105,19752
150,112,19753
148,134,19754
143,147,19755
136,159,19756
131,165,19757
115,176,19758
103,180,19759
97,181,19760
83,180,19761
66,173,19762
52,161,19763
49,158,19764
42,147,19765
34,123,19766
33,115,19767
35,89,19768
38,80,19769
47,62,19770
57,50,19771
64,44,19772
79,36,19773
106,33,19774
109,33,19775
121,36,19776
143,50,19777
147,54,19778
158,69,19779
168,95,19780
170,110,19781
170,125,19782
164,150,19783
156,167,19784
140,186,19785
144,183,19786
107,203,19787
89,204,19788
79,203,19789
69,200,19790
47,187,19791
35,175,19792
26,161,19793
15,132,19794
13,116,19795
13,102,19796
16,82,19797
26,56,19798
45,31,19799
55,23,19800
75,13,19801
95,9,19802
103,9,19803
134,17,19804
149,26,19805
158,34,19806
179,64,19807
184,77,19808
190,106,19809
189,133,19810
180,166,19811
173,180,19812
98,110,19813
100,110,19814
101,111,19815
102,111,19816
103,114,19817
103,118,19818
102,120,19819
100,123,19820
97,125,19821
92,125,19822
93,126,19823
88,124,19824
86,123,19825
83,119,19826
81,114,19827
81,107,19828
81,104,19829
82,101,19830
84,97,19831
87,93,19832
90,91,19833
92,89,19834
101,88,19835
102,88,19836
108,90,19837
115,95,19838
119,101,19839
120,103,19840
122,114,19841
123,116,19842
122,122,19843
118,133,19844
118,134,19845
110,143,19846
105,146,19847
98,148,19848
88,148,19849
82,146,19850
75,142,19851
71,138,19852
65,129,19853
63,125,19854
61,112,19855
61,101,19856
62,97,19857
64,90,19858
71,79,19859
83,69,19860
84,68,19861
96,65,19862
105,65,19863
117,69,19864
123,73,19865
133,84,19866
138,93,19867
141,104,19868
142,110,19869
143,116,19870
141,130,19871
130,153,19872
125,159,19873
119,164,19874
109,169,19875
98,172,19876
84,171,19877
83,171,19878
64,161,19879
59,157,19880
46,137,19881
45,135,19882
41,113,19883
41,101,19884
43,89,19885
49,74,19886
56,63,19887
65,54,19888
81,45,19889
91,42,19890
109,42,19891
124,47,19892
132,52,19893
144,63,19894
156,83,19895
155,80,19896
162,122,19897
161,133,19898
155,152,19899
156,150,19900
144,170,19901
126,186,19902
121,189,19903
106,194,19904
80,194,19905
76,193,19906
62,187,19907
47,176,19908
31,154,19909
23,132,19910
21,115,19911
21,97,19912
22,90,19913
28,70,19914
35,56,19915
60,30,19916
76,22,19917
82,20,19918
103,18,19919
126,23,19920
140,30,19921
161,50,19922
170,64,19923
173,70,19924
182,107,19925
182,129,19926
180,141,19927
170,169,19928
164,179,19929
141,203,19930
128,211,19931
118,215,19932
93,219,19933
61,212,19934
53,208,19935
27,186,19936
15,168,19937
7,150,19938
1,122,19939
97,113,19940
96,117,19941
93,117,19942
92,118,19943
90,116,19944
89,114,19945
88,110,19946
88,107,19947
89,104,19948
90,102,19949
92,99,19950
97,97,19951
95,97,19952
102,97,19953
106,99,19954
109,100,19955
113,108,19956
114,110,19957
115,114,19958
115,116,19959
114,123,19960
114,125,19961
106,135,19962
103,137,19963
101,138,19964
97,140,19965
89,139,19966
85,138,19967
77,132,19968
77,133,19969
72,126,19970
69,114,19971
68,107,19972
69,100,19973
72,92,19974
75,87,19975
83,79,19976
92,75,19977
90,75,19978
104,74,19979
111,76,19980
114,77,19981
127,90,19982
128,91,19983
133,102,19984
133,101,19985
135,115,19986
132,132,19987
131,136,19988
127,144,19989
120,152,19990
108,160,19991
106,161,19992
92,163,19993
78,160,19994
70,155,19995
64,150,19996
60,146,19997
53,133,19998
49,118,19999
48,111,20000
50,93,20001
54,82,20002
58,74,20003
65,65,20004
72,59,20005
104,51,20006
99,50,20007
118,54,20008
126,58,20009
141,73,20010
150,90,20011
149,86,20012
153,98,20013
155,114,20014
153,134,20015
146,152,20016
136,167,20017
124,177,20018
121,179,20019
100,186,20020
94,187,20021
78,184,20022
67,180,20023
51,168,20024
35,143,20025
32,136,20026
29,123,20027
28,110,20028
30,90,20029
34,76,20030
42,60,20031
57,43,20032
70,34,20033
83,29,20034
103,27,20035
117,29,20036
136,38,20037
147,47,20038
160,63,20039
166,73,20040
171,87,20041
175,114,20042
174,132,20043
160,170,20044
161,169,20045
145,189,20046
116,206,20047
120,205,20048
96,210,20049
70,206,20050
50,196,20051
33,180,20052
29,175,20053
25,170,20054
11,135,20055
8,112,20056
11,82,20057
18,61,20058
30,40,20059
38,31,20060
53,18,20061
70,9,20062
87,4,20063
126,8,20064
140,14,20065
165,34,20066
95,112,20067
94,110,20068
96,107,20069
97,105,20070
98,105,20071
102,106,20072
104,107,20073
106,110,20074
107,113,20075
107,118,20076
107,120,20077
105,124,20078
106,124,20079
102,128,20080
96,130,20081
95,131,20082
89,130,20083
86,129,20084
81,124,20085
81,125,20086
77,115,20087
77,119,20088
76,107,20089
77,101,20090
79,95,20091
80,93,20092
90,85,20093
91,84,20094
100,83,20095
101,82,20096
108,84,20097
112,86,20098
121,95,20099
124,100,20100
125,102,20101
127,113,20102
127,120,20103
123,134,20104
124,133,20105
120,140,20106
112,148,20107
101,153,20108
92,154,20109
85,153,20110
76,149,20111
74,148,20112
63,135,20113
59,127,20114
57,122,20115
56,106,20116
57,97,20117
59,90,20118
64,80,20119
69,73,20120
77,66,20121
94,60,20122
99,59,20123
112,61,20124
126,69,20125
125,68,20126
135,78,20127
141,88,20128
145,98,20129
147,121,20130
147,123,20131
142,143,20132
132,158,20133
127,164,20134
116,172,20135
100,177,20136
83,176,20137
74,173,20138
67,170,20139
61,166,20140
53,158,20141
42,140,20142
37,123,20143
36,113,20144
36,101,20145
44,73,20146
54,58,20147
59,52,20148
68,45,20149
81,39,20150
102,36,20151
111,37,20152
128,43,20153
138,50,20154
158,76,20155
157,73,20156
165,94,20157
167,111,20158
166,132,20159
162,148,20160
149,172,20161
139,183,20162
133,188,20163
103,200,20164
92,201,20165
83,200,20166
68,196,20167
61,193,20168
32,165,20169
27,157,20170
20,140,20171
16,102,20172
16,98,20173
27,61,20174
25,64,20175
40,41,20176
63,22,20177
77,16,20178
92,13,20179
110,13,20180
120,15,20181
150,31,20182
171,56,20183
176,65,20184
185,92,20185
187,107,20186
187,125,20187
179,160,20188
176,168,20189
167,184,20190
140,210,20191
127,217,20192
108,223,20193
97,112,20194
100,112,20195
100,116,20196
101,117,20197
99,120,20198
96,122,20199
92,122,20200
91,122,20201
88,120,20202
86,117,20203
85,118,20204
84,110,20205
83,111,20206
84,103,20207
86,100,20208
90,95,20209
93,93,20210
95,92,20211
99,91,20212
100,91,20213
109,95,20214
108,93,20215
115,100,20216
117,104,20217
119,112,20218
120,114,20219
118,125,20220
119,124,20221
112,136,20222
111,138,20223
101,144,20224
96,145,20225
90,145,20226
83,143,20227
79,141,20228
70,131,20229
67,126,20230
66,124,20231
64,117,20232
63,109,20233
65,97,20234
68,89,20235
76,78,20236
81,74,20237
86,71,20238
95,68,20239
107,69,20240
115,72,20241
116,72,20242
129,84,20243
132,88,20244
137,99,20245
139,109,20246
140,117,20247
137,134,20248
129,149,20249
122,157,20250
119,160,20251
108,166,20252
89,168,20253
86,168,20254
76,165,20255
72,163,20256
56,149,20257
49,136,20258
49,137,20259
44,105,20260
43,109,20261
47,86,20262
59,65,20263
62,61,20264
74,52,20265
77,50,20266
94,45,20267
106,45,20268
126,52,20269
142,66,20270
144,68,20271
155,89,20272
153,83,20273
159,108,20274
160,117,20275
158,134,20276
143,166,20277
138,172,20278
123,184,20279
112,189,20280
105,191,20281
84,191,20282
65,185,20283
54,178,20284
47,171,20285
34,153,20286
26,132,20287
24,119,20288
23,108,20289
28,78,20290
42,52,20291
47,46,20292
56,37,20293
74,26,20294
85,23,20295
115,23,20296
125,26,20297
144,37,20298
158,51,20299
167,65,20300
173,78,20301
177,91,20302
180,117,20303
175,148,20304
164,173,20305
158,182,20306
141,199,20307
119,211,20308
108,214,20309
86,215,20310
78,214,20311
43,197,20312
32,187,20313
18,167,20314
9,147,20315
6,135,20316
3,111,20317
12,63,20318
17,52,20319
22,43,20320
96,114,20321
94,115,20322
92,114,20323
91,114,20324
90,109,20325
91,106,20326
93,103,20327
94,102,20328
98,100,20329
99,100,20330
104,101,20331
106,102,20332
108,104,20333
111,110,20334
112,114,20335
112,116,20336
112,119,20337
110,125,20338
106,131,20339
102,134,20340
100,135,20341
99,136,20342
89,136,20343
83,133,20344
79,130,20345
76,126,20346
73,120,20347
72,117,20348
71,109,20349
71,106,20350
73,97,20351
76,91,20352
80,85,20353
87,80,20354
92,78,20355
99,77,20356
107,78,20357
112,80,20358
122,88,20359
123,89,20360
129,100,20361
131,106,20362
132,117,20363
130,129,20364
128,136,20365
124,143,20366
114,153,20367
104,158,20368
101,159,20369
87,159,20370
86,159,20371
72,153,20372
62,143,20373
57,135,20374
53,124,20375
52,120,20376
52,99,20377
51,103,20378
55,87,20379
68,67,20380
69,66,20381
79,59,20382
94,54,20383
100,53,20384
119,58,20385
126,62,20386
139,75,20387
145,85,20388
146,87,20389
150,99,20390
152,116,20391
149,137,20392
144,150,20393
136,162,20394
126,172,20395
116,178,20396
96,183,20397
93,183,20398
82,182,20399
62,173,20400
49,161,20401
48,160,20402
35,135,20403
33,128,20404
31,108,20405
33,90,20406
39,72,20407
45,61,20408
54,50,20409
74,36,20410
85,32,20411
99,30,20412
118,33,20413
126,36,20414
147,51,20415
153,58,20416
168,88,20417
170,96,20418
172,115,20419
169,141,20420
166,151,20421
149,180,20422
141,188,20423
132,195,20424
118,202,20425
103,206,20426
66,201,20427
49,191,20428
44,187,20429
29,170,20430
22,158,20431
13,131,20432
11,111,20433
12,93,20434
22,59,20435
35,39,20436
42,31,20437
56,20,20438
81,9,20439
105,7,20440
125,11,20441
137,16,20442
147,22,20443
174,51,20444
179,60,20445
191,99,20446
192,121,20447
96,111,20448
97,108,20449
101,109,20450
101,108,20451
103,109,20452
104,114,20453
105,116,20454
104,120,20455
102,123,20456
100,125,20457
102,125,20458
92,127,20459
94,128,20460
89,127,20461
84,123,20462
84,124,20463
80,115,20464
79,113,20465
79,107,20466
79,105,20467
83,95,20468
81,97,20469
88,90,20470
91,88,20471
98,86,20472
102,86,20473
109,88,20474
113,91,20475
119,98,20476
119,97,20477
123,105,20478
124,114,20479
124,121,20480
122,130,20481
117,138,20482
115,141,20483
105,148,20484
99,150,20485
96,151,20486
86,150,20487
81,148,20488
72,142,20489
63,128,20490
64,131,20491
60,121,20492
59,104,20493
59,102,20494
66,83,20495
69,78,20496
75,72,20497
79,69,20498
89,64,20499
104,63,20500
106,63,20501
119,68,20502
127,74,20503
134,82,20504
140,93,20505
144,110,20506
144,117,20507
144,124,20508
141,137,20509
134,151,20510
128,159,20511
121,165,20512
108,172,20513
93,174,20514
79,172,20515
74,170,20516
65,165,20517
49,146,20518
42,130,20519
39,117,20520
39,103,20521
39,100,20522
44,80,20523
56,61,20524
63,53,20525
80,43,20526
86,41,20527
99,39,20528
110,40,20529
126,46,20530
144,60,20531
153,73,20532
159,86,20533
162,95,20534
164,124,20535
163,132,20536
157,152,20537
152,162,20538
146,171,20539
123,190,20540
117,193,20541
86,197,20542
72,194,20543
63,190,20544
49,180,20545
31,157,20546
29,154,20547
21,132,20548
19,100,20549
19,99,20550
23,78,20551
33,56,20552
43,42,20553
59,28,20554
79,19,20555
106,16,20556
107,16,20557
131,23,20558
155,40,20559
166,54,20560
171,62,20561
182,91,20562
184,108,20563
184,126,20564
177,158,20565
173,167,20566
157,191,20567
132,211,20568
121,216,20569
98,221,20570
80,220,20571
45,205,20572
38,200,20573
18,177,20574
98,114,20575
98,117,20576
96,118,20577
96,119,20578
94,120,20579
89,117,20580
88,115,20581
87,113,20582
86,110,20583
86,108,20584
86,106,20585
92,98,20586
88,100,20587
95,96,20588
99,95,20589
103,95,20590
107,97,20591
109,98,20592
112,102,20593
115,106,20594
116,113,20595
117,113,20596
115,125,20597
114,128,20598
110,134,20599
110,135,20600
98,141,20601
97,142,20602
86,140,20603
86,141,20604
79,137,20605
76,134,20606
70,125,20607
68,121,20608
67,116,20609
66,109,20610
69,94,20611
73,87,20612
75,83,20613
81,78,20614
85,75,20615
96,72,20616
104,72,20617
112,74,20618
119,78,20619
122,80,20620
132,95,20621
136,109,20622
136,106,20623
137,116,20624
132,138,20625
127,147,20626
121,154,20627
120,155,20628
103,164,20629
95,165,20630
81,163,20631
80,163,20632
68,156,20633
58,146,20634
51,133,20635
50,131,20636
47,101,20637
46,110,20638
50,86,20639
52,81,20640
71,58,20641
69,59,20642
81,52,20643
98,48,20644
115,51,20645
127,57,20646
131,59,20647
142,70,20648
148,80,20649
153,92,20650
156,123,20651
156,129,20652
151,146,20653
145,158,20654
130,175,20655
134,172,20656
116,184,20657
98,188,20658
77,186,20659
65,181,20660
61,179,20661
50,170,20662
36,150,20663
30,135,20664
27,123,20665
27,96,20666
31,79,20667
38,63,20668
44,54,20669
60,38,20670
76,29,20671
103,25,20672
112,26,20673
133,34,20674
137,36,20675
155,52,20676
167,72,20677
172,84,20678
176,103,20679
177,117,20680
172,149,20681
166,163,20682
158,177,20683
134,200,20684
120,207,20685
97,212,20686
77,210,20687
56,202,20688
59,204,20689
30,180,20690
16,156,20691
10,139,20692
8,130,20693
6,106,20694
14,66,20695
24,46,20696
35,31,20697
49,18,20698
61,11,20699
84,3,20700
112,2,20701
95,113,20702
93,112,20703
93,109,20704
93,107,20705
94,105,20706
98,103,20707
100,103,20708
104,105,20709
105,106,20710
108,110,20711
108,109,20712
109,117,20713
108,122,20714
110,117,20715
105,127,20716
104,129,20717
98,132,20718
95,133,20719
89,132,20720
87,132,20721
82,128,20722
82,129,20723
76,120,20724
75,116,20725
74,107,20726
74,104,20727
77,96,20728
77,95,20729
85,86,20730
87,84,20731
94,81,20732
104,81,20733
108,82,20734
111,83,20735
120,90,20736
126,101,20737
128,108,20738
129,113,20739
129,115,20740
129,121,20741
125,135,20742
119,144,20743
109,152,20744
107,153,20745
99,156,20746
94,157,20747
82,154,20748
74,150,20749
73,150,20750
58,129,20751
56,124,20752
54,113,20753
54,108,20754
54,102,20755
61,81,20756
69,71,20757
79,63,20758
78,63,20759
97,57,20760
108,58,20761
109,58,20762
126,66,20763
136,76,20764
139,80,20765
146,96,20766
149,110,20767
147,131,20768
148,129,20769
143,145,20770
135,158,20771
129,165,20772
116,174,20773
101,179,20774
93,180,20775
74,176,20776
62,169,20777
47,153,20778
44,148,20779
36,127,20780
34,114,20781
35,96,20782
36,89,20783
38,82,20784
54,55,20785
70,42,20786
84,36,20787
92,34,20788
107,34,20789
131,43,20790
135,45,20791
137,46,20792
154,65,20793
162,80,20794
169,109,20795
169,119,20796
168,132,20797
160,158,20798
146,178,20799
130,192,20800
121,197,20801
111,201,20802
97,203,20803
68,198,20804
65,197,20805
40,179,20806
26,159,20807
21,148,20808
14,113,20809
14,103,20810
16,86,20811
31,50,20812
41,37,20813
56,24,20814
59,22,20815
83,12,20816
98,10,20817
131,17,20818
148,27,20819
156,34,20820
163,41,20821
184,81,20822
184,80,20823
189,121,20824
187,141,20825
180,163,20826
162,193,20827
148,207,20828
99,111,20829
100,111,20830
101,114,20831
102,114,20832
102,118,20833
101,120,20834
98,123,20835
97,124,20836
94,124,20837
90,123,20838
90,124,20839
86,121,20840
83,117,20841
82,113,20842
82,107,20843
82,105,20844
83,101,20845
86,96,20846
88,94,20847
92,91,20848
101,90,20849
99,89,20850
105,90,20851
111,93,20852
116,99,20853
117,100,20854
121,111,20855
121,120,20856
120,125,20857
119,129,20858
115,136,20859
111,140,20860
106,144,20861
102,146,20862
91,147,20863
85,146,20864
79,143,20865
71,136,20866
69,134,20867
65,126,20868
62,115,20869
62,107,20870
62,103,20871
66,89,20872
68,85,20873
73,78,20874
80,72,20875
92,67,20876
97,66,20877
108,67,20878
121,73,20879
127,78,20880
133,86,20881
138,96,20882
140,103,20883
141,119,20884
139,133,20885
137,139,20886
133,147,20887
124,158,20888
108,168,20889
106,169,20890
92,171,20891
85,170,20892
67,162,20893
58,154,20894
52,146,20895
44,127,20896
42,117,20897
43,96,20898
43,95,20899
45,86,20900
54,68,20901
61,59,20902
71,51,20903
84,45,20904
102,43,20905
115,45,20906
125,49,20907
134,55,20908
145,66,20909
153,79,20910
161,107,20911
161,122,20912
160,132,20913
153,154,20914
147,164,20915
136,177,20916
127,184,20917
109,192,20918
97,194,20919
69,189,20920
71,190,20921
49,176,20922
34,157,20923
30,149,20924
22,119,20925
22,104,20926
23,92,20927
31,66,20928
43,47,20929
58,33,20930
61,31,20931
74,24,20932
98,19,20933
116,21,20934
130,26,20935
148,38,20936
164,56,20937
173,73,20938
180,98,20939
181,124,20940
181,127,20941
172,162,20942
168,170,20943
150,194,20944
139,203,20945
127,210,20946
86,217,20947
82,217,20948
54,207,20949
35,193,20950
27,184,20951
10,155,20952
7,146,20953
2,99,20954
3,88,20955
97,114,20956
96,116,20957
93,116,20958
92,117,20959
89,112,20960
89,110,20961
90,105,20962
89,106,20963
93,101,20964
95,99,20965
94,99,20966
99,98,20967
103,98,20968
107,101,20969
111,106,20970
110,103,20971
113,112,20972
114,115,20973
113,121,20974
113,123,20975
109,130,20976
111,129,20977
100,137,20978
96,138,20979
91,138,20980
88,138,20981
81,134,20982
78,132,20983
71,118,20984
72,123,20985
70,117,20986
69,109,20987
70,101,20988
74,90,20989
80,83,20990
87,78,20991
92,76,20992
101,75,20993
104,75,20994
110,77,20995
120,83,20996
123,86,20997
131,101,20998
132,104,20999
134,113,21000
134,116,21001
131,133,21002
122,148,21003
125,145,21004
113,156,21005
107,159,21006
102,161,21007
86,161,21008
79,159,21009
63,147,21010
62,146,21011
52,127,21012
52,128,21013
49,109,21014
53,88,21015
51,93,21016
56,80,21017
67,65,21018
73,60,21019
82,55,21020
93,52,21021
110,53,21022
125,59,21023
128,61,21024
137,69,21025
148,88,21026
152,101,21027
154,113,21028
153,127,21029
148,146,21030
144,154,21031
126,174,21032
128,173,21033
114,181,21034
90,185,21035
89,185,21036
66,178,21037
50,165,21038
48,163,21039
33,134,21040
31,126,21041
29,112,21042
30,96,21043
34,79,21044
49,53,21045
47,55,21046
69,36,21047
85,30,21048
88,29,21049
118,31,21050
122,32,21051
142,44,21052
160,65,21053
169,86,21054
170,89,21055
174,111,21056
174,116,21057
166,156,21058
163,163,21059
144,188,21060
137,194,21061
126,201,21062
88,208,21063
93,209,21064
59,200,21065
54,197,21066
37,183,21067
18,153,21068
14,142,21069
12,136,21070
9,108,21071
16,69,21072
22,55,21073
45,26,21074
55,18,21075
77,8,21076
93,5,21077
107,5,21078
119,7,21079
147,20,21080
168,39,21081
179,56,21082
95,110,21083
95,109,21084
98,107,21085
97,106,21086
101,106,21087
104,109,21088
105,111,21089
106,113,21090
106,117,21091
106,119,21092
105,123,21093
103,125,21094
101,128,21095
96,129,21096
91,129,21097
92,130,21098
84,126,21099
83,125,21100
79,120,21101
78,115,21102
77,110,21103
76,108,21104
80,97,21105
83,92,21106
87,88,21107
88,87,21108
96,84,21109
102,84,21110
110,87,21111
106,84,21112
118,93,21113
122,99,21114
124,104,21115
126,111,21116
126,117,21117
125,127,21118
120,137,21119
116,142,21120
114,145,21121
104,151,21122
100,152,21123
94,153,21124
81,150,21125
74,146,21126
70,143,21127
63,134,21128
59,123,21129
57,112,21130
58,98,21131
59,93,21132
63,84,21133
66,79,21134
78,67,21135
81,65,21136
95,61,21137
105,61,21138
118,65,21139
127,71,21140
134,79,21141
137,83,21142
145,105,21143
145,103,21144
145,127,21145
144,134,21146
137,150,21147
136,152,21148
116,170,21149
113,172,21150
104,175,21151
89,176,21152
72,171,21153
57,160,21154
56,160,21155
49,151,21156
39,127,21157
38,123,21158
40,88,21159
41,83,21160
48,68,21161
57,56,21162
68,47,21163
74,43,21164
81,40,21165
100,37,21166
125,43,21167
137,51,21168
144,57,21169
155,72,21170
165,103,21171
166,109,21172
166,120,21173
163,141,21174
160,150,21175
150,169,21176
138,182,21177
120,194,21178
108,198,21179
85,199,21180
65,193,21181
46,180,21182
49,183,21183
31,162,21184
20,134,21185
17,118,21186
17,105,21187
19,86,21188
30,57,21189
50,33,21190
44,38,21191
75,18,21192
93,14,21193
113,15,21194
124,18,21195
149,32,21196
158,40,21197
168,53,21198
182,85,21199
186,108,21200
186,122,21201
182,149,21202
178,160,21203
156,195,21204
150,201,21205
135,212,21206
106,222,21207
96,223,21208
75,221,21209
99,113,21210
100,114,21211
99,117,21212
99,119,21213
98,120,21214
94,121,21215
92,121,21216
89,119,21217
86,115,21218
86,116,21219
84,113,21220
85,106,21221
84,105,21222
88,99,21223
91,96,21224
92,95,21225
97,93,21226
102,93,21227
105,94,21228
108,95,21229
113,100,21230
115,102,21231
117,107,21232
118,118,21233
118,122,21234
118,124,21235
112,134,21236
112,135,21237
102,142,21238
100,143,21239
95,144,21240
84,142,21241
79,139,21242
74,135,21243
73,134,21244
66,119,21245
65,115,21246
65,105,21247
65,101,21248
68,92,21249
71,86,21250
79,77,21251
88,72,21252
94,70,21253
101,69,21254
102,69,21255
122,78,21256
125,81,21257
129,85,21258
137,104,21259
138,109,21260
138,122,21261
138,124,21262
134,139,21263
128,149,21264
120,157,21265
111,163,21266
104,166,21267
91,167,21268
75,163,21269
73,162,21270
61,153,21271
53,142,21272
51,138,21273
45,117,21274
44,108,21275
48,88,21276
50,81,21277
61,64,21278
70,56,21279
83,49,21280
92,47,21281
102,46,21282
117,49,21283
122,51,21284
136,61,21285
149,78,21286
153,87,21287
158,108,21288
158,125,21289
154,143,21290
154,144,21291
147,159,21292
133,175,21293
110,188,21294
107,189,21295
94,191,21296
83,190,21297
57,178,21298
44,166,21299
42,164,21300
28,134,21301
26,126,21302
25,122,21303
26,92,21304
30,76,21305
42,53,21306
56,39,21307
72,29,21308
93,23,21309
107,23,21310
118,25,21311
144,39,21312
142,37,21313
161,57,21314
174,85,21315
178,104,21316
178,125,21317
177,136,21318
171,157,21319
162,174,21320
140,198,21321
125,207,21322
111,212,21323
88,214,21324
75,212,21325
49,200,21326
32,185,21327
25,176,21328
19,167,21329
9,142,21330
5,98,21331
5,95,21332
7,82,21333
21,47,21334
44,20,21335
62,8,21336
95,114,21337
92,113,21338
92,110,21339
91,110,21340
92,106,21341
95,103,21342
96,102,21343
98,101,21344
102,102,21345
104,103,21346
104,102,21347
108,106,21348
109,107,21349
111,114,21350
110,121,21351
110,122,21352
108,127,21353
102,132,21354
99,134,21355
97,135,21356
90,134,21357
89,135,21358
83,132,21359
81,130,21360
75,121,21361
74,120,21362
72,111,21363
72,108,21364
77,93,21365
75,95,21366
77,91,21367
87,82,21368
94,79,21369
97,78,21370
106,79,21371
113,82,21372
121,89,21373
123,91,21374
128,100,21375
130,108,21376
131,114,21377
129,129,21378
127,135,21379
124,140,21380
121,145,21381
116,150,21382
103,157,21383
92,158,21384
86,158,21385
72,151,21386
69,149,21387
60,138,21388
57,132,21389
54,124,21390
52,111,21391
54,95,21392
61,78,21393
60,79,21394
71,66,21395
82,59,21396
84,58,21397
97,55,21398
113,57,21399
116,58,21400
130,67,21401
137,74,21402
144,86,21403
148,96,21404
151,114,21405
150,126,21406
144,147,21407
141,153,21408
131,166,21409
125,171,21410
110,179,21411
95,182,21412
77,179,21413
70,176,21414
61,171,21415
44,152,21416
38,140,21417
34,127,21418
32,111,21419
34,92,21420
39,75,21421
46,62,21422
57,49,21423
64,43,21424
77,36,21425
105,32,21426
109,32,21427
134,42,21428
137,44,21429
153,60,21430
160,71,21431
168,92,21432
171,111,21433
166,146,21434
165,150,21435
153,173,21436
144,184,21437
124,198,21438
110,203,21439
99,205,21440
76,203,21441
72,202,21442
47,188,21443
36,177,21444
21,153,21445
17,142,21446
12,112,21447
13,95,21448
20,67,21449
23,60,21450
45,30,21451
62,18,21452
79,11,21453
87,9,21454
116,10,21455
118,10,21456
150,26,21457
162,37,21458
181,67,21459
183,72,21460
190,100,21461
190,132,21462
188,144,21463
97,110,21464
99,109,21465
101,110,21466
102,110,21467
103,111,21468
104,116,21469
103,119,21470
102,122,21471
98,125,21472
96,126,21473
96,127,21474
91,126,21475
89,126,21476
84,121,21477
83,120,21478
81,117,21479
80,110,21480
80,106,21481
82,99,21482
83,97,21483
86,93,21484
86,92,21485
95,88,21486
99,87,21487
105,88,21488
108,89,21489
114,93,21490
116,95,21491
122,109,21492
123,111,21493
123,118,21494
122,125,21495
121,129,21496
117,137,21497
108,145,21498
105,147,21499
96,149,21500
85,148,21501
84,148,21502
75,143,21503
71,139,21504
64,129,21505
61,117,21506
60,113,21507
60,104,21508
63,91,21509
66,85,21510
70,79,21511
73,75,21512
91,65,21513
96,64,21514
103,64,21515
109,65,21516
120,70,21517
134,84,21518
140,97,21519
142,104,21520
143,111,21521
142,128,21522
137,143,21523
134,149,21524
130,155,21525
115,167,21526
114,168,21527
103,172,21528
93,173,21529
68,165,21530
66,164,21531
59,158,21532
49,145,21533
41,120,21534
40,106,21535
40,102,21536
43,87,21537
49,72,21538
57,61,21539
79,45,21540
83,43,21541
105,41,21542
107,41,21543
116,43,21544
135,53,21545
143,61,21546
152,73,21547
160,93,21548
163,111,21549
162,131,21550
159,144,21551
153,158,21552
145,170,21553
132,183,21554
120,190,21555
110,194,21556
87,196,21557
71,192,21558
57,185,21559
39,168,21560
33,159,21561
21,123,21562
20,116,21563
20,100,21564
24,79,21565
32,60,21566
42,45,21567
50,37,21568
76,21,21569
79,20,21570
100,17,21571
117,19,21572
144,32,21573
155,42,21574
165,54,21575
181,94,21576
181,93,21577
183,124,21578
181,140,21579
174,162,21580
159,187,21581
141,204,21582
123,214,21583
113,217,21584
93,220,21585
59,212,21586
55,210,21587
27,187,21588
18,175,21589
9,157,21590
97,116,21591
97,117,21592
94,118,21593
93,119,21594
91,118,21595
90,117,21596
88,112,21597
87,110,21598
88,105,21599
89,102,21600
89,101,21601
96,97,21602
93,97,21603
99,96,21604
106,98,21605
107,98,21606
110,101,21607
113,106,21608
114,108,21609
115,119,21610
115,121,21611
116,120,21612
111,131,21613
107,135,21614
100,139,21615
102,139,21616
90,140,21617
88,140,21618
82,137,21619
81,137,21620
73,129,21621
70,122,21622
68,115,21623
67,111,21624
68,102,21625
70,95,21626
75,86,21627
82,79,21628
84,77,21629
91,74,21630
101,73,21631
105,73,21632
119,80,21633
123,83,21634
129,91,21635
131,94,21636
135,111,21637
135,122,21638
134,129,21639
131,138,21640
124,149,21641
119,154,21642
108,161,21643
106,162,21644
92,164,21645
79,161,21646
69,155,21647
61,148,21648
55,139,21649
50,127,21650
48,116,21651
47,108,21652
52,85,21653
52,84,21654
57,74,21655
66,63,21656
83,53,21657
88,51,21658
100,49,21659
112,51,21660
133,63,21661
145,78,21662
144,75,21663
148,82,21664
155,107,21665
156,116,21666
152,139,21667
145,156,21668
136,168,21669
134,170,21670
112,184,21671
101,187,21672
90,187,21673
72,183,21674
64,179,21675
46,163,21676
38,152,21677
37,150,21678
28,118,21679
27,108,21680
30,87,21681
34,74,21682
42,59,21683
52,46,21684
62,38,21685
77,30,21686
97,26,21687
124,31,21688
147,46,21689
146,45,21690
156,55,21691
169,79,21692
173,93,21693
176,118,21694
171,147,21695
169,154,21696
160,172,21697
141,193,21698
124,204,21699
113,208,21700
105,210,21701
78,209,21702
59,202,21703
38,187,21704
34,183,21705
18,158,21706
11,138,21707
7,108,21708
11,79,21709
15,66,21710
28,42,21711
52,18,21712
56,15,21713
79,5,21714
104,3,21715
123,6,21716
140,13,21717
94,111,21718
94,109,21719
95,107,21720
96,105,21721
97,104,21722
102,105,21723
103,105,21724
106,109,21725
107,111,21726
108,114,21727
108,117,21728
107,122,21729
109,118,21730
104,127,21731
99,130,21732
98,131,21733
93,132,21734
87,130,21735
84,128,21736
81,126,21737
77,118,21738
77,120,21739
75,112,21740
76,103,21741
76,101,21742
76,100,21743
83,89,21744
85,87,21745
102,83,21746
95,82,21747
104,82,21748
110,84,21749
117,89,21750
122,95,21751
124,98,21752
127,108,21753
128,117,21754
126,128,21755
127,126,21756
122,138,21757
121,140,21758
112,149,21759
99,154,21760
92,155,21761
90,155,21762
79,152,21763
71,146,21764
62,135,21765
62,136,21766
56,117,21767
55,111,21768
56,99,21769
62,82,21770
61,83,21771
69,72,21772
90,60,21773
89,60,21774
97,58,21775
116,62,21776
122,65,21777
129,70,21778
138,81,21779
142,88,21780
146,100,21781
148,114,21782
148,120,21783
137,153,21784
133,159,21785
126,166,21786
113,174,21787
98,178,21788
93,178,21789
78,176,21790
67,171,21791
59,165,21792
49,154,21793
40,137,21794
37,126,21795
35,106,21796
37,91,21797
45,70,21798
45,69,21799
59,51,21800
79,39,21801
82,38,21802
102,35,21803
105,35,21804
131,44,21805
144,55,21806
144,54,21807
161,80,21808
165,93,21809
168,113,21810
168,121,21811
158,159,21812
157,161,21813
146,177,21814
129,191,21815
101,201,21816
93,202,21817
83,201,21818
70,198,21819
42,179,21820
32,167,21821
30,164,21822
19,138,21823
15,114,21824
18,84,21825
20,75,21826
29,55,21827
49,31,21828
65,20,21829
85,13,21830
106,12,21831
110,12,21832
123,15,21833
153,33,21834
162,42,21835
179,70,21836
180,72,21837
188,112,21838
187,131,21839
179,163,21840
174,174,21841
156,198,21842
133,215,21843
112,223,21844
99,112,21845
101,113,21846
101,116,21847
101,118,21848
100,120,21849
99,121,21850
96,123,21851
94,123,21852
90,122,21853
87,120,21854
86,120,21855
84,115,21856
83,114,21857
83,106,21858
86,99,21859
86,98,21860
87,96,21861
90,94,21862
96,91,21863
98,90,21864
107,93,21865
109,93,21866
112,95,21867
115,99,21868
118,105,21869
120,110,21870
120,118,21871
119,126,21872
113,136,21873
113,137,21874
111,139,21875
100,145,21876
101,145,21877
91,146,21878
81,143,21879
76,139,21880
70,133,21881
66,125,21882
65,124,21883
63,112,21884
63,104,21885
65,95,21886
69,86,21887
74,79,21888
77,76,21889
86,70,21890
105,68,21891
98,67,21892
108,68,21893
124,77,21894
131,85,21895
135,92,21896
138,100,21897
140,111,21898
140,123,21899
133,144,21900
131,148,21901
121,159,21902
114,164,21903
107,167,21904
97,169,21905
86,169,21906
79,167,21907
66,160,21908
58,152,21909
52,144,21910
46,130,21911
43,104,21912
44,95,21913
49,80,21914
50,77,21915
63,59,21916
68,55,21917
82,47,21918
89,45,21919
103,44,21920
129,53,21921
133,56,21922
147,71,21923
154,84,21924
158,96,21925
160,109,21926
159,132,21927
154,148,21928
144,166,21929
134,177,21930
121,186,21931
117,188,21932
102,192,21933
83,192,21934
67,187,21935
56,180,21936
44,169,21937
36,158,21938
27,138,21939
23,117,21940
23,98,21941
33,65,21942
34,63,21943
44,48,21944
50,41,21945
78,24,21946
94,21,21947
100,20,21948
129,27,21949
145,37,21950
159,51,21951
169,67,21952
171,71,21953
180,107,21954
178,139,21955
171,161,21956
163,176,21957
159,182,21958
147,195,21959
128,208,21960
107,215,21961
75,214,21962
55,206,21963
45,200,21964
33,189,21965
21,174,21966
6,138,21967
5,134,21968
3,100,21969
6,80,21970
14,56,21971
95,115,21972
93,115,21973
91,113,21974
90,113,21975
90,110,21976
90,108,21977
92,103,21978
93,102,21979
96,100,21980
98,99,21981
100,99,21982
103,100,21983
106,101,21984
110,106,21985
112,111,21986
112,118,21987
113,116,21988
111,124,21989
110,127,21990
107,131,21991
102,135,21992
105,134,21993
95,137,21994
87,136,21995
83,134,21996
81,133,21997
75,126,21998
72,120,21999
71,112,22000
70,111,22001
71,102,22002
76,90,22003
76,89,22004
80,84,22005
90,78,22006
94,77,22007
99,76,22008
109,78,22009
117,82,22010
122,87,22011
127,94,22012
129,97,22013
132,112,22014
132,123,22015
131,129,22016
130,133,22017
123,145,22018
112,155,22019
111,156,22020
98,160,22021
87,160,22022
83,159,22023
71,153,22024
66,149,22025
59,140,22026
54,129,22027
51,104,22028
50,107,22029
54,88,22030
60,76,22031
61,74,22032
74,61,22033
81,57,22034
93,53,22035
102,53,22036
114,55,22037
128,63,22038
135,69,22039
142,78,22040
146,85,22041
152,111,22042
152,125,22043
149,140,22044
143,153,22045
138,161,22046
127,172,22047
115,179,22048
107,182,22049
92,184,22050
76,181,22051
67,177,22052
53,167,22053
43,154,22054
37,143,22055
31,102,22056
31,97,22057
32,91,22058
36,77,22059
51,52,22060
65,40,22061
74,35,22062
92,30,22063
109,30,22064
118,32,22065
136,41,22066
149,52,22067
158,64,22068
169,89,22069
172,124,22070
172,129,22071
171,136,22072
166,153,22073
151,179,22074
139,191,22075
128,198,22076
107,206,22077
87,207,22078
76,205,22079
66,202,22080
43,187,22081
24,163,22082
19,153,22083
11,119,22084
10,110,22085
14,79,22086
18,67,22087
25,52,22088
41,31,22089
56,19,22090
78,9,22091
98,6,22092
130,12,22093
142,18,22094
161,33,22095
177,55,22096
185,72,22097
192,102,22098
96,110,22099
96,109,22100
99,108,22101
101,107,22102
102,107,22103
104,111,22104
105,114,22105
105,118,22106
104,121,22107
102,124,22108
103,124,22109
97,128,22110
96,128,22111
93,129,22112
87,126,22113
85,126,22114
81,120,22115
80,118,22116
78,112,22117
78,109,22118
80,99,22119
78,103,22120
84,93,22121
89,88,22122
94,86,22123
96,85,22124
100,85,22125
106,86,22126
116,93,22127
115,91,22128
122,101,22129
124,110,22130
125,114,22131
125,119,22132
120,135,22133
121,134,22134
110,146,22135
107,148,22136
100,151,22137
101,151,22138
82,149,22139
81,149,22140
66,135,22141
67,137,22142
62,129,22143
61,127,22144
58,111,22145
61,92,22146
61,91,22147
68,78,22148
75,71,22149
82,66,22150
90,63,22151
103,62,22152
105,62,22153
122,69,22154
130,76,22155
136,83,22156
142,97,22157
144,105,22158
145,119,22159
143,133,22160
140,141,22161
133,154,22162
127,161,22163
120,167,22164
98,174,22165
91,175,22166
77,172,22167
70,169,22168
56,157,22169
45,140,22170
43,137,22171
39,123,22172
38,112,22173
39,95,22174
45,77,22175
52,64,22176
60,55,22177
67,49,22178
87,40,22179
98,38,22180
116,41,22181
122,43,22182
140,55,22183
156,77,22184
152,69,22185
162,92,22186
165,114,22187
162,140,22188
155,158,22189
146,172,22190
134,184,22191
125,190,22192
119,193,22193
99,198,22194
85,198,22195
60,189,22196
47,179,22197
37,168,22198
33,163,22199
21,135,22200
18,112,22201
18,101,22202
25,71,22203
33,54,22204
49,35,22205
69,22,22206
82,17,22207
104,15,22208
120,18,22209
133,23,22210
155,39,22211
165,51,22212
176,70,22213
182,89,22214
185,121,22215
185,123,22216
176,162,22217
174,167,22218
150,199,22219
130,213,22220
128,214,22221
97,222,22222
73,219,22223
63,216,22224
46,207,22225
98,113,22226
99,115,22227
97,119,22228
98,119,22229
95,120,22230
91,119,22231
89,118,22232
87,115,22233
86,112,22234
85,110,22235
85,109,22236
88,101,22237
86,102,22238
93,96,22239
96,95,22240
98,94,22241
101,94,22242
105,95,22243
112,101,22244
112,100,22245
116,109,22246
116,106,22247
117,119,22248
115,127,22249
113,131,22250
115,129,22251
103,140,22252
103,141,22253
92,142,22254
94,143,22255
87,142,22256
78,137,22257
75,134,22258
71,129,22259
67,120,22260
66,106,22261
66,104,22262
71,89,22263
68,94,22264
73,85,22265
82,76,22266
88,73,22267
101,71,22268
105,71,22269
114,74,22270
115,74,22271
129,88,22272
132,93,22273
133,94,22274
137,120,22275
137,122,22276
133,138,22277
131,142,22278
125,151,22279
120,156,22280
100,165,22281
95,166,22282
90,166,22283
76,162,22284
63,153,22285
54,141,22286
51,135,22287
51,136,22288
46,103,22289
46,100,22290
50,84,22291
60,68,22292
68,59,22293
75,54,22294
84,50,22295
105,48,22296
117,51,22297
123,53,22298
131,58,22299
146,75,22300
153,90,22301
156,101,22302
157,111,22303
155,136,22304
151,148,22305
148,154,22306
145,160,22307
133,174,22308
109,187,22309
90,189,22310
87,189,22311
73,186,22312
60,179,22313
42,161,22314
34,148,22315
32,144,22316
26,103,22317
27,92,22318
29,83,22319
39,60,22320
48,48,22321
56,40,22322
75,29,22323
97,24,22324
119,27,22325
123,28,22326
140,37,22327
163,63,22328
165,66,22329
174,88,22330
177,107,22331
177,129,22332
170,155,22333
169,159,22334
154,183,22335
132,202,22336
109,211,22337
102,212,22338
93,213,22339
76,211,22340
48,198,22341
25,174,22342
16,158,22343
13,151,22344
6,121,22345
6,98,22346
11,73,22347
15,61,22348
22,47,22349
47,19,22350
80,3,22351
84,2,22352
96,113,22353
93,113,22354
93,108,22355
92,107,22356
95,104,22357
97,103,22358
101,103,22359
100,102,22360
105,105,22361
106,106,22362
109,114,22363
108,107,22364
110,113,22365
109,122,22366
106,127,22367
106,128,22368
100,132,22369
98,133,22370
94,134,22371
92,134,22372
84,130,22373
83,131,22374
78,125,22375
75,119,22376
74,114,22377
73,111,22378
74,103,22379
74,100,22380
84,86,22381
81,88,22382
87,83,22383
96,80,22384
104,80,22385
108,81,22386
111,82,22387
122,92,22388
126,99,22389
128,104,22390
129,108,22391
130,115,22392
129,124,22393
126,134,22394
119,145,22395
110,152,22396
113,151,22397
103,156,22398
92,157,22399
80,154,22400
72,150,22401
63,140,22402
62,139,22403
55,123,22404
54,117,22405
53,107,22406
57,88,22407
62,79,22408
71,68,22409
68,70,22410
80,61,22411
95,57,22412
99,56,22413
112,58,22414
123,63,22415
131,69,22416
145,91,22417
146,93,22418
149,122,22419
150,115,22420
147,136,22421
142,148,22422
132,163,22423
124,170,22424
114,176,22425
100,180,22426
85,180,22427
72,176,22428
64,171,22429
55,164,22430
41,144,22431
37,134,22432
34,119,22433
33,111,22434
34,96,22435
49,60,22436
54,54,22437
60,48,22438
71,40,22439
94,33,22440
114,35,22441
119,36,22442
132,42,22443
152,61,22444
158,70,22445
166,89,22446
168,97,22447
170,114,22448
169,130,22449
154,169,22450
139,186,22451
130,193,22452
131,193,22453
109,202,22454
93,204,22455
73,201,22456
50,189,22457
41,181,22458
28,164,22459
22,152,22460
15,130,22461
13,111,22462
16,84,22463
23,63,22464
30,50,22465
56,23,22466
59,21,22467
90,10,22468
110,10,22469
123,13,22470
145,24,22471
162,39,22472
173,54,22473
176,59,22474
189,102,22475
190,121,22476
187,142,22477
174,177,22478
173,179,22479
97,111,22480
99,110,22481
102,113,22482
103,113,22483
103,116,22484
103,117,22485
101,121,22486
98,124,22487
96,125,22488
94,125,22489
91,125,22490
87,123,22491
84,120,22492
83,118,22493
81,112,22494
81,108,22495
81,106,22496
84,98,22497
86,95,22498
88,93,22499
96,89,22500
94,89,22501
104,89,22502
107,90,22503
113,94,22504
115,96,22505
119,102,22506
121,107,22507
122,117,22508
122,119,22509
120,128,22510
117,134,22511
114,139,22512
108,144,22513
97,148,22514
92,148,22515
90,148,22516
79,144,22517
73,140,22518
69,135,22519
66,130,22520
62,120,22521
61,110,22522
62,98,22523
66,87,22524
67,85,22525
73,77,22526
82,70,22527
88,67,22528
99,65,22529
111,67,22530
121,72,22531
126,76,22532
135,88,22533
139,97,22534
142,114,22535
142,117,22536
141,128,22537
136,143,22538
127,156,22539
123,160,22540
115,166,22541
108,169,22542
94,172,22543
76,168,22544
68,164,22545
61,158,22546
50,144,22547
46,136,22548
43,127,22549
41,110,22550
42,96,22551
50,73,22552
53,68,22553
61,58,22554
79,46,22555
89,43,22556
102,42,22557
115,44,22558
128,50,22559
133,53,22560
148,69,22561
159,93,22562
161,101,22563
162,118,22564
158,143,22565
155,151,22566
146,167,22567
140,174,22568
127,185,22569
115,191,22570
95,195,22571
78,193,22572
58,184,22573
49,177,22574
39,166,22575
31,153,22576
23,130,22577
21,111,22578
23,88,22579
26,76,22580
39,51,22581
41,48,22582
66,27,22583
85,20,22584
109,19,22585
100,18,22586
125,23,22587
158,47,22588
162,52,22589
170,65,22590
179,89,22591
182,120,22592
181,133,22593
177,151,22594
166,175,22595
154,191,22596
134,207,22597
122,213,22598
100,218,22599
74,216,22600
49,205,22601
35,194,22602
32,191,22603
12,161,22604
3,133,22605
1,102,22606
97,115,22607
95,117,22608
94,117,22609
93,118,22610
90,115,22611
89,111,22612
88,109,22613
88,108,22614
90,103,22615
92,100,22616
91,100,22617
98,98,22618
101,97,22619
104,98,22620
108,101,22621
110,102,22622
113,109,22623
114,112,22624
114,119,22625
114,120,22626
112,127,22627
111,130,22628
104,136,22629
102,137,22630
96,139,22631
94,140,22632
84,137,22633
81,135,22634
76,130,22635
73,127,22636
72,125,22637
69,106,22638
69,103,22639
69,102,22640
73,91,22641
80,82,22642
81,81,22643
90,76,22644
96,74,22645
107,75,22646
110,76,22647
119,81,22648
126,89,22649
130,96,22650
132,100,22651
134,108,22652
134,124,22653
127,142,22654
125,146,22655
121,151,22656
109,159,22657
100,162,22658
101,162,22659
86,162,22660
77,159,22661
67,152,22662
59,143,22663
56,139,22664
50,122,22665
49,106,22666
49,100,22667
53,85,22668
57,77,22669
64,67,22670
69,62,22671
88,52,22672
101,51,22673
105,51,22674
123,57,22675
132,63,22676
146,82,22677
152,98,22678
152,96,22679
154,123,22680
154,127,22681
152,136,22682
139,162,22683
137,165,22684
116,181,22685
111,183,22686
91,186,22687
89,186,22688
65,178,22689
56,172,22690
41,154,22691
35,142,22692
30,126,22693
29,118,22694
30,92,22695
34,78,22696
42,61,22697
52,48,22698
68,36,22699
78,31,22700
89,28,22701
118,30,22702
124,32,22703
143,44,22704
160,64,22705
163,69,22706
168,79,22707
174,106,22708
174,128,22709
171,144,22710
164,162,22711
151,182,22712
131,199,22713
120,204,22714
108,208,22715
85,209,22716
56,199,22717
51,196,22718
32,178,22719
23,165,22720
12,139,22721
9,118,22722
10,89,22723
11,84,22724
23,52,22725
30,41,22726
46,24,22727
78,7,22728
81,6,22729
106,4,22730
142,16,22731
141,15,22732
171,42,22733
95,111,22734
95,108,22735
97,107,22736
96,106,22737
100,105,22738
103,107,22739
105,109,22740
106,111,22741
107,114,22742
107,116,22743
106,122,22744
103,126,22745
104,126,22746
99,129,22747
94,130,22748
93,131,22749
86,128,22750
84,127,22751
80,122,22752
80,123,22753
77,113,22754
76,113,22755
78,100,22756
79,97,22757
81,93,22758
83,90,22759
91,85,22760
92,84,22761
107,85,22762
105,83,22763
111,86,22764
118,92,22765
122,98,22766
123,99,22767
126,109,22768
127,115,22769
125,128,22770
118,141,22771
118,142,22772
116,144,22773
104,152,22774
98,153,22775
88,153,22776
81,151,22777
77,149,22778
68,142,22779
59,125,22780
58,122,22781
58,124,22782
56,108,22783
58,95,22784
62,84,22785
73,70,22786
75,68,22787
84,63,22788
102,60,22789
105,60,22790
118,64,22791
129,72,22792
131,74,22793
140,87,22794
142,91,22795
146,106,22796
147,118,22797
143,139,22798
138,150,22799
129,161,22800
120,169,22801
110,174,22802
97,177,22803
75,173,22804
63,166,22805
63,167,22806
57,162,22807
46,147,22808
38,126,22809
37,101,22810
36,108,22811
41,81,22812
46,70,22813
52,61,22814
66,47,22815
69,45,22816
106,37,22817
108,37,22818
117,39,22819
127,43,22820
144,56,22821
157,75,22822
162,86,22823
164,92,22824
167,115,22825
163,143,22826
154,164,22827
138,183,22828
132,188,22829
122,194,22830
98,200,22831
73,197,22832
70,196,22833
53,187,22834
44,180,22835
23,146,22836
20,138,22837
18,130,22838
16,111,22839
17,93,22840
26,64,22841
32,52,22842
53,29,22843
64,22,22844
95,13,22845
101,13,22846
121,16,22847
136,22,22848
158,39,22849
168,52,22850
180,76,22851
185,94,22852
187,120,22853
185,138,22854
172,174,22855
160,192,22856
166,185,22857
121,219,22858
110,222,22859
95,224,22860
98,112,22861
100,113,22862
99,118,22863
100,119,22864
97,121,22865
95,122,22866
93,122,22867
90,121,22868
88,119,22869
85,115,22870
85,117,22871
84,108,22872
83,108,22873
85,102,22874
88,98,22875
89,96,22876
92,94,22877
97,92,22878
104,93,22879
103,92,22880
111,97,22881
111,96,22882
115,101,22883
118,108,22884
119,118,22885
120,116,22886
116,129,22887
116,131,22888
107,140,22889
108,140,22890
99,144,22891
93,145,22892
88,144,22893
84,143,22894
73,135,22895
71,132,22896
66,122,22897
64,113,22898
64,106,22899
64,104,22900
69,88,22901
73,82,22902
78,77,22903
88,71,22904
94,69,22905
98,68,22906
114,72,22907
116,73,22908
125,79,22909
133,91,22910
135,95,22911
139,111,22912
139,118,22913
138,129,22914
135,138,22915
125,153,22916
116,161,22917
117,161,22918
103,167,22919
94,168,22920
84,167,22921
73,163,22922
62,155,22923
56,148,22924
49,135,22925
46,127,22926
45,99,22927
44,101,22928
53,74,22929
63,61,22930
70,55,22931
84,48,22932
91,46,22933
98,45,22934
109,46,22935
125,52,22936
137,61,22937
147,73,22938
153,85,22939
159,110,22940
159,118,22941
159,125,22942
151,153,22943
140,169,22944
125,182,22945
118,186,22946
101,191,22947
104,191,22948
65,184,22949
66,185,22950
49,173,22951
34,152,22952
28,137,22953
26,130,22954
25,94,22955
26,87,22956
32,69,22957
55,39,22958
56,38,22959
64,32,22960
78,25,22961
112,23,22962
123,26,22963
139,34,22964
154,47,22965
163,59,22966
169,70,22967
178,99,22968
179,124,22969
176,144,22970
171,158,22971
154,186,22972
140,199,22973
125,208,22974
123,209,22975
90,215,22976
77,213,22977
66,210,22978
33,187,22979
23,175,22980
14,158,22981
5,128,22982
4,102,22983
4,97,22984
16,55,22985
24,41,22986
38,24,22987
94,114,22988
93,114,22989
91,112,22990
90,112,22991
91,107,22992
92,105,22993
95,102,22994
96,101,22995
99,101,22996
102,101,22997
103,101,22998
108,105,22999
109,106,23000
111,111,23001
111,118,23002
111,120,23003
111,122,23004
107,129,23005
105,131,23006
99,135,23007
91,135,23008
95,136,23009
91,136,23010
81,131,23011
79,129,23012
77,127,23013
73,119,23014
72,115,23015
73,100,23016
72,102,23017
77,90,23018
83,84,23019
85,82,23020
88,80,23021
94,78,23022
105,78,23023
111,80,23024
117,84,23025
124,91,23026
127,96,23027
129,101,23028
131,120,23029
131,123,23030
127,136,23031
128,135,23032
120,147,23033
108,156,23034
105,157,23035
97,159,23036
81,157,23037
75,154,23038
73,153,23039
62,142,23040
57,134,23041
52,117,23042
53,97,23043
54,92,23044
56,85,23045
64,72,23046
70,66,23047
78,60,23048
87,56,23049
98,54,23050
113,56,23051
125,62,23052
136,72,23053
143,82,23054
147,91,23055
149,97,23056
151,122,23057
150,131,23058
144,149,23059
141,154,23060
131,167,23061
117,177,23062
101,182,23063
82,181,23064
75,179,23065
66,175,23066
54,166,23067
45,155,23068
43,152,23069
34,130,23070
32,102,23071
35,84,23072
37,78,23073
41,69,23074
58,47,23075
69,39,23076
80,34,23077
95,31,23078
116,33,23079
127,37,23080
142,47,23081
156,63,23082
166,83,23083
170,98,23084
170,132,23085
171,127,23086
165,152,23087
154,173,23088
152,176,23089
138,190,23090
126,198,23091
97,206,23092
90,206,23093
70,202,23094
45,187,23095
34,176,23096
19,150,23097
16,141,23098
12,120,23099
14,84,23100
17,73,23101
27,51,23102
44,30,23103
51,24,23104
73,12,23105
108,8,23106
100,7,23107
129,13,23108
146,22,23109
170,46,23110
180,63,23111
188,86,23112
191,103,23113
191,131,23114
97,109,23115
98,108,23116
100,109,23117
101,108,23118
103,110,23119
104,117,23120
104,118,23121
104,119,23122
100,124,23123
98,126,23124
97,127,23125
94,127,23126
93,128,23127
87,125,23128
83,121,23129
83,122,23130
80,113,23131
79,111,23132
80,103,23133
80,102,23134
83,96,23135
82,96,23136
92,88,23137
95,87,23138
103,87,23139
105,87,23140
108,88,23141
115,93,23142
121,103,23143
122,104,23144
123,107,23145
124,117,23146
122,128,23147
122,129,23148
115,140,23149
111,144,23150
101,149,23151
95,150,23152
88,150,23153
80,147,23154
74,143,23155
69,138,23156
63,127,23157
61,122,23158
59,113,23159
59,108,23160
61,95,23161
67,82,23162
72,75,23163
78,70,23164
88,65,23165
97,63,23166
108,64,23167
112,65,23168
124,72,23169
134,83,23170
136,86,23171
142,101,23172
144,114,23173
141,134,23174
143,128,23175
135,149,23176
128,158,23177
124,162,23178
109,171,23179
101,173,23180
82,172,23181
73,169,23182
61,161,23183
55,155,23184
43,132,23185
40,119,23186
40,122,23187
41,92,23188
42,87,23189
50,69,23190
60,57,23191
60,56,23192
88,41,23193
94,40,23194
115,42,23195
116,42,23196
137,54,23197
146,63,23198
155,78,23199
162,98,23200
163,102,23201
164,118,23202
159,146,23203
153,159,23204
141,176,23205
126,188,23206
122,190,23207
99,197,23208
78,195,23209
64,190,23210
59,187,23211
36,165,23212
28,150,23213
23,137,23214
21,130,23215
20,94,23216
22,84,23217
29,64,23218
50,36,23219
57,30,23220
60,28,23221
107,17,23222
98,16,23223
116,18,23224
151,37,23225
157,43,23226
172,65,23227
178,79,23228
183,99,23229
184,119,23230
182,138,23231
170,172,23232
165,180,23233
145,202,23234
131,211,23235
102,220,23236
83,220,23237
64,215,23238
52,209,23239
31,193,23240
15,171,23241
98,115,23242
98,116,23243
95,118,23244
95,119,23245
92,119,23246
89,116,23247
88,114,23248
87,112,23249
87,107,23250
87,106,23251
87,104,23252
90,100,23253
97,96,23254
90,98,23255
103,96,23256
101,95,23257
108,98,23258
111,101,23259
114,106,23260
115,107,23261
116,118,23262
117,115,23263
115,124,23264
111,132,23265
106,137,23266
108,136,23267
96,141,23268
90,141,23269
85,139,23270
85,140,23271
81,138,23272
72,128,23273
68,118,23274
67,115,23275
67,107,23276
67,103,23277
70,93,23278
80,80,23279
80,79,23280
89,74,23281
91,73,23282
98,72,23283
107,73,23284
118,78,23285
122,81,23286
129,89,23287
135,105,23288
136,112,23289
136,120,23290
136,123,23291
132,137,23292
124,150,23293
119,155,23294
108,162,23295
100,164,23296
87,164,23297
75,160,23298
71,158,23299
63,151,23300
53,137,23301
48,121,23302
47,116,23303
48,97,23304
47,100,23305
53,80,23306
55,76,23307
72,58,23308
82,52,23309
88,50,23310
106,49,23311
119,53,23312
137,66,23313
129,58,23314
142,71,23315
154,97,23316
156,109,23317
155,129,23318
155,131,23319
148,152,23320
137,168,23321
128,176,23322
115,184,23323
105,187,23324
92,188,23325
70,183,23326
57,175,23327
53,172,23328
43,161,23329
33,142,23330
27,117,23331
27,103,23332
28,93,23333
37,66,23334
39,62,23335
57,41,23336
75,30,23337
84,27,23338
109,26,23339
121,29,23340
146,44,23341
142,40,23342
156,54,23343
174,95,23344
174,93,23345
176,122,23346
176,127,23347
170,153,23348
153,182,23349
150,186,23350
133,200,23351
112,209,23352
85,211,23353
66,206,23354
52,199,23355
47,196,23356
30,179,23357
16,155,23358
11,141,23359
7,101,23360
7,96,23361
17,60,23362
30,38,23363
45,22,23364
46,21,23365
81,4,23366
113,3,23367
119,4,23368
94,112,23369
93,111,23370
94,107,23371
94,106,23372
95,105,23373
99,104,23374
102,104,23375
104,106,23376
106,108,23377
108,111,23378
109,112,23379
108,120,23380
109,120,23381
107,124,23382
104,128,23383
100,131,23384
96,132,23385
93,133,23386
90,132,23387
86,131,23388
80,125,23389
79,125,23390
76,119,23391
75,107,23392
74,109,23393
75,101,23394
78,95,23395
81,90,23396
91,83,23397
92,82,23398
97,81,23399
102,81,23400
111,84,23401
116,87,23402
121,92,23403
124,97,23404
128,110,23405
128,121,23406
128,125,23407
125,134,23408
120,142,23409
117,146,23410
108,152,23411
103,154,23412
96,156,23413
85,155,23414
75,150,23415
67,143,23416
69,146,23417
57,125,23418
56,122,23419
54,110,23420
55,101,23421
58,88,23422
64,77,23423
77,65,23424
84,61,23425
85,60,23426
109,59,23427
110,59,23428
119,62,23429
130,70,23430
139,81,23431
145,94,23432
147,101,23433
149,114,23434
142,145,23435
145,139,23436
134,159,23437
129,164,23438
117,173,23439
107,177,23440
90,179,23441
82,178,23442
73,175,23443
53,160,23444
49,155,23445
41,141,23446
35,119,23447
35,121,23448
38,85,23449
37,87,23450
43,71,23451
62,48,23452
71,42,23453
82,37,23454
97,34,23455
118,37,23456
141,51,23457
143,52,23458
145,54,23459
163,84,23460
166,94,23461
169,114,23462
167,134,23463
162,152,23464
158,161,23465
136,187,23466
129,192,23467
120,197,23468
103,202,23469
82,202,23470
59,193,23471
47,185,23472
34,171,23473
26,158,23474
19,141,23475
15,98,23476
16,88,23477
19,76,23478
32,49,23479
49,30,23480
57,24,23481
86,12,23482
92,11,23483
122,14,23484
136,20,23485
151,30,23486
162,41,23487
173,56,23488
183,79,23489
188,103,23490
188,132,23491
186,144,23492
169,183,23493
155,200,23494
135,215,23495
98,111,23496
101,112,23497
101,115,23498
102,115,23499
102,117,23500
100,121,23501
97,123,23502
95,124,23503
93,124,23504
89,122,23505
87,122,23506
85,119,23507
84,118,23508
82,111,23509
83,104,23510
83,103,23511
85,98,23512
89,94,23513
94,91,23514
96,90,23515
104,91,23516
104,90,23517
107,91,23518
113,95,23519
118,104,23520
120,108,23521
121,113,23522
121,115,23523
118,129,23524
119,128,23525
116,134,23526
108,142,23527
105,144,23528
101,146,23529
93,147,23530
84,145,23531
76,140,23532
73,138,23533
66,128,23534
63,117,23535
63,119,23536
63,100,23537
66,90,23538
67,88,23539
77,75,23540
78,74,23541
89,68,23542
103,67,23543
100,66,23544
115,70,23545
123,75,23546
127,79,23547
132,85,23548
140,105,23549
141,112,23550
140,125,23551
136,140,23552
133,146,23553
129,152,23554
120,161,23555
109,167,23556
98,170,23557
83,169,23558
79,168,23559
64,159,23560
53,147,23561
46,132,23562
43,120,23563
42,113,23564
44,93,23565
46,85,23566
56,66,23567
63,58,23568
74,50,23569
80,47,23570
89,44,23571
119,47,23572
127,51,23573
138,59,23574
139,60,23575
151,76,23576
156,87,23577
161,111,23578
160,128,23579
156,145,23580
152,155,23581
135,177,23582
132,180,23583
114,190,23584
87,193,23585
83,193,23586
73,190,23587
57,182,23588
43,169,23589
30,148,23590
24,129,23591
22,115,23592
26,82,23593
29,72,23594
31,67,23595
41,50,23596
65,29,23597
76,24,23598
92,20,23599
113,21,23600
118,22,23601
141,33,23602
159,50,23603
166,60,23604
177,86,23605
181,111,23606
180,131,23607
174,156,23608
167,171,23609
154,189,23610
147,196,23611
118,213,23612
98,217,23613
72,214,23614
65,212,23615
50,204,23616
38,195,23617
19,172,23618
5,137,23619
2,115,23620
2,106,23621
4,85,23622
96,115,23623
95,116,23624
92,115,23625
91,116,23626
90,114,23627
89,109,23628
90,106,23629
91,103,23630
95,100,23631
96,99,23632
97,98,23633
103,99,23634
102,98,23635
108,102,23636
111,107,23637
112,107,23638
113,114,23639
113,120,23640
111,126,23641
111,127,23642
106,133,23643
106,134,23644
99,137,23645
93,138,23646
92,138,23647
84,136,23648
78,131,23649
74,126,23650
71,116,23651
70,115,23652
70,106,23653
71,99,23654
73,93,23655
74,91,23656
82,82,23657
88,78,23658
95,76,23659
104,76,23660
107,76,23661
118,82,23662
124,88,23663
125,89,23664
132,107,23665
133,112,23666
133,123,23667
132,128,23668
128,139,23669
117,152,23670
119,151,23671
110,157,23672
103,160,23673
89,161,23674
76,157,23675
71,154,23676
61,144,23677
56,136,23678
52,125,23679
50,117,23680
50,104,23681
55,84,23682
55,83,23683
63,70,23684
76,59,23685
77,58,23686
86,54,23687
101,52,23688
120,57,23689
131,64,23690
135,68,23691
143,78,23692
152,104,23693
153,120,23694
153,124,23695
151,135,23696
148,145,23697
138,162,23698
129,171,23699
113,181,23700
101,184,23701
84,184,23702
80,183,23703
62,175,23704
45,158,23705
46,160,23706
31,123,23707
30,116,23708
30,100,23709
35,78,23710
34,80,23711
47,56,23712
55,47,23713
77,33,23714
87,30,23715
90,29,23716
127,35,23717
135,39,23718
148,50,23719
159,64,23720
170,91,23721
172,100,23722
173,104,23723
170,143,23724
166,155,23725
152,179,23726
141,190,23727
120,203,23728
115,205,23729
92,208,23730
69,204,23731
53,196,23732
36,181,23733
23,163,23734
13,136,23735
10,119,23736
10,98,23737
13,80,23738
16,70,23739
33,39,23740
49,23,23741
65,13,23742
89,6,23743
98,5,23744
127,10,23745
142,17,23746
167,39,23747
171,44,23748
188,79,23749
96,112,23750
96,108,23751
99,107,23752
98,106,23753
100,106,23754
103,108,23755
105,112,23756
106,115,23757
105,120,23758
105,121,23759
104,124,23760
100,127,23761
100,128,23762
95,129,23763
87,127,23764
87,128,23765
83,124,23766
81,121,23767
78,114,23768
78,116,23769
77,109,23770
77,104,23771
83,93,23772
81,95,23773
88,88,23774
91,86,23775
98,84,23776
100,84,23777
111,88,23778
113,88,23779
116,91,23780
124,106,23781
124,105,23782
126,113,23783
125,123,23784
123,131,23785
118,139,23786
108,148,23787
112,146,23788
99,152,23789
92,152,23790
88,152,23791
75,146,23792
69,141,23793
68,140,23794
63,133,23795
58,116,23796
58,101,23797
58,100,23798
60,92,23799
68,77,23800
75,70,23801
79,67,23802
84,64,23803
98,61,23804
108,62,23805
122,68,23806
132,77,23807
140,90,23808
142,94,23809
144,102,23810
146,118,23811
144,130,23812
142,139,23813
136,151,23814
126,163,23815
115,170,23816
106,174,23817
92,176,23818
85,175,23819
61,163,23820
56,158,23821
55,158,23822
47,147,23823
38,119,23824
37,107,23825
43,80,23826
45,74,23827
56,58,23828
61,53,23829
76,43,23830
83,40,23831
105,38,23832
119,41,23833
131,47,23834
143,57,23835
150,65,23836
158,79,23837
165,107,23838
166,114,23839
162,142,23840
157,156,23841
146,173,23842
140,180,23843
128,189,23844
106,198,23845
89,199,23846
71,195,23847
57,188,23848
48,181,23849
44,178,23850
31,161,23851
18,120,23852
18,124,23853
21,81,23854
21,80,23855
37,47,23856
57,28,23857
55,29,23858
83,16,23859
98,14,23860
110,15,23861
144,29,23862
157,40,23863
160,43,23864
177,71,23865
184,96,23866
186,113,23867
185,130,23868
177,162,23869
172,172,23870
158,192,23871
132,213,23872
126,216,23873
100,222,23874
73,220,23875
61,216,23876
99,114,23877
100,115,23878
98,118,23879
97,120,23880
96,121,23881
91,120,23882
90,120,23883
88,118,23884
86,114,23885
85,112,23886
85,107,23887
86,103,23888
84,107,23889
90,97,23890
93,95,23891
95,94,23892
99,93,23893
104,94,23894
108,96,23895
110,97,23896
116,107,23897
116,105,23898
118,112,23899
118,116,23900
118,120,23901
116,128,23902
110,136,23903
110,137,23904
100,142,23905
97,143,23906
93,144,23907
85,142,23908
77,137,23909
73,133,23910
68,125,23911
66,117,23912
65,111,23913
66,101,23914
66,98,23915
71,87,23916
76,80,23917
84,74,23918
93,71,23919
102,70,23920
103,70,23921
112,72,23922
126,83,23923
127,84,23924
130,87,23925
136,102,23926
138,114,23927
136,131,23928
135,135,23929
133,140,23930
121,156,23931
107,164,23932
101,166,23933
97,167,23934
79,164,23935
74,162,23936
64,155,23937
61,152,23938
50,135,23939
46,121,23940
45,105,23941
45,103,23942
52,79,23943
53,76,23944
68,58,23945
74,54,23946
82,50,23947
101,47,23948
108,47,23949
123,52,23950
133,59,23951
141,67,23952
151,83,23953
156,98,23954
158,120,23955
156,135,23956
152,147,23957
145,161,23958
140,168,23959
119,184,23960
108,188,23961
90,190,23962
87,190,23963
74,187,23964
53,174,23965
48,170,23966
33,148,23967
26,122,23968
25,114,23969
25,103,23970
29,81,23971
40,57,23972
45,50,23973
67,32,23974
78,27,23975
88,24,23976
101,23,23977
130,30,23978
152,47,23979
156,51,23980
168,70,23981
175,90,23982
178,109,23983
176,137,23984
174,147,23985
163,172,23986
154,184,23987
130,204,23988
116,210,23989
101,213,23990
93,214,23991
67,209,23992
42,194,23993
26,177,23994
24,174,23995
11,148,23996
6,126,23997
6,93,23998
10,73,23999
20,49,24000
29,36,24001
53,14,24002
61,9,24003
94,113,24004
92,112,24005
92,109,24006
91,109,24007
93,105,24008
94,104,24009
97,102,24010
101,102,24011
103,103,24012
105,104,24013
107,105,24014
109,109,24015
110,111,24016
111,116,24017
109,123,24018
109,124,24019
106,129,24020
103,131,24021
98,134,24022
95,135,24023
88,133,24024
88,134,24025
82,131,24026
77,125,24027
74,117,24028
74,119,24029
73,107,24030
73,103,24031
80,89,24032
77,92,24033
83,85,24034
88,82,24035
96,79,24036
103,79,24037
104,79,24038
115,84,24039
123,92,24040
126,97,24041
128,101,24042
130,111,24043
130,122,24044
129,127,24045
126,136,24046
117,148,24047
118,148,24048
111,153,24049
96,158,24050
87,157,24051
81,156,24052
70,149,24053
65,144,24054
61,139,24055
55,125,24056
53,116,24057
53,101,24058
56,90,24059
62,77,24060
63,75,24061
74,64,24062
89,57,24063
94,56,24064
107,56,24065
117,59,24066
123,62,24067
139,78,24068
138,76,24069
149,103,24070
150,109,24071
150,124,24072
145,143,24073
144,146,24074
133,163,24075
124,171,24076
116,176,24077
105,180,24078
88,181,24079
71,176,24080
61,170,24081
55,165,24082
45,153,24083
37,136,24084
34,125,24085
33,99,24086
38,79,24087
43,68,24088
52,55,24089
65,43,24090
81,35,24091
97,32,24092
99,32,24093
119,35,24094
133,42,24095
150,57,24096
156,65,24097
168,94,24098
170,106,24099
171,116,24100
161,158,24101
153,172,24102
151,175,24103
148,179,24104
125,197,24105
102,204,24106
95,205,24107
78,203,24108
53,192,24109
43,184,24110
23,156,24111
21,152,24112
13,120,24113
13,99,24114
18,74,24115
25,57,24116
29,50,24117
48,28,24118
61,19,24119
85,10,24120
114,10,24121
122,12,24122
144,22,24123
155,31,24124
165,41,24125
180,66,24126
190,103,24127
190,126,24128
188,141,24129
180,167,24130
97,110,24131
99,109,24132
102,112,24133
103,112,24134
103,114,24135
103,118,24136
102,120,24137
101,122,24138
99,124,24139
95,126,24140
94,126,24141
90,125,24142
87,124,24143
85,122,24144
82,117,24145
81,115,24146
80,109,24147
81,103,24148
83,98,24149
85,95,24150
88,92,24151
88,91,24152
98,88,24153
103,88,24154
110,91,24155
112,92,24156
116,96,24157
120,102,24158
122,112,24159
123,114,24160
122,123,24161
119,132,24162
119,133,24163
114,140,24164
103,147,24165
100,148,24166
94,149,24167
86,148,24168
79,145,24169
77,144,24170
67,133,24171
64,128,24172
61,113,24173
60,110,24174
61,100,24175
62,95,24176
72,77,24177
79,71,24178
86,67,24179
93,65,24180
99,64,24181
113,67,24182
121,71,24183
128,77,24184
136,88,24185
141,102,24186
142,107,24187
143,118,24188
141,131,24189
137,142,24190
132,151,24191
127,158,24192
116,166,24193
108,170,24194
89,172,24195
82,171,24196
66,163,24197
56,154,24198
49,144,24199
44,133,24200
41,115,24201
41,98,24202
43,88,24203
51,70,24204
54,65,24205
60,58,24206
83,44,24207
89,42,24208
98,41,24209
120,45,24210
128,49,24211
139,57,24212
154,78,24213
159,90,24214
162,108,24215
163,117,24216
162,129,24217
155,153,24218
142,173,24219
140,175,24220
117,191,24221
111,193,24222
92,196,24223
83,195,24224
65,189,24225
43,172,24226
39,167,24227
25,140,24228
21,119,24229
20,107,24230
23,84,24231
29,67,24232
36,54,24233
40,48,24234
58,31,24235
85,19,24236
107,18,24237
118,20,24238
139,29,24239
158,46,24240
159,47,24241
175,74,24242
182,103,24243
183,119,24244
180,142,24245
174,161,24246
163,181,24247
154,192,24248
134,208,24249
112,217,24250
90,219,24251
75,217,24252
49,206,24253
46,204,24254
20,177,24255
14,167,24256
3,136,24257
97,116,24258
96,117,24259
93,117,24260
94,119,24261
90,116,24262
89,114,24263
88,111,24264
87,109,24265
88,106,24266
90,102,24267
90,101,24268
94,98,24269
94,97,24270
103,97,24271
105,98,24272
108,99,24273
111,103,24274
113,107,24275
115,113,24276
115,117,24277
114,124,24278
115,123,24279
109,133,24280
104,137,24281
99,139,24282
101,139,24283
93,140,24284
84,138,24285
76,131,24286
78,134,24287
73,128,24288
69,116,24289
68,112,24290
68,105,24291
71,94,24292
72,91,24293
80,81,24294
88,76,24295
87,76,24296
92,74,24297
109,75,24298
110,75,24299
122,83,24300
127,89,24301
129,92,24302
131,95,24303
135,119,24304
132,133,24305
131,137,24306
130,139,24307
118,154,24308
109,160,24309
104,162,24310
89,163,24311
83,162,24312
74,158,24313
66,152,24314
65,152,24315
52,131,24316
50,125,24317
48,105,24318
48,103,24319
52,86,24320
59,72,24321
63,67,24322
76,56,24323
92,51,24324
97,50,24325
110,51,24326
114,52,24327
138,69,24328
149,87,24329
147,81,24330
152,93,24331
155,112,24332
155,122,24333
144,156,24334
142,160,24335
131,172,24336
118,181,24337
113,183,24338
97,187,24339
85,186,24340
73,183,24341
54,171,24342
45,161,24343
38,151,24344
32,137,24345
28,105,24346
29,94,24347
35,73,24348
40,63,24349
52,47,24350
66,36,24351
76,31,24352
93,27,24353
109,27,24354
138,39,24355
152,52,24356
162,66,24357
159,60,24358
170,83,24359
175,111,24360
175,125,24361
166,159,24362
163,166,24363
156,177,24364
122,204,24365
115,207,24366
100,210,24367
76,208,24368
64,204,24369
37,185,24370
36,184,24371
28,175,24372
10,132,24373
8,115,24374
9,91,24375
12,77,24376
18,60,24377
44,25,24378
59,14,24379
78,6,24380
81,5,24381
116,5,24382
139,13,24383
150,20,24384
94,111,24385
94,109,24386
95,107,24387
95,106,24388
98,104,24389
101,105,24390
103,106,24391
105,108,24392
107,112,24393
108,115,24394
108,116,24395
106,123,24396
107,123,24397
101,129,24398
97,130,24399
96,131,24400
92,131,24401
88,130,24402
82,126,24403
80,124,24404
77,116,24405
76,116,24406
76,106,24407
78,98,24408
78,97,24409
78,96,24410
88,86,24411
99,83,24412
90,84,24413
102,82,24414
109,84,24415
114,87,24416
119,92,24417
121,94,24418
124,99,24419
127,111,24420
127,122,24421
124,132,24422
125,131,24423
121,139,24424
116,145,24425
103,153,24426
91,154,24427
88,154,24428
81,152,24429
78,151,24430
66,140,24431
60,130,24432
59,129,24433
56,113,24434
56,101,24435
57,96,24436
62,83,24437
64,79,24438
74,68,24439
92,60,24440
102,59,24441
104,59,24442
115,62,24443
129,71,24444
132,74,24445
141,87,24446
144,94,24447
147,109,24448
147,126,24449
146,131,24450
135,155,24451
134,157,24452
120,170,24453
106,176,24454
102,177,24455
78,175,24456
74,174,24457
66,170,24458
51,156,24459
43,143,24460
38,129,24461
36,115,24462
36,99,24463
39,85,24464
45,71,24465
50,62,24466
66,46,24467
87,37,24468
95,36,24469
107,36,24470
114,37,24471
141,52,24472
151,64,24473
151,63,24474
164,89,24475
167,108,24476
167,127,24477
163,146,24478
157,160,24479
147,175,24480
135,187,24481
113,198,24482
90,201,24483
89,201,24484
76,199,24485
57,191,24486
41,177,24487
32,166,24488
20,141,24489
17,127,24490
15,108,24491
21,75,24492
26,61,24493
32,51,24494
56,26,24495
76,16,24496
83,14,24497
98,12,24498
127,17,24499
148,29,24500
166,48,24501
172,57,24502
179,71,24503
185,90,24504
187,130,24505
183,149,24506
175,171,24507
170,180,24508
152,201,24509
130,216,24510
110,223,24511
99,112,24512
100,112,24513
100,117,24514
101,117,24515
98,121,24516
97,122,24517
92,122,24518
93,123,24519
89,121,24520
87,119,24521
87,121,24522
84,111,24523
83,112,24524
83,107,24525
87,98,24526
87,97,24527
88,96,24528
92,93,24529
98,91,24530
101,91,24531
108,94,24532
110,94,24533
112,96,24534
117,103,24535
119,110,24536
120,113,24537
119,122,24538
119,125,24539
113,135,24540
110,139,24541
106,142,24542
98,145,24543
94,146,24544
88,145,24545
80,142,24546
71,133,24547
70,132,24548
67,127,24549
64,119,24550
63,110,24551
64,100,24552
67,91,24553
73,81,24554
82,73,24555
80,74,24556
87,70,24557
108,69,24558
111,70,24559
115,71,24560
127,81,24561
129,83,24562
138,102,24563
139,106,24564
140,114,24565
139,127,24566
134,141,24567
127,152,24568
125,155,24569
115,163,24570
100,168,24571
94,169,24572
80,167,24573
67,160,24574
60,154,24575
50,139,24576
48,135,24577
44,117,24578
43,111,24579
44,97,24580
55,70,24581
56,68,24582
65,58,24583
81,48,24584
87,46,24585
99,44,24586
116,47,24587
128,53,24588
140,63,24589
150,77,24590
154,85,24591
159,104,24592
160,119,24593
158,135,24594
147,161,24595
140,170,24596
131,179,24597
122,185,24598
113,189,24599
91,192,24600
81,191,24601
64,185,24602
44,168,24603
36,157,24604
28,140,24605
26,133,24606
23,112,24607
26,84,24608
33,66,24609
44,49,24610
48,44,24611
67,29,24612
83,23,24613
101,21,24614
117,23,24615
128,27,24616
149,41,24617
159,52,24618
169,68,24619
176,86,24620
180,120,24621
175,149,24622
171,160,24623
155,186,24624
144,197,24625
125,209,24626
117,212,24627
93,216,24628
77,214,24629
56,206,24630
46,200,24631
21,173,24632
11,153,24633
6,136,24634
3,103,24635
8,74,24636
12,62,24637
17,51,24638
95,115,24639
93,115,24640
92,114,24641
91,114,24642
90,109,24643
91,105,24644
92,104,24645
95,101,24646
97,100,24647
101,100,24648
102,100,24649
105,101,24650
109,105,24651
110,107,24652
112,113,24653
112,117,24654
112,120,24655
109,127,24656
108,129,24657
104,133,24658
101,135,24659
100,136,24660
93,137,24661
84,134,24662
81,132,24663
77,128,24664
75,125,24665
73,121,24666
71,110,24667
71,104,24668
72,99,24669
78,88,24670
78,87,24671
81,84,24672
89,79,24673
98,77,24674
108,78,24675
117,83,24676
115,81,24677
126,93,24678
130,102,24679
131,104,24680
132,114,24681
130,130,24682
129,134,24683
125,142,24684
120,148,24685
107,157,24686
108,157,24687
92,160,24688
90,160,24689
75,155,24690
65,147,24691
59,139,24692
55,131,24693
51,113,24694
51,108,24695
51,101,24696
56,84,24697
65,70,24698
62,73,24699
78,59,24700
88,55,24701
97,53,24702
107,54,24703
118,57,24704
135,70,24705
142,79,24706
148,91,24707
149,94,24708
152,114,24709
149,138,24710
146,146,24711
138,160,24712
134,165,24713
122,175,24714
98,183,24715
90,183,24716
86,183,24717
70,178,24718
52,165,24719
44,155,24720
39,146,24721
32,125,24722
31,112,24723
34,85,24724
37,76,24725
40,69,24726
58,46,24727
63,42,24728
88,31,24729
103,30,24730
119,33,24731
122,34,24732
138,43,24733
151,55,24734
161,70,24735
171,100,24736
172,120,24737
171,132,24738
166,152,24739
162,161,24740
144,186,24741
134,194,24742
109,205,24743
110,205,24744
82,206,24745
54,195,24746
48,191,24747
28,169,24748
20,154,24749
14,137,24750
11,114,24751
11,100,24752
15,77,24753
24,55,24754
38,35,24755
57,19,24756
64,15,24757
91,7,24758
115,8,24759
126,11,24760
150,24,24761
163,36,24762
184,71,24763
190,91,24764
192,124,24765
96,110,24766
97,108,24767
99,108,24768
100,107,24769
102,108,24770
104,113,24771
105,115,24772
105,117,24773
102,123,24774
101,125,24775
101,126,24776
95,127,24777
95,128,24778
91,128,24779
86,125,24780
83,123,24781
81,119,24782
79,114,24783
79,106,24784
79,104,24785
80,100,24786
80,98,24787
89,89,24788
90,88,24789
97,86,24790
99,85,24791
104,86,24792
111,89,24793
117,95,24794
118,95,24795
122,102,24796
124,113,24797
125,116,24798
124,124,24799
120,134,24800
117,139,24801
109,146,24802
100,150,24803
102,150,24804
91,151,24805
83,149,24806
75,145,24807
67,136,24808
62,127,24809
60,122,24810
59,118,24811
59,100,24812
63,88,24813
68,79,24814
71,75,24815
80,68,24816
88,64,24817
91,63,24818
108,63,24819
118,67,24820
131,78,24821
135,83,24822
137,86,24823
144,109,24824
144,121,24825
144,126,24826
141,138,24827
135,150,24828
130,157,24829
124,163,24830
109,172,24831
95,174,24832
86,174,24833
68,167,24834
66,166,24835
48,145,24836
43,134,24837
40,125,24838
39,120,24839
39,97,24840
41,88,24841
51,67,24842
54,62,24843
73,46,24844
81,42,24845
97,39,24846
105,39,24847
130,48,24848
132,49,24849
145,61,24850
159,85,24851
160,87,24852
164,105,24853
164,127,24854
159,148,24855
156,155,24856
142,176,24857
133,184,24858
120,192,24859
95,198,24860
93,198,24861
71,194,24862
52,183,24863
40,171,24864
27,150,24865
22,137,24866
19,122,24867
20,90,24868
23,77,24869
34,54,24870
37,49,24871
57,29,24872
78,19,24873
84,17,24874
110,16,24875
132,23,24876
145,31,24877
156,41,24878
173,65,24879
176,71,24880
184,104,24881
184,130,24882
183,137,24883
169,175,24884
164,183,24885
136,209,24886
129,213,24887
108,220,24888
85,221,24889
68,217,24890
50,209,24891
31,194,24892
98,113,24893
99,115,24894
97,118,24895
96,120,24896
93,120,24897
90,118,24898
88,116,24899
87,114,24900
86,110,24901
86,108,24902
86,106,24903
90,99,24904
87,101,24905
94,96,24906
98,95,24907
100,94,24908
106,96,24909
108,97,24910
113,103,24911
113,102,24912
116,112,24913
117,111,24914
116,123,24915
115,126,24916
112,132,24917
112,133,24918
102,140,24919
104,140,24920
88,141,24921
89,142,24922
80,138,24923
74,132,24924
72,129,24925
69,124,24926
67,118,24927
66,110,24928
68,96,24929
75,84,24930
74,84,24931
77,81,24932
83,76,24933
94,72,24934
105,72,24935
111,73,24936
113,74,24937
126,84,24938
131,92,24939
134,99,24940
136,104,24941
137,118,24942
135,130,24943
132,139,24944
128,146,24945
118,157,24946
112,161,24947
90,165,24948
83,164,24949
79,163,24950
70,158,24951
61,150,24952
54,140,24953
48,125,24954
47,121,24955
46,106,24956
48,92,24957
49,88,24958
66,62,24959
65,62,24960
80,52,24961
95,48,24962
113,50,24963
126,56,24964
120,52,24965
135,62,24966
146,76,24967
151,86,24968
156,105,24969
157,118,24970
155,134,24971
144,160,24972
137,169,24973
130,176,24974
117,184,24975
101,188,24976
83,188,24977
79,187,24978
59,178,24979
48,168,24980
34,146,24981
30,136,24982
30,137,24983
26,107,24984
28,89,24985
36,66,24986
46,51,24987
57,40,24988
62,36,24989
87,26,24990
113,26,24991
128,31,24992
139,37,24993
138,36,24994
162,62,24995
169,75,24996
176,100,24997
177,120,24998
176,133,24999
168,159,25000
157,179,25001
147,190,25002
131,202,25003
118,208,25004
81,211,25005
79,211,25006
53,201,25007
34,185,25008
27,176,25009
14,152,25010
11,144,25011
6,103,25012
11,74,25013
15,63,25014
24,45,25015
37,28,25016
52,16,25017
78,4,25018
103,1,25019
96,113,25020
93,112,25021
93,109,25022
92,108,25023
94,105,25024
98,103,25025
99,103,25026
103,104,25027
105,106,25028
107,108,25029
108,108,25030
109,115,25031
110,115,25032
108,123,25033
106,126,25034
105,128,25035
101,131,25036
96,133,25037
92,133,25038
89,133,25039
84,131,25040
80,126,25041
79,126,25042
75,117,25043
74,111,25044
73,108,25045
76,98,25046
77,94,25047
82,88,25048
88,83,25049
90,82,25050
99,80,25051
106,81,25052
113,84,25053
115,85,25054
125,98,25055
126,100,25056
128,106,25057
129,120,25058
129,122,25059
127,130,25060
121,142,25061
111,151,25062
105,154,25063
101,156,25064
96,157,25065
81,154,25066
71,148,25067
74,151,25068
59,132,25069
59,133,25070
54,115,25071
54,106,25072
54,100,25073
56,92,25074
72,68,25075
74,66,25076
79,62,25077
86,59,25078
101,57,25079
106,57,25080
125,65,25081
133,72,25082
138,78,25083
146,95,25084
146,94,25085
148,128,25086
148,131,25087
145,141,25088
132,162,25089
127,167,25090
115,175,25091
107,178,25092
91,180,25093
79,178,25094
71,175,25095
54,162,25096
43,147,25097
37,132,25098
34,116,25099
34,105,25100
34,99,25101
36,88,25102
51,58,25103
62,47,25104
71,41,25105
79,37,25106
99,33,25107
119,37,25108
134,44,25109
133,43,25110
158,71,25111
160,75,25112
168,99,25113
169,123,25114
169,126,25115
164,149,25116
152,171,25117
143,182,25118
122,197,25119
118,199,25120
87,203,25121
80,202,25122
69,199,25123
47,186,25124
28,163,25125
21,149,25126
17,136,25127
14,118,25128
15,90,25129
24,62,25130
38,40,25131
50,28,25132
54,25,25133
78,13,25134
104,10,25135
112,11,25136
136,19,25137
153,31,25138
165,43,25139
182,74,25140
184,79,25141
189,124,25142
189,131,25143
178,168,25144
164,191,25145
153,203,25146
97,111,25147
99,110,25148
102,113,25149
102,114,25150
102,118,25151
101,120,25152
98,123,25153
97,124,25154
92,124,25155
91,124,25156
88,123,25157
85,120,25158
84,119,25159
82,114,25160
82,106,25161
82,104,25162
82,103,25163
85,97,25164
89,93,25165
90,92,25166
97,89,25167
98,89,25168
106,90,25169
110,92,25170
115,97,25171
118,101,25172
119,103,25173
121,110,25174
121,121,25175
121,123,25176
116,135,25177
112,140,25178
109,142,25179
103,146,25180
99,147,25181
88,147,25182
80,144,25183
77,142,25184
72,138,25185
65,127,25186
62,116,25187
62,104,25188
62,101,25189
64,93,25190
67,86,25191
77,74,25192
81,71,25193
90,67,25194
95,66,25195
109,67,25196
117,70,25197
124,75,25198
132,84,25199
135,89,25200
141,107,25201
141,121,25202
140,130,25203
136,142,25204
132,149,25205
122,160,25206
115,165,25207
107,169,25208
96,171,25209
90,171,25210
75,167,25211
65,161,25212
53,148,25213
48,139,25214
45,132,25215
42,101,25216
42,99,25217
44,89,25218
50,74,25219
59,61,25220
69,52,25221
83,45,25222
105,43,25223
116,45,25224
119,46,25225
138,58,25226
140,60,25227
156,85,25228
160,99,25229
161,125,25230
161,127,25231
155,150,25232
148,163,25233
134,179,25234
129,183,25235
116,190,25236
100,194,25237
87,194,25238
73,191,25239
52,179,25240
39,165,25241
32,154,25242
23,128,25243
22,99,25244
22,97,25245
24,85,25246
36,56,25247
49,40,25248
62,30,25249
76,23,25250
87,20,25251
117,21,25252
136,29,25253
145,35,25254
152,41,25255
169,64,25256
179,91,25257
181,103,25258
181,130,25259
174,158,25260
171,165,25261
160,183,25262
147,197,25263
135,206,25264
110,216,25265
91,218,25266
69,214,25267
55,208,25268
30,188,25269
17,170,25270
7,147,25271
3,130,25272
1,110,25273
97,115,25274
96,116,25275
92,116,25276
92,117,25277
89,113,25278
89,108,25279
89,107,25280
89,106,25281
92,101,25282
93,100,25283
96,98,25284
101,98,25285
100,97,25286
106,100,25287
110,104,25288
111,104,25289
113,111,25290
114,114,25291
114,117,25292
112,126,25293
111,128,25294
109,132,25295
103,136,25296
97,138,25297
93,139,25298
92,139,25299
85,137,25300
77,131,25301
72,122,25302
72,124,25303
70,119,25304
69,110,25305
70,100,25306
70,99,25307
81,82,25308
82,81,25309
91,76,25310
97,75,25311
99,74,25312
113,78,25313
118,81,25314
125,88,25315
129,95,25316
133,107,25317
134,111,25318
134,118,25319
132,131,25320
126,143,25321
123,148,25322
115,155,25323
110,158,25324
98,162,25325
92,162,25326
76,158,25327
73,156,25328
60,144,25329
57,139,25330
54,134,25331
49,112,25332
50,100,25333
51,92,25334
53,86,25335
64,68,25336
70,62,25337
81,55,25338
90,52,25339
107,52,25340
118,55,25341
127,60,25342
130,62,25343
146,83,25344
152,100,25345
154,110,25346
154,118,25347
153,130,25348
146,151,25349
131,170,25350
134,168,25351
117,180,25352
100,185,25353
81,184,25354
80,184,25355
57,172,25356
52,168,25357
35,141,25358
33,135,25359
31,129,25360
30,95,25361
31,89,25362
44,59,25363
46,56,25364
56,45,25365
84,30,25366
93,28,25367
103,28,25368
120,31,25369
131,36,25370
147,48,25371
167,79,25372
172,96,25373
173,99,25374
174,120,25375
173,132,25376
169,149,25377
157,173,25378
139,193,25379
135,196,25380
102,208,25381
90,209,25382
67,204,25383
43,189,25384
45,191,25385
22,162,25386
16,149,25387
12,137,25388
9,105,25389
11,86,25390
18,63,25391
24,51,25392
42,28,25393
68,11,25394
90,5,25395
99,4,25396
127,9,25397
143,17,25398
163,33,25399
177,52,25400
95,111,25401
95,108,25402
98,107,25403
97,106,25404
99,105,25405
104,108,25406
105,110,25407
106,113,25408
106,118,25409
106,120,25410
106,121,25411
101,127,25412
103,127,25413
97,129,25414
90,129,25415
91,130,25416
85,127,25417
82,124,25418
79,119,25419
78,118,25420
77,107,25421
76,111,25422
78,101,25423
80,96,25424
84,90,25425
85,89,25426
92,85,25427
93,84,25428
112,88,25429
107,84,25430
119,94,25431
116,90,25432
123,101,25433
125,105,25434
126,119,25435
126,124,25436
123,132,25437
117,141,25438
113,146,25439
107,150,25440
105,151,25441
91,153,25442
86,152,25443
80,150,25444
68,141,25445
66,139,25446
59,124,25447
57,115,25448
57,104,25449
58,96,25450
60,90,25451
65,80,25452
76,68,25453
77,67,25454
92,61,25455
107,61,25456
114,63,25457
117,64,25458
131,75,25459
136,81,25460
143,96,25461
145,102,25462
146,120,25463
146,126,25464
141,143,25465
137,151,25466
118,169,25467
119,169,25468
101,176,25469
93,177,25470
79,174,25471
60,163,25472
59,163,25473
54,158,25474
43,140,25475
37,118,25476
37,106,25477
38,93,25478
46,71,25479
51,63,25480
60,53,25481
70,45,25482
80,40,25483
102,37,25484
115,39,25485
129,45,25486
139,52,25487
153,68,25488
160,83,25489
166,107,25490
166,123,25491
164,138,25492
159,153,25493
153,165,25494
135,185,25495
134,186,25496
105,199,25497
94,200,25498
69,195,25499
57,189,25500
43,178,25501
42,177,25502
22,142,25503
21,140,25504
17,100,25505
17,97,25506
22,74,25507
38,45,25508
49,33,25509
69,20,25510
74,18,25511
89,14,25512
122,17,25513
138,24,25514
150,32,25515
167,51,25516
174,63,25517
181,80,25518
186,125,25519
186,130,25520
177,163,25521
159,192,25522
155,197,25523
139,210,25524
108,222,25525
88,223,25526
85,223,25527
98,112,25528
100,114,25529
99,118,25530
100,118,25531
98,120,25532
93,121,25533
91,121,25534
89,120,25535
87,117,25536
86,116,25537
85,116,25538
85,105,25539
83,109,25540
87,100,25541
89,97,25542
93,94,25543
96,93,25544
99,92,25545
103,93,25546
105,93,25547
114,101,25548
112,97,25549
116,103,25550
118,119,25551
119,117,25552
119,119,25553
115,130,25554
114,133,25555
106,140,25556
101,143,25557
97,144,25558
86,143,25559
80,140,25560
78,139,25561
75,137,25562
69,128,25563
65,116,25564
65,103,25565
64,108,25566
68,91,25567
72,84,25568
77,78,25569
87,72,25570
89,71,25571
97,69,25572
104,69,25573
115,73,25574
126,82,25575
126,81,25576
133,92,25577
138,107,25578
139,115,25579
137,130,25580
137,131,25581
131,145,25582
115,161,25583
117,160,25584
111,164,25585
89,167,25586
79,165,25587
74,163,25588
69,160,25589
59,151,25590
49,134,25591
45,119,25592
44,112,25593
47,91,25594
46,92,25595
56,70,25596
66,59,25597
74,53,25598
90,47,25599
104,46,25600
115,48,25601
118,49,25602
134,59,25603
147,74,25604
155,92,25605
158,105,25606
159,114,25607
156,137,25608
154,145,25609
146,161,25610
130,178,25611
124,182,25612
114,187,25613
97,191,25614
82,190,25615
68,185,25616
60,181,25617
39,160,25618
31,144,25619
26,127,25620
24,112,25621
25,97,25622
30,75,25623
39,57,25624
51,43,25625
71,29,25626
81,25,25627
88,23,25628
100,22,25629
129,29,25630
145,39,25631
156,50,25632
172,78,25633
177,96,25634
179,114,25635
179,117,25636
176,142,25637
159,179,25638
143,196,25639
135,202,25640
128,206,25641
113,212,25642
78,213,25643
68,210,25644
53,203,25645
30,183,25646
17,164,25647
9,143,25648
4,112,25649
4,110,25650
5,92,25651
22,45,25652
39,24,25653
41,22,25654
94,114,25655
93,114,25656
92,111,25657
91,111,25658
91,108,25659
93,104,25660
94,103,25661
97,101,25662
100,101,25663
103,102,25664
106,103,25665
107,104,25666
110,109,25667
111,113,25668
111,117,25669
109,125,25670
109,126,25671
104,131,25672
103,132,25673
98,135,25674
93,135,25675
93,136,25676
84,133,25677
78,127,25678
75,122,25679
75,123,25680
72,113,25681
72,107,25682
75,96,25683
75,94,25684
79,88,25685
86,82,25686
90,80,25687
96,78,25688
99,78,25689
107,79,25690
116,84,25691
119,86,25692
127,97,25693
129,103,25694
131,112,25695
131,117,25696
128,133,25697
123,142,25698
123,143,25699
115,151,25700
109,155,25701
90,158,25702
92,159,25703
83,157,25704
74,153,25705
64,144,25706
61,140,25707
54,125,25708
52,114,25709
53,99,25710
57,85,25711
59,80,25712
63,74,25713
79,60,25714
89,56,25715
95,55,25716
106,55,25717
117,58,25718
128,65,25719
133,69,25720
144,85,25721
147,92,25722
151,111,25723
149,133,25724
146,143,25725
144,148,25726
129,168,25727
124,172,25728
108,180,25729
98,182,25730
84,181,25731
76,179,25732
62,172,25733
52,163,25734
39,143,25735
35,132,25736
32,115,25737
34,90,25738
36,82,25739
40,72,25740
51,55,25741
55,50,25742
74,37,25743
91,32,25744
101,31,25745
123,36,25746
140,46,25747
152,58,25748
158,67,25749
164,79,25750
170,100,25751
170,129,25752
169,137,25753
156,169,25754
155,171,25755
130,195,25756
120,200,25757
112,203,25758
79,204,25759
66,200,25760
58,196,25761
41,183,25762
30,170,25763
18,146,25764
14,131,25765
14,87,25766
16,78,25767
27,52,25768
33,43,25769
52,24,25770
67,15,25771
86,9,25772
101,8,25773
115,9,25774
140,19,25775
153,28,25776
168,44,25777
186,80,25778
190,99,25779
190,133,25780
190,135,25781
97,109,25782
98,109,25783
101,110,25784
102,109,25785
104,112,25786
104,115,25787
103,119,25788
103,121,25789
101,123,25790
97,126,25791
99,126,25792
90,126,25793
91,127,25794
85,123,25795
82,119,25796
81,118,25797
80,111,25798
79,109,25799
81,101,25800
82,98,25801
85,94,25802
87,91,25803
94,88,25804
98,87,25805
106,88,25806
109,89,25807
113,92,25808
117,96,25809
121,104,25810
123,110,25811
123,119,25812
123,122,25813
122,127,25814
118,136,25815
110,144,25816
109,145,25817
98,149,25818
88,149,25819
91,150,25820
81,147,25821
69,137,25822
66,133,25823
61,119,25824
60,115,25825
60,102,25826
61,96,25827
64,88,25828
68,81,25829
75,73,25830
87,66,25831
94,64,25832
100,63,25833
110,65,25834
119,69,25835
127,75,25836
138,91,25837
139,93,25838
143,109,25839
143,123,25840
139,139,25841
138,142,25842
131,154,25843
119,165,25844
118,166,25845
107,171,25846
90,173,25847
75,169,25848
67,165,25849
56,155,25850
51,149,25851
41,122,25852
40,114,25853
39,109,25854
44,83,25855
44,82,25856
50,70,25857
74,47,25858
77,45,25859
91,41,25860
101,40,25861
122,45,25862
134,52,25863
141,58,25864
153,74,25865
158,86,25866
163,108,25867
163,104,25868
162,133,25869
159,145,25870
142,174,25871
131,184,25872
123,189,25873
107,195,25874
93,197,25875
80,195,25876
55,184,25877
48,178,25878
31,156,25879
22,130,25880
21,126,25881
20,123,25882
20,97,25883
24,78,25884
40,47,25885
53,34,25886
68,24,25887
70,23,25888
103,17,25889
108,17,25890
129,23,25891
149,36,25892
160,47,25893
178,81,25894
183,105,25895
183,103,25896
183,129,25897
171,169,25898
161,185,25899
151,196,25900
126,213,25901
118,216,25902
96,220,25903
81,219,25904
68,216,25905
34,195,25906
19,177,25907
8,155,25908
98,115,25909
97,117,25910
95,118,25911
93,119,25912
91,118,25913
90,117,25914
88,113,25915
87,111,25916
87,108,25917
88,104,25918
89,101,25919
93,98,25920
91,98,25921
101,96,25922
104,97,25923
106,97,25924
111,102,25925
112,103,25926
114,107,25927
115,109,25928
116,116,25929
116,121,25930
113,128,25931
109,134,25932
105,137,25933
103,139,25934
95,141,25935
93,141,25936
79,135,25937
79,136,25938
76,133,25939
71,125,25940
68,116,25941
67,113,25942
68,100,25943
70,94,25944
72,90,25945
83,78,25946
82,78,25947
94,73,25948
103,73,25949
106,73,25950
117,78,25951
121,81,25952
126,86,25953
132,96,25954
135,108,25955
136,116,25956
134,130,25957
133,134,25958
125,148,25959
122,152,25960
116,157,25961
104,163,25962
96,164,25963
84,163,25964
71,157,25965
70,157,25966
56,141,25967
54,138,25968
49,124,25969
47,112,25970
49,94,25971
49,92,25972
53,81,25973
68,61,25974
85,52,25975
90,50,25976
102,49,25977
113,51,25978
127,58,25979
138,68,25980
143,73,25981
150,86,25982
153,95,25983
156,114,25984
152,140,25985
149,149,25986
144,158,25987
130,174,25988
115,183,25989
118,182,25990
87,187,25991
85,187,25992
69,182,25993
49,167,25994
42,159,25995
39,154,25996
29,127,25997
27,106,25998
30,86,25999
33,76,26000
43,57,26001
54,44,26002
68,34,26003
86,27,26004
105,26,26005
112,27,26006
131,34,26007
152,51,26008
159,59,26009
165,69,26010
172,88,26011
176,110,26012
174,136,26013
170,152,26014
161,171,26015
146,189,26016
134,199,26017
120,206,26018
96,211,26019
82,210,26020
53,199,26021
47,195,26022
45,194,26023
19,161,26024
9,130,26025
7,113,26026
9,87,26027
10,81,26028
22,51,26029
45,23,26030
51,18,26031
57,14,26032
108,3,26033
111,3,26034
130,8,26035
94,112,26036
93,110,26037
94,108,26038
96,105,26039
97,104,26040
102,105,26041
101,104,26042
105,107,26043
107,110,26044
108,113,26045
108,118,26046
108,119,26047
109,119,26048
105,126,26049
100,130,26050
99,131,26051
94,132,26052
92,132,26053
86,130,26054
84,129,26055
78,121,26056
77,121,26057
75,113,26058
75,109,26059
75,105,26060
76,99,26061
82,90,26062
83,88,26063
93,83,26064
94,82,26065
99,81,26066
105,82,26067
112,85,26068
118,89,26069
123,96,26070
126,103,26071
128,113,26072
128,118,26073
127,127,26074
124,135,26075
116,146,26076
111,150,26077
101,154,26078
91,155,26079
93,156,26080
87,155,26081
72,147,26082
65,140,26083
65,141,26084
56,119,26085
55,113,26086
55,105,26087
58,90,26088
59,87,26089
67,74,26090
81,63,26091
85,61,26092
95,58,26093
107,59,26094
117,62,26095
127,68,26096
137,79,26097
138,80,26098
147,103,26099
148,111,26100
148,122,26101
142,144,26102
139,151,26103
131,162,26104
116,173,26105
109,176,26106
90,178,26107
84,178,26108
72,174,26109
62,168,26110
50,156,26111
45,148,26112
36,122,26113
35,114,26114
36,95,26115
39,83,26116
43,72,26117
49,62,26118
76,40,26119
81,38,26120
104,35,26121
108,35,26122
139,50,26123
130,43,26124
147,57,26125
157,71,26126
166,96,26127
168,110,26128
168,124,26129
165,141,26130
158,160,26131
154,167,26132
131,190,26133
103,201,26134
110,200,26135
91,202,26136
67,197,26137
46,183,26138
42,180,26139
28,161,26140
17,131,26141
15,118,26142
15,104,26143
18,81,26144
25,62,26145
37,43,26146
52,28,26147
71,17,26148
84,13,26149
98,11,26150
129,17,26151
150,30,26152
156,35,26153
175,61,26154
181,74,26155
188,107,26156
187,133,26157
184,149,26158
181,159,26159
167,185,26160
146,207,26161
134,215,26162
98,111,26163
101,113,26164
101,116,26165
102,116,26166
101,119,26167
98,122,26168
96,123,26169
92,123,26170
91,123,26171
88,121,26172
88,122,26173
84,116,26174
83,115,26175
82,110,26176
84,102,26177
84,101,26178
86,97,26179
91,93,26180
95,91,26181
97,90,26182
106,92,26183
106,91,26184
111,94,26185
113,96,26186
119,107,26187
120,109,26188
120,119,26189
120,123,26190
117,130,26191
114,136,26192
110,140,26193
103,144,26194
98,146,26195
100,146,26196
89,146,26197
78,141,26198
73,137,26199
69,132,26200
66,127,26201
63,114,26202
62,109,26203
65,94,26204
67,89,26205
72,81,26206
75,77,26207
80,73,26208
91,68,26209
107,68,26210
109,68,26211
122,75,26212
129,82,26213
132,86,26214
137,96,26215
140,108,26216
141,117,26217
136,138,26218
133,145,26219
126,155,26220
125,156,26221
108,167,26222
99,169,26223
95,170,26224
81,168,26225
67,161,26226
61,156,26227
51,143,26228
44,123,26229
43,117,26230
42,109,26231
47,84,26232
52,73,26233
55,68,26234
65,57,26235
73,51,26236
93,44,26237
106,44,26238
120,48,26239
136,58,26240
141,63,26241
146,69,26242
153,81,26243
158,95,26244
161,116,26245
157,140,26246
145,165,26247
148,161,26248
128,182,26249
127,183,26250
97,193,26251
91,193,26252
81,192,26253
53,178,26254
47,173,26255
39,163,26256
30,147,26257
24,127,26258
23,123,26259
31,69,26260
33,64,26261
37,57,26262
58,34,26263
72,26,26264
84,22,26265
97,20,26266
125,25,26267
130,27,26268
149,40,26269
162,55,26270
173,75,26271
180,104,26272
180,102,26273
178,140,26274
167,170,26275
157,185,26276
144,198,26277
122,211,26278
116,213,26279
103,216,26280
78,215,26281
69,213,26282
39,195,26283
20,173,26284
10,152,26285
5,135,26286
3,123,26287
7,75,26288
12,60,26289
96,115,26290
94,116,26291
92,115,26292
91,115,26293
90,111,26294
90,107,26295
91,104,26296
92,102,26297
94,101,26298
97,99,26299
99,99,26300
104,100,26301
105,100,26302
108,103,26303
111,108,26304
112,109,26305
113,117,26306
112,122,26307
111,125,26308
108,130,26309
104,134,26310
104,135,26311
96,137,26312
90,137,26313
84,135,26314
82,134,26315
77,129,26316
74,125,26317
71,113,26318
70,113,26319
71,101,26320
73,95,26321
73,94,26322
78,86,26323
87,79,26324
92,77,26325
98,76,26326
110,78,26327
113,79,26328
116,81,26329
125,90,26330
132,110,26331
130,99,26332
133,115,26333
133,119,26334
129,136,26335
122,147,26336
119,150,26337
116,153,26338
100,160,26339
92,161,26340
82,159,26341
77,157,26342
64,147,26343
60,142,26344
54,130,26345
51,117,26346
50,112,26347
53,90,26348
58,79,26349
62,72,26350
66,67,26351
83,56,26352
82,56,26353
106,53,26354
107,53,26355
131,65,26356
129,63,26357
138,72,26358
142,77,26359
152,108,26360
153,117,26361
152,129,26362
145,150,26363
143,154,26364
134,166,26365
111,181,26366
105,183,26367
90,184,26368
82,183,26369
63,175,26370
55,169,26371
41,151,26372
39,148,26373
32,126,26374
30,107,26375
32,90,26376
37,74,26377
45,59,26378
56,47,26379
71,36,26380
85,31,26381
102,29,26382
103,29,26383
130,37,26384
137,41,26385
151,54,26386
166,79,26387
172,104,26388
173,114,26389
173,121,26390
167,151,26391
159,168,26392
144,187,26393
127,199,26394
116,204,26395
103,207,26396
71,204,26397
63,201,26398
46,190,26399
30,173,26400
23,162,26401
12,129,26402
10,113,26403
13,82,26404
15,75,26405
21,59,26406
44,28,26407
54,20,26408
64,14,26409
95,6,26410
107,6,26411
131,12,26412
150,23,26413
171,45,26414
177,54,26415
189,84,26416
96,112,26417
96,109,26418
100,108,26419
99,106,26420
102,107,26421
104,110,26422
105,114,26423
106,116,26424
105,119,26425
103,123,26426
104,123,26427
99,127,26428
98,128,26429
94,129,26430
86,126,26431
88,128,26432
82,122,26433
79,116,26434
78,113,26435
78,107,26436
79,101,26437
77,106,26438
87,90,26439
85,91,26440
93,86,26441
92,86,26442
102,85,26443
107,86,26444
117,94,26445
118,94,26446
119,95,26447
124,108,26448
125,112,26449
125,121,26450
123,129,26451
123,130,26452
115,142,26453
109,147,26454
104,150,26455
96,152,26456
87,151,26457
83,150,26458
70,141,26459
69,140,26460
65,135,26461
60,125,26462
58,112,26463
59,98,26464
59,97,26465
64,84,26466
71,74,26467
80,67,26468
86,64,26469
93,62,26470
106,62,26471
121,68,26472
132,78,26473
128,73,26474
138,87,26475
142,96,26476
145,112,26477
145,124,26478
138,146,26479
139,145,26480
125,163,26481
123,165,26482
106,173,26483
98,175,26484
88,175,26485
76,172,26486
53,154,26487
49,148,26488
47,146,26489
40,129,26490
38,114,26491
39,94,26492
43,81,26493
46,73,26494
55,60,26495
68,48,26496
86,40,26497
95,38,26498
109,39,26499
125,44,26500
138,53,26501
149,65,26502
158,80,26503
163,95,26504
165,121,26505
164,132,26506
161,144,26507
156,157,26508
139,180,26509
129,188,26510
122,192,26511
108,197,26512
94,199,26513
63,191,26514
40,172,26515
39,171,26516
32,162,26517
25,148,26518
18,103,26519
18,98,26520
22,79,26521
31,57,26522
34,52,26523
61,26,26524
72,20,26525
81,17,26526
113,16,26527
127,20,26528
151,35,26529
166,52,26530
162,46,26531
182,88,26532
185,108,26533
185,127,26534
183,140,26535
170,175,26536
159,190,26537
146,203,26538
129,214,26539
116,219,26540
76,220,26541
75,220,26542
47,208,26543
99,114,26544
99,116,26545
97,119,26546
98,119,26547
95,121,26548
92,120,26549
90,119,26550
88,117,26551
86,113,26552
85,111,26553
85,108,26554
87,102,26555
85,104,26556
92,96,26557
95,95,26558
97,94,26559
102,94,26560
103,94,26561
110,98,26562
111,98,26563
116,108,26564
117,109,26565
118,114,26566
117,121,26567
116,126,26568
114,131,26569
105,139,26570
105,140,26571
91,142,26572
95,143,26573
86,142,26574
79,138,26575
73,132,26576
70,128,26577
67,121,26578
66,113,26579
66,102,26580
68,95,26581
67,96,26582
72,86,26583
78,79,26584
87,73,26585
97,71,26586
100,70,26587
112,73,26588
117,75,26589
124,81,26590
130,89,26591
137,111,26592
135,98,26593
138,116,26594
134,136,26595
132,141,26596
127,149,26597
115,160,26598
102,165,26599
97,166,26600
87,166,26601
72,160,26602
70,159,26603
61,151,26604
56,145,26605
48,128,26606
46,117,26607
45,110,26608
46,98,26609
62,65,26610
62,64,26611
70,57,26612
83,50,26613
98,47,26614
112,49,26615
114,49,26616
124,53,26617
138,64,26618
148,78,26619
153,89,26620
157,109,26621
158,116,26622
155,137,26623
146,158,26624
141,166,26625
130,177,26626
113,186,26627
99,189,26628
85,189,26629
83,189,26630
61,180,26631
39,157,26632
38,156,26633
31,142,26634
26,117,26635
25,108,26636
29,82,26637
40,58,26638
42,55,26639
50,45,26640
72,30,26641
87,25,26642
105,24,26643
121,27,26644
129,30,26645
154,50,26646
157,53,26647
166,67,26648
176,97,26649
178,119,26650
170,156,26651
173,149,26652
151,187,26653
148,190,26654
125,206,26655
106,212,26656
96,213,26657
79,212,26658
61,206,26659
37,189,26660
22,170,26661
12,149,26662
6,124,26663
5,110,26664
12,69,26665
12,68,26666
20,50,26667
43,22,26668
59,11,26669
88,1,26670
94,113,26671
93,113,26672
92,109,26673
92,107,26674
93,106,26675
96,103,26676
98,102,26677
100,102,26678
104,104,26679
107,107,26680
106,104,26681
109,111,26682
110,112,26683
110,118,26684
108,124,26685
108,125,26686
105,129,26687
101,132,26688
96,134,26689
91,134,26690
83,130,26691
86,133,26692
80,128,26693
76,122,26694
74,115,26695
73,113,26696
74,102,26697
75,97,26698
79,91,26699
84,85,26700
86,83,26701
91,81,26702
98,79,26703
106,80,26704
109,81,26705
118,87,26706
121,90,26707
125,96,26708
129,106,26709
130,114,26710
129,125,26711
125,137,26712
121,143,26713
115,149,26714
110,153,26715
100,157,26716
90,157,26717
79,154,26718
76,153,26719
65,143,26720
60,136,26721
57,130,26722
55,124,26723
53,112,26724
55,93,26725
61,80,26726
66,73,26727
71,67,26728
84,59,26729
92,57,26730
102,56,26731
113,58,26732
118,60,26733
129,67,26734
142,84,26735
143,85,26736
149,107,26737
150,113,26738
148,133,26739
139,154,26740
135,160,26741
127,168,26742
120,173,26743
110,178,26744
95,181,26745
84,180,26746
70,175,26747
48,156,26748
47,155,26749
41,145,26750
35,127,26751
33,113,26752
33,103,26753
43,69,26754
48,61,26755
56,51,26756
77,37,26757
92,33,26758
111,34,26759
120,36,26760
123,37,26761
145,52,26762
154,63,26763
164,82,26764
166,88,26765
170,121,26766
170,123,26767
155,168,26768
151,174,26769
141,185,26770
128,195,26771
114,201,26772
96,204,26773
86,204,26774
67,199,26775
38,178,26776
37,177,26777
24,157,26778
16,136,26779
13,114,26780
17,79,26781
24,60,26782
31,48,26783
43,33,26784
54,24,26785
79,12,26786
102,9,26787
124,13,26788
144,23,26789
150,27,26790
165,42,26791
181,69,26792
189,100,26793
190,108,26794
189,132,26795
183,158,26796
175,176,26797
98,110,26798
100,110,26799
101,111,26800
102,111,26801
103,115,26802
103,117,26803
101,121,26804
98,124,26805
96,125,26806
92,125,26807
93,126,26808
88,124,26809
86,123,26810
82,116,26811
81,113,26812
81,110,26813
81,105,26814
83,99,26815
85,96,26816
89,92,26817
90,91,26818
92,89,26819
99,88,26820
106,89,26821
111,92,26822
114,94,26823
117,98,26824
121,106,26825
122,118,26826
122,121,26827
121,126,26828
116,136,26829
116,137,26830
111,142,26831
102,147,26832
91,148,26833
89,148,26834
80,145,26835
74,141,26836
68,134,26837
63,123,26838
62,121,26839
61,111,26840
61,103,26841
64,91,26842
66,86,26843
76,74,26844
77,73,26845
90,66,26846
102,65,26847
109,66,26848
118,70,26849
124,74,26850
129,79,26851
137,91,26852
140,100,26853
142,120,26854
142,124,26855
140,133,26856
132,150,26857
131,152,26858
120,163,26859
102,171,26860
103,171,26861
81,170,26862
71,166,26863
57,154,26864
52,148,26865
47,139,26866
42,124,26867
41,112,26868
41,102,26869
44,86,26870
54,66,26871
63,56,26872
64,55,26873
94,42,26874
106,42,26875
116,44,26876
127,49,26877
137,56,26878
147,67,26879
157,86,26880
158,88,26881
162,112,26882
161,132,26883
160,137,26884
147,166,26885
135,179,26886
124,187,26887
113,192,26888
89,195,26889
81,194,26890
64,188,26891
59,185,26892
41,169,26893
33,157,26894
22,126,26895
21,104,26896
21,100,26897
24,82,26898
36,55,26899
45,43,26900
56,33,26901
69,25,26902
95,18,26903
116,20,26904
136,28,26905
138,29,26906
154,42,26907
174,73,26908
176,78,26909
182,123,26910
180,140,26911
179,145,26912
167,174,26913
157,188,26914
147,198,26915
120,214,26916
104,218,26917
83,218,26918
57,210,26919
50,206,26920
29,188,26921
18,173,26922
6,146,26923
2,128,26924
97,113,26925
95,117,26926
94,117,26927
92,118,26928
90,115,26929
89,111,26930
88,110,26931
88,108,26932
90,103,26933
91,101,26934
92,99,26935
95,98,26936
98,97,26937
102,97,26938
107,100,26939
108,100,26940
113,108,26941
114,111,26942
115,115,26943
114,122,26944
113,125,26945
113,127,26946
107,134,26947
100,138,26948
97,139,26949
96,140,26950
86,138,26951
83,137,26952
78,133,26953
75,130,26954
70,121,26955
69,113,26956
68,108,26957
70,97,26958
74,89,26959
76,86,26960
82,80,26961
87,77,26962
94,74,26963
102,74,26964
113,77,26965
117,79,26966
123,85,26967
130,95,26968
132,99,26969
134,106,26970
135,117,26971
130,137,26972
130,138,26973
123,149,26974
116,155,26975
110,159,26976
96,163,26977
93,163,26978
81,161,26979
69,154,26980
58,142,26981
58,143,26982
52,130,26983
49,103,26984
48,110,26985
51,90,26986
55,80,26987
59,73,26988
74,58,26989
77,56,26990
103,51,26991
108,51,26992
120,55,26993
124,57,26994
144,78,26995
149,88,26996
152,95,26997
153,99,26998
155,115,26999
153,133,27000
141,160,27001
140,162,27002
122,178,27003
109,184,27004
98,186,27005
103,186,27006
75,183,27007
58,174,27008
47,163,27009
36,145,27010
36,146,27011
29,122,27012
28,109,27013
32,83,27014
40,64,27015
49,51,27016
55,45,27017
67,36,27018
96,27,27019
101,27,27020
112,28,27021
134,37,27022
154,55,27023
161,65,27024
169,81,27025
173,96,27026
175,117,27027
171,145,27028
162,166,27029
162,167,27030
148,186,27031
118,205,27032
105,209,27033
92,210,27034
63,203,27035
44,191,27036
35,182,27037
19,158,27038
20,161,27039
9,122,27040
8,107,27041
13,75,27042
21,55,27043
23,51,27044
52,19,27045
55,17,27046
91,4,27047
89,4,27048
133,11,27049
138,13,27050
159,28,27051
95,112,27052
94,110,27053
96,107,27054
97,105,27055
98,105,27056
103,107,27057
104,107,27058
106,110,27059
107,114,27060
107,117,27061
107,119,27062
104,125,27063
105,125,27064
100,129,27065
95,130,27066
94,131,27067
87,129,27068
85,128,27069
82,125,27070
79,122,27071
77,114,27072
76,115,27073
77,102,27074
78,99,27075
80,94,27076
81,92,27077
87,87,27078
89,85,27079
105,84,27080
99,82,27081
110,85,27082
117,90,27083
120,94,27084
125,103,27085
126,107,27086
127,114,27087
126,125,27088
121,137,27089
119,141,27090
114,146,27091
107,151,27092
100,153,27093
93,154,27094
82,152,27095
78,150,27096
73,147,27097
61,131,27098
60,129,27099
59,128,27100
56,111,27101
57,98,27102
60,88,27103
67,76,27104
70,72,27105
83,63,27106
96,60,27107
107,60,27108
114,62,27109
127,70,27110
133,76,27111
138,83,27112
143,93,27113
146,103,27114
147,120,27115
146,129,27116
140,147,27117
131,159,27118
122,168,27119
111,174,27120
99,177,27121
91,177,27122
72,172,27123
75,174,27124
59,164,27125
50,154,27126
39,131,27127
37,121,27128
36,106,27129
38,90,27130
42,78,27131
56,56,27132
57,54,27133
67,46,27134
90,37,27135
99,36,27136
118,39,27137
126,42,27138
146,58,27139
155,71,27140
162,85,27141
165,95,27142
167,120,27143
166,131,27144
159,155,27145
151,169,27146
143,179,27147
134,187,27148
107,199,27149
85,200,27150
79,199,27151
64,194,27152
52,187,27153
35,169,27154
22,145,27155
17,126,27156
16,104,27157
16,100,27158
24,68,27159
35,47,27160
42,39,27161
54,28,27162
93,13,27163
105,13,27164
119,15,27165
133,20,27166
143,26,27167
164,46,27168
180,75,27169
184,88,27170
187,109,27171
184,144,27172
175,169,27173
168,182,27174
158,195,27175
144,207,27176
119,220,27177
98,224,27178
97,112,27179
100,113,27180
100,116,27181
100,119,27182
99,120,27183
96,122,27184
94,122,27185
91,122,27186
87,118,27187
86,117,27188
86,119,27189
84,110,27190
83,110,27191
84,104,27192
87,99,27193
88,97,27194
93,93,27195
96,92,27196
102,92,27197
104,92,27198
110,96,27199
109,94,27200
116,102,27201
118,107,27202
119,113,27203
120,115,27204
117,127,27205
118,127,27206
110,138,27207
107,141,27208
103,143,27209
95,145,27210
92,145,27211
86,144,27212
78,140,27213
69,129,27214
68,128,27215
64,114,27216
64,116,27217
64,103,27218
66,94,27219
72,83,27220
80,75,27221
87,71,27222
92,69,27223
91,69,27224
106,69,27225
121,76,27226
123,77,27227
131,87,27228
133,90,27229
137,100,27230
139,121,27231
139,126,27232
135,139,27233
127,151,27234
123,156,27235
120,159,27236
110,165,27237
91,168,27238
87,168,27239
79,166,27240
65,158,27241
55,147,27242
51,140,27243
45,124,27244
44,107,27245
44,99,27246
50,79,27247
56,69,27248
68,56,27249
71,54,27250
89,46,27251
96,45,27252
104,45,27253
124,51,27254
135,59,27255
143,67,27256
152,82,27257
156,92,27258
159,123,27259
159,127,27260
156,141,27261
145,163,27262
130,179,27263
126,182,27264
108,190,27265
95,192,27266
80,190,27267
62,183,27268
57,180,27269
36,156,27270
29,141,27271
27,135,27272
24,117,27273
24,97,27274
27,82,27275
40,55,27276
48,45,27277
59,35,27278
77,25,27279
93,22,27280
118,24,27281
133,30,27282
141,35,27283
162,57,27284
164,60,27285
176,88,27286
178,97,27287
178,136,27288
170,161,27289
165,171,27290
150,191,27291
138,201,27292
126,208,27293
107,214,27294
80,214,27295
68,211,27296
46,199,27297
37,192,27298
17,165,27299
11,152,27300
4,120,27301
3,109,27302
9,72,27303
23,42,27304
32,30,27305
