138,165,1
136,166,2
132,166,3
131,166,4
128,162,5
127,160,6
126,158,7
126,153,8
127,150,9
132,143,10
131,143,11
138,140,12
140,139,13
149,141,14
154,144,15
156,146,16
161,154,17
162,160,18
163,165,19
161,177,20
159,182,21
154,189,22
150,193,23
142,197,24
136,198,25
128,198,26
120,195,27
109,187,28
102,175,29
99,165,30
98,161,31
98,151,32
101,138,33
104,130,34
117,115,35
127,109,36
131,107,37
141,106,38
160,110,39
169,116,40
175,122,41
181,129,42
190,152,43
191,171,44
190,180,45
189,185,46
177,209,47
165,221,48
160,224,49
143,231,50
125,231,51
109,226,52
99,220,53
85,206,54
82,201,55
73,180,56
70,168,57
70,144,58
77,118,59
85,104,60
95,92,61
114,79,62
129,74,63
155,74,64
168,78,65
178,83,66
198,101,67
213,127,68
215,133,69
220,160,70
216,195,71
214,202,72
197,233,73
191,240,74
175,253,75
155,262,76
120,264,77
98,257,78
81,246,79
58,219,80
57,218,81
42,174,82
41,147,83
46,118,84
49,109,85
57,92,86
83,61,87
110,45,88
129,40,89
155,40,90
179,47,91
198,58,92
214,72,93
232,98,94
244,129,95
248,150,96
245,199,97
238,222,98
229,240,99
210,265,100
182,286,101
156,296,102
115,297,103
94,291,104
64,273,105
43,251,106
25,220,107
16,192,108
12,148,109
14,129,110
30,79,111
47,53,112
58,41,113
96,15,114
115,9,115
159,7,116
176,11,117
200,21,118
231,45,119
136,160,120
135,156,121
137,153,122
138,152,123
144,152,124
146,153,125
147,153,126
151,159,127
152,161,128
152,167,129
152,169,130
148,178,131
144,182,132
141,184,133
136,185,134
134,186,135
127,185,136
119,180,137
118,180,138
111,167,139
110,165,140
109,152,141
109,149,142
115,134,143
123,126,144
125,124,145
130,121,146
138,119,147
151,120,148
162,126,149
169,132,150
170,133,151
178,150,152
180,160,153
180,171,154
179,179,155
176,189,156
164,206,157
151,215,158
146,217,159
127,218,160
123,218,161
105,209,162
101,206,163
91,194,164
82,171,165
81,167,166
81,145,167
84,131,168
94,111,169
103,101,170
123,89,171
125,88,172
144,85,173
159,88,174
178,98,175
194,115,176
201,128,177
202,129,178
209,161,179
207,186,180
199,209,181
192,220,182
181,233,183
174,239,184
139,252,185
120,251,186
109,248,187
89,237,188
77,226,189
67,212,190
57,190,191
52,148,192
52,145,193
61,109,194
66,99,195
84,76,196
109,59,197
138,52,198
154,53,199
168,56,200
191,68,201
206,81,202
229,118,203
235,140,204
238,165,205
235,192,206
229,214,207
221,231,208
189,267,209
168,279,210
156,283,211
129,286,212
98,279,213
79,269,214
46,235,215
35,215,216
25,181,217
23,149,218
24,137,219
34,98,220
46,74,221
60,56,222
103,26,223
119,21,224
150,19,225
194,32,226
218,49,227
225,56,228
252,97,229
257,109,230
266,156,231
264,195,232
251,238,233
244,251,234
223,279,235
196,301,236
150,318,237
102,315,238
138,160,239
142,162,240
142,167,241
140,170,242
138,172,243
136,173,244
133,174,245
130,173,246
125,170,247
123,167,248
121,164,249
120,158,250
119,155,251
120,150,252
125,140,253
129,136,254
133,133,255
137,132,256
142,131,257
152,134,258
157,137,259
162,142,260
166,148,261
168,154,262
169,171,263
169,173,264
165,185,265
162,191,266
149,202,267
145,204,268
136,206,269
127,206,270
115,201,271
108,196,272
98,183,273
96,179,274
92,167,275
92,144,276
96,131,277
103,119,278
109,112,279
115,107,280
129,100,281
143,98,282
159,101,283
171,108,284
179,115,285
188,127,286
197,153,287
197,151,288
198,170,289
193,194,290
187,207,291
181,216,292
165,230,293
146,238,294
125,239,295
111,235,296
109,235,297
90,222,298
76,205,299
68,188,300
63,161,301
66,129,302
66,128,303
79,100,304
92,85,305
115,70,306
129,66,307
133,65,308
169,70,309
184,78,310
198,90,311
216,116,312
223,136,313
227,164,314
223,196,315
222,200,316
208,230,317
182,257,318
171,264,319
159,269,320
128,273,321
107,269,322
78,253,323
67,243,324
44,207,325
38,189,326
34,148,327
38,122,328
49,92,329
61,73,330
79,54,331
91,46,332
130,32,333
153,32,334
165,34,335
200,50,336
218,66,337
238,94,338
253,138,339
255,176,340
252,199,341
242,230,342
236,242,343
210,275,344
175,298,345
160,303,346
114,305,347
91,298,348
63,282,349
46,266,350
19,224,351
8,187,352
5,156,353
11,110,354
13,103,355
35,57,356
53,36,357
137,162,358
132,162,359
131,160,360
130,157,361
130,153,362
131,151,363
132,149,364
135,146,365
141,144,366
142,143,367
147,145,368
152,148,369
155,152,370
158,160,371
159,163,372
158,171,373
158,174,374
151,185,375
151,186,376
144,191,377
136,193,378
134,194,379
120,190,380
116,187,381
110,181,382
106,174,383
103,161,384
102,158,385
103,145,386
108,132,387
111,127,388
125,115,389
130,113,390
144,111,391
155,113,392
161,116,393
167,120,394
177,131,395
185,149,396
187,161,397
186,176,398
182,192,399
180,196,400
173,207,401
161,218,402
152,223,403
132,227,404
117,224,405
104,218,406
91,206,407
81,190,408
79,185,409
74,163,410
74,143,411
77,131,412
84,114,413
102,92,414
119,82,415
128,79,416
150,78,417
163,81,418
180,90,419
197,107,420
203,116,421
214,146,422
216,164,423
214,185,424
211,198,425
202,218,426
182,242,427
167,252,428
146,259,429
127,260,430
108,256,431
81,240,432
72,231,433
63,219,434
47,179,435
45,161,436
48,129,437
49,123,438
57,101,439
89,62,440
100,55,441
129,45,442
141,44,443
164,47,444
193,60,445
212,77,446
234,112,447
236,117,448
244,156,449
244,181,450
237,212,451
230,229,452
201,267,453
171,286,454
156,291,455
119,293,456
90,284,457
79,278,458
52,255,459
31,223,460
25,208,461
16,153,462
18,131,463
23,108,464
38,74,465
52,54,466
76,32,467
119,13,468
160,12,469
187,20,470
201,27,471
233,54,472
257,91,473
263,106,474
273,156,475
269,204,476
138,156,477
140,155,478
141,155,479
144,156,480
147,161,481
148,164,482
149,165,483
148,169,484
147,172,485
143,177,486
138,180,487
132,181,488
130,181,489
126,179,490
118,172,491
117,171,492
114,165,493
113,157,494
114,147,495
116,141,496
117,139,497
122,132,498
128,127,499
139,124,500
147,124,501
151,125,502
166,136,503
164,133,504
172,146,505
176,160,506
176,170,507
176,173,508
169,192,509
162,202,510
155,207,511
142,213,512
137,214,513
120,212,514
113,209,515
99,197,516
91,184,517
91,185,518
85,162,519
85,147,520
87,136,521
94,119,522
99,112,523
109,102,524
134,91,525
140,90,526
151,91,527
168,97,528
187,113,529
193,121,530
199,134,531
204,154,532
205,166,533
202,189,534
194,209,535
185,222,536
170,236,537
146,246,538
126,247,539
107,242,540
89,231,541
77,219,542
68,205,543
63,194,544
56,162,545
57,138,546
66,109,547
72,98,548
92,75,549
93,74,550
114,62,551
147,57,552
164,60,553
177,65,554
207,89,555
221,111,556
224,117,557
232,147,558
232,187,559
222,219,560
210,240,561
192,259,562
169,273,563
152,279,564
131,281,565
107,277,566
72,258,567
58,244,568
50,234,569
29,178,570
27,154,571
28,139,572
39,97,573
52,73,574
79,45,575
83,42,576
109,29,577
128,24,578
183,32,579
203,43,580
231,70,581
251,106,582
250,103,583
262,156,584
259,199,585
256,211,586
244,242,587
227,268,588
200,293,589
152,313,590
141,314,591
90,306,592
63,291,593
37,267,594
18,238,595
140,163,596
138,167,597
137,168,598
135,169,599
130,168,600
129,167,601
127,166,602
125,163,603
124,157,604
124,152,605
124,150,606
130,141,607
132,139,608
137,137,609
142,136,610
148,137,611
154,140,612
157,143,613
161,148,614
165,161,615
165,170,616
165,172,617
164,177,618
161,184,619
152,194,620
147,198,621
135,201,622
133,202,623
119,198,624
113,194,625
104,185,626
100,178,627
97,168,628
96,147,629
97,142,630
101,130,631
107,120,632
116,112,633
133,104,634
144,103,635
153,105,636
156,105,637
178,121,638
181,124,639
187,134,640
194,163,641
194,167,642
188,195,643
182,207,644
174,217,645
163,226,646
149,232,647
134,235,648
118,233,649
103,226,650
86,211,651
82,206,652
72,186,653
69,177,654
67,149,655
73,121,656
81,105,657
97,87,658
111,77,659
127,71,660
136,70,661
166,74,662
187,86,663
200,99,664
204,104,665
215,125,666
221,148,667
220,190,668
215,207,669
203,230,670
191,244,671
177,255,672
164,262,673
129,268,674
98,260,675
90,256,676
62,230,677
55,220,678
44,195,679
40,178,680
38,154,681
46,110,682
62,79,683
75,64,684
92,51,685
129,37,686
140,36,687
157,37,688
196,53,689
219,74,690
234,96,691
244,119,692
251,155,693
251,175,694
247,202,695
233,238,696
209,270,697
177,292,698
160,298,699
145,301,700
97,295,701
83,289,702
52,266,703
40,252,704
18,209,705
11,179,706
10,140,707
19,98,708
36,63,709
46,50,710
94,13,711
107,8,712
159,4,713
177,8,714
134,160,715
133,158,716
133,156,717
135,152,718
138,149,719
141,149,720
142,148,721
147,150,722
150,152,723
152,155,724
154,161,725
154,170,726
155,168,727
151,178,728
150,180,729
144,185,730
140,188,731
133,189,732
127,188,733
120,184,734
116,181,735
110,173,736
109,171,737
106,156,738
108,144,739
112,134,740
117,127,741
124,121,742
126,120,743
140,116,744
147,116,745
153,117,746
168,127,747
173,133,748
178,142,749
182,155,750
183,162,751
181,181,752
179,188,753
166,208,754
153,217,755
142,221,756
131,222,757
120,220,758
108,215,759
97,206,760
90,197,761
82,181,762
79,170,763
78,146,764
82,129,765
88,116,766
98,102,767
104,96,768
125,85,769
133,83,770
162,86,771
180,96,772
183,98,773
194,110,774
208,139,775
210,148,776
210,183,777
207,196,778
203,207,779
184,234,780
166,247,781
158,251,782
127,255,783
114,253,784
96,245,785
79,232,786
61,207,787
59,203,788
49,158,789
51,133,790
56,115,791
63,99,792
81,75,793
103,59,794
123,51,795
146,49,796
157,50,797
184,60,798
211,83,799
228,109,800
232,119,801
238,140,802
240,176,803
235,203,804
224,231,805
206,256,806
197,265,807
159,285,808
132,289,809
91,279,810
83,275,811
57,254,812
38,227,813
28,204,814
21,168,815
21,139,816
26,113,817
40,79,818
65,47,819
80,35,820
100,24,821
132,16,822
161,17,823
214,42,824
228,55,825
237,66,826
262,116,827
269,159,828
268,185,829
254,237,830
247,251,831
219,287,832
176,314,833
140,158,834
143,160,835
144,162,836
144,167,837
144,168,838
142,171,839
140,174,840
136,176,841
131,176,842
128,175,843
127,175,844
121,169,845
119,165,846
117,159,847
117,155,848
118,148,849
119,144,850
126,135,851
128,133,852
137,129,853
147,129,854
145,128,855
155,132,856
163,139,857
167,145,858
170,152,859
172,167,860
172,172,861
166,189,862
161,196,863
157,200,864
148,206,865
135,209,866
124,208,867
118,206,868
106,198,869
98,189,870
95,183,871
89,163,872
89,149,873
95,128,874
98,121,875
106,111,876
111,106,877
129,97,878
140,95,879
158,98,880
161,99,881
178,110,882
189,123,883
196,138,884
200,156,885
200,178,886
200,179,887
190,207,888
179,222,889
169,231,890
147,241,891
133,243,892
119,241,893
98,232,894
89,225,895
72,203,896
64,184,897
62,176,898
60,153,899
65,123,900
77,98,901
86,87,902
98,76,903
128,63,904
138,62,905
150,62,906
189,78,907
196,84,908
213,105,909
226,137,910
229,155,911
229,175,912
224,201,913
208,235,914
206,238,915
175,265,916
159,272,917
135,276,918
104,271,919
91,265,920
72,252,921
46,218,922
40,204,923
34,183,924
32,140,925
39,108,926
46,92,927
60,70,928
84,47,929
104,36,930
128,29,931
165,31,932
189,40,933
221,65,934
240,92,935
247,107,936
258,161,937
258,171,938
246,227,939
239,242,940
211,278,941
193,292,942
151,308,943
144,309,944
105,306,945
71,291,946
54,278,947
27,245,948
15,221,949
7,195,950
3,143,951
8,112,952
138,162,953
135,165,954
133,165,955
129,161,956
128,159,957
128,154,958
127,155,959
128,151,960
133,144,961
137,142,962
139,141,963
142,141,964
150,143,965
155,148,966
157,150,967
159,154,968
161,160,969
161,169,970
158,180,971
157,182,972
152,189,973
146,193,974
140,196,975
129,196,976
127,196,977
115,190,978
110,185,979
106,180,980
101,167,981
100,149,982
100,147,983
103,136,984
113,121,985
113,120,986
134,109,987
139,108,988
147,108,989
155,110,990
170,119,991
178,128,992
186,144,993
189,155,994
189,176,995
188,182,996
184,194,997
178,205,998
167,217,999
152,226,1000
143,229,1001
123,229,1002
109,224,1003
90,209,1004
89,208,1005
76,186,1006
73,174,1007
71,153,1008
75,128,1009
79,118,1010
87,104,1011
110,83,1012
124,77,1013
134,75,1014
156,76,1015
179,86,1016
187,92,1017
206,116,1018
213,132,1019
218,156,1020
217,183,1021
215,194,1022
202,223,1023
185,243,1024
180,247,1025
152,261,1026
138,263,1027
125,263,1028
88,249,1029
80,243,1030
58,216,1031
51,201,1032
43,170,1033
43,140,1034
45,128,1035
58,94,1036
71,75,1037
94,55,1038
131,42,1039
128,42,1040
165,44,1041
185,52,1042
215,76,1043
228,94,1044
241,123,1045
247,162,1046
247,170,1047
239,214,1048
227,240,1049
219,252,1050
196,275,1051
160,293,1052
145,296,1053
114,295,1054
67,273,1055
68,274,1056
35,236,1057
19,197,1058
16,184,1059
16,127,1060
17,121,1061
30,83,1062
43,61,1063
65,37,1064
118,10,1065
123,9,1066
180,14,1067
194,20,1068
239,57,1069
255,81,1070
262,96,1071
136,157,1072
137,154,1073
139,154,1074
142,152,1075
146,155,1076
148,157,1077
149,158,1078
151,163,1079
151,165,1080
149,172,1081
147,177,1082
146,178,1083
141,182,1084
134,184,1085
129,183,1086
127,183,1087
120,179,1088
116,174,1089
112,167,1090
111,159,1091
110,155,1092
112,144,1093
115,137,1094
122,128,1095
129,124,1096
137,121,1097
145,121,1098
148,121,1099
162,128,1100
168,134,1101
175,145,1102
178,155,1103
179,166,1104
178,176,1105
174,188,1106
170,196,1107
162,206,1108
148,214,1109
137,217,1110
124,216,1111
112,211,1112
107,209,1113
91,190,1114
88,185,1115
84,173,1116
82,151,1117
83,142,1118
93,116,1119
95,113,1120
109,98,1121
122,91,1122
134,88,1123
156,89,1124
160,90,1125
180,102,1126
191,114,1127
199,127,1128
207,157,1129
207,152,1130
206,182,1131
193,216,1132
188,223,1133
161,244,1134
162,244,1135
140,250,1136
114,248,1137
91,236,1138
87,233,1139
66,207,1140
62,199,1141
55,175,1142
54,141,1143
56,130,1144
63,109,1145
76,87,1146
103,64,1147
114,59,1148
136,54,1149
161,56,1150
189,69,1151
194,72,1152
221,105,1153
227,117,1154
233,137,1155
236,163,1156
234,190,1157
221,227,1158
209,246,1159
189,265,1160
162,279,1161
136,284,1162
110,281,1163
85,271,1164
70,260,1165
48,235,1166
37,215,1167
27,183,1168
25,141,1169
29,118,1170
47,76,1171
71,48,1172
78,42,1173
108,26,1174
123,22,1175
161,22,1176
197,36,1177
214,48,1178
240,78,1179
249,94,1180
263,141,1181
265,168,1182
258,214,1183
247,242,1184
230,269,1185
189,303,1186
183,306,1187
150,316,1188
101,313,1189
71,300,1190
139,160,1191
141,165,1192
141,166,1193
139,169,1194
136,171,1195
131,171,1196
132,172,1197
125,167,1198
124,166,1199
122,162,1200
121,157,1201
122,149,1202
124,144,1203
126,141,1204
129,138,1205
134,135,1206
141,133,1207
148,134,1208
151,135,1209
161,144,1210
165,151,1211
167,156,1212
168,161,1213
168,168,1214
164,183,1215
160,190,1216
156,195,1217
151,199,1218
142,203,1219
130,204,1220
118,201,1221
116,200,1222
103,188,1223
97,177,1224
94,166,1225
93,152,1226
93,147,1227
97,133,1228
103,122,1229
109,114,1230
127,103,1231
132,101,1232
155,102,1233
168,108,1234
175,113,1235
181,120,1236
191,137,1237
194,146,1238
196,154,1239
195,182,1240
191,195,1241
180,214,1242
169,225,1243
159,232,1244
140,237,1245
119,236,1246
106,231,1247
94,223,1248
88,218,1249
69,186,1250
65,169,1251
64,154,1252
70,122,1253
74,112,1254
87,92,1255
101,80,1256
124,69,1257
135,67,1258
164,70,1259
176,75,1260
189,84,1261
207,104,1262
214,116,1263
224,148,1264
224,182,1265
222,194,1266
214,216,1267
196,243,1268
174,260,1269
154,268,1270
139,271,1271
119,270,1272
101,265,1273
83,255,1274
53,221,1275
43,200,1276
37,175,1277
36,170,1278
43,110,1279
59,79,1280
72,63,1281
81,55,1282
92,47,1283
143,33,1284
172,38,1285
188,45,1286
215,65,1287
226,78,1288
241,104,1289
250,131,1290
254,165,1291
251,196,1292
231,247,1293
214,269,1294
187,290,1295
156,302,1296
151,303,1297
121,304,1298
86,294,1299
61,278,1300
32,245,1301
18,217,1302
13,202,1303
7,146,1304
14,105,1305
22,84,1306
33,63,1307
77,19,1308
111,4,1309
136,162,1310
132,161,1311
132,158,1312
132,153,1313
132,151,1314
136,148,1315
136,147,1316
139,146,1317
144,146,1318
148,147,1319
153,152,1320
155,155,1321
157,162,1322
157,164,1323
157,170,1324
152,181,1325
154,180,1326
143,189,1327
142,190,1328
130,191,1329
124,190,1330
121,189,1331
116,185,1332
110,178,1333
105,166,1334
104,152,1335
104,151,1336
105,143,1337
110,132,1338
115,125,1339
125,117,1340
132,114,1341
144,113,1342
159,117,1343
168,123,1344
174,130,1345
176,132,1346
183,148,1347
185,155,1348
184,180,1349
176,199,1350
174,203,1351
159,217,1352
150,222,1353
143,224,1354
131,225,1355
110,219,1356
103,215,1357
88,199,1358
84,193,1359
77,173,1360
75,154,1361
76,143,1362
85,115,1363
97,99,1364
108,90,1365
121,83,1366
135,80,1367
141,79,1368
160,82,1369
177,90,1370
198,111,1371
206,126,1372
211,140,1373
214,160,1374
211,192,1375
206,206,1376
197,223,1377
170,248,1378
169,249,1379
139,258,1380
126,258,1381
108,254,1382
86,242,1383
65,219,1384
58,207,1385
47,167,1386
46,156,1387
51,122,1388
61,98,1389
71,82,1390
82,70,1391
108,53,1392
128,47,1393
160,48,1394
188,59,1395
199,67,1396
210,77,1397
230,107,1398
242,150,1399
243,168,1400
238,203,1401
233,219,1402
204,262,1403
203,263,1404
156,289,1405
134,292,1406
132,292,1407
90,282,1408
60,261,1409
50,250,1410
25,203,1411
19,176,1412
18,148,1413
25,107,1414
33,87,1415
56,52,1416
81,31,1417
114,16,1418
133,13,1419
162,14,1420
199,28,1421
229,52,1422
236,60,1423
263,111,1424
271,151,1425
271,181,1426
268,202,1427
253,245,1428
138,157,1429
142,157,1430
143,157,1431
145,159,1432
146,163,1433
146,169,1434
146,171,1435
143,175,1436
141,177,1437
136,179,1438
132,179,1439
127,178,1440
125,177,1441
120,172,1442
118,169,1443
115,161,1444
114,156,1445
115,150,1446
118,141,1447
121,136,1448
126,131,1449
133,127,1450
141,125,1451
153,128,1452
154,128,1453
164,136,1454
171,147,1455
173,153,1456
174,158,1457
174,174,1458
172,182,1459
167,193,1460
160,201,1461
149,209,1462
135,212,1463
130,212,1464
115,208,1465
110,205,1466
103,199,1467
92,183,1468
88,170,1469
86,158,1470
87,144,1471
92,127,1472
98,116,1473
107,106,1474
125,95,1475
128,94,1476
143,92,1477
168,99,1478
180,108,1479
187,116,1480
196,131,1481
202,149,1482
203,169,1483
200,190,1484
198,196,1485
189,214,1486
168,235,1487
159,240,1488
142,245,1489
123,245,1490
112,242,1491
83,223,1492
77,216,1493
66,197,1494
58,166,1495
58,169,1496
62,124,1497
69,106,1498
84,85,1499
104,69,1500
124,61,1501
123,61,1502
149,59,1503
173,65,1504
202,86,1505
213,100,1506
223,119,1507
231,152,1508
232,169,1509
231,182,1510
220,220,1511
201,248,1512
188,260,1513
172,270,1514
132,279,1515
129,279,1516
88,267,1517
68,252,1518
62,246,1519
36,201,1520
31,183,1521
30,137,1522
31,129,1523
43,92,1524
64,61,1525
72,53,1526
93,38,1527
118,28,1528
154,26,1529
176,31,1530
204,46,1531
234,77,1532
249,105,1533
259,143,1534
260,148,1535
255,209,1536
241,244,1537
230,261,1538
210,283,1539
176,304,1540
157,310,1541
121,312,1542
101,308,1543
66,291,1544
31,256,1545
10,215,1546
3,188,1547
139,163,1548
137,167,1549
135,167,1550
134,168,1551
129,165,1552
127,163,1553
126,161,1554
125,157,1555
125,154,1556
129,145,1557
128,145,1558
137,139,1559
139,138,1560
141,138,1561
147,139,1562
151,140,1563
156,144,1564
160,150,1565
163,160,1566
164,165,1567
163,174,1568
161,180,1569
154,191,1570
150,194,1571
137,199,1572
133,200,1573
125,198,1574
115,194,1575
110,189,1576
105,183,1577
101,176,1578
97,160,1579
98,146,1580
99,140,1581
109,121,1582
114,116,1583
121,110,1584
129,107,1585
144,105,1586
155,107,1587
168,114,1588
177,122,1589
187,139,1590
191,151,1591
192,161,1592
191,181,1593
188,191,1594
175,213,1595
165,222,1596
158,227,1597
147,231,1598
119,231,1599
108,227,1600
104,225,1601
85,207,1602
73,184,1603
69,166,1604
69,168,1605
69,142,1606
77,116,1607
85,102,1608
98,88,1609
110,80,1610
133,72,1611
156,73,1612
164,75,1613
191,92,1614
201,103,1615
208,114,1616
215,129,1617
221,163,1618
216,199,1619
214,205,1620
196,236,1621
180,251,1622
166,259,1623
139,266,1624
126,266,1625
102,260,1626
74,241,1627
63,229,1628
55,216,1629
42,181,1630
40,149,1631
41,136,1632
53,97,1633
72,70,1634
81,61,1635
95,51,1636
119,41,1637
144,38,1638
169,42,1639
199,57,1640
216,73,1641
243,122,1642
246,133,1643
250,165,1644
248,189,1645
239,222,1646
223,251,1647
199,276,1648
164,295,1649
152,298,1650
119,299,1651
81,286,1652
57,268,1653
33,238,1654
23,218,1655
14,188,1656
11,152,1657
15,118,1658
26,85,1659
49,49,1660
57,40,1661
90,17,1662
132,5,1663
151,5,1664
186,13,1665
207,24,1666
135,160,1667
134,157,1668
135,154,1669
137,152,1670
141,150,1671
145,151,1672
146,151,1673
150,155,1674
151,156,1675
153,162,1676
153,167,1677
152,172,1678
151,176,1679
146,182,1680
141,185,1681
134,187,1682
132,187,1683
127,186,1684
122,184,1685
113,174,1686
109,164,1687
108,161,1688
108,150,1689
110,142,1690
114,134,1691
117,130,1692
124,123,1693
137,118,1694
146,118,1695
156,121,1696
162,124,1697
168,129,1698
177,144,1699
179,149,1700
181,162,1701
180,179,1702
180,180,1703
173,196,1704
162,209,1705
157,213,1706
139,219,1707
130,220,1708
117,217,1709
103,209,1710
98,205,1711
85,184,1712
80,165,1713
79,155,1714
81,139,1715
82,134,1716
96,107,1717
103,100,1718
122,88,1719
130,85,1720
152,85,1721
160,87,1722
183,101,1723
193,112,1724
198,119,1725
209,151,1726
210,170,1727
207,190,1728
200,209,1729
198,213,1730
183,233,1731
164,246,1732
151,251,1733
125,253,1734
108,249,1735
87,237,1736
69,217,1737
62,205,1738
53,179,1739
51,149,1740
51,143,1741
60,109,1742
77,82,1743
82,76,1744
101,62,1745
140,51,1746
161,53,1747
178,59,1748
184,62,1749
211,85,1750
225,107,1751
237,144,1752
238,151,1753
234,202,1754
228,219,1755
207,252,1756
195,264,1757
184,272,1758
140,287,1759
133,287,1760
103,282,1761
58,252,1762
47,239,1763
42,231,1764
25,186,1765
22,149,1766
29,109,1767
33,97,1768
56,59,1769
80,37,1770
111,22,1771
119,20,1772
166,20,1773
182,25,1774
203,36,1775
242,76,1776
251,92,1777
259,112,1778
267,175,1779
267,181,1780
259,220,1781
228,275,1782
207,295,1783
179,311,1784
150,319,1785
140,159,1786
143,162,1787
143,166,1788
143,167,1789
142,169,1790
138,173,1791
137,174,1792
133,175,1793
130,174,1794
126,172,1795
122,168,1796
120,163,1797
119,159,1798
119,150,1799
120,147,1800
125,138,1801
128,135,1802
137,131,1803
140,130,1804
150,132,1805
151,132,1806
159,137,1807
161,139,1808
169,154,1809
170,161,1810
170,172,1811
167,183,1812
165,188,1813
155,199,1814
153,201,1815
143,206,1816
140,207,1817
124,206,1818
110,199,1819
100,188,1820
95,179,1821
95,180,1822
90,156,1823
91,145,1824
94,134,1825
105,115,1826
107,112,1827
126,100,1828
128,99,1829
139,97,1830
161,101,1831
170,106,1832
186,122,1833
193,135,1834
196,143,1835
199,170,1836
196,188,1837
195,192,1838
189,206,1839
167,230,1840
160,234,1841
151,238,1842
125,240,1843
114,238,1844
97,229,1845
88,222,1846
75,205,1847
64,177,1848
62,149,1849
62,143,1850
66,125,1851
83,93,1852
89,86,1853
115,69,1854
132,64,1855
156,65,1856
164,67,1857
186,78,1858
205,96,1859
216,114,1860
226,145,1861
228,164,1862
226,187,1863
222,203,1864
204,237,1865
195,248,1866
180,260,1867
140,274,1868
119,273,1869
91,263,1870
76,253,1871
62,239,1872
49,220,1873
36,185,1874
33,159,1875
34,137,1876
39,114,1877
47,93,1878
83,50,1879
109,36,1880
115,34,1881
144,30,1882
166,33,1883
208,55,1884
224,71,1885
234,85,1886
251,124,1887
256,174,1888
256,180,1889
248,218,1890
228,256,1891
213,274,1892
167,302,1893
146,307,1894
115,306,1895
108,305,1896
59,280,1897
48,270,1898
27,242,1899
11,204,1900
4,156,1901
6,130,1902
18,86,1903
47,41,1904
137,163,1905
134,164,1906
132,163,1907
130,160,1908
129,157,1909
130,151,1910
130,150,1911
133,146,1912
136,144,1913
139,143,1914
144,143,1915
148,144,1916
154,149,1917
157,154,1918
159,158,1919
160,166,1920
160,167,1921
157,178,1922
155,182,1923
146,191,1924
142,193,1925
140,194,1926
133,195,1927
120,191,1928
114,187,1929
107,178,1930
105,174,1931
101,159,1932
101,156,1933
104,138,1934
108,130,1935
116,120,1936
127,113,1937
132,111,1938
139,110,1939
155,112,1940
165,117,1941
170,121,1942
180,134,1943
187,154,1944
188,164,1945
188,170,1946
182,194,1947
179,200,1948
171,211,1949
163,218,1950
143,227,1951
132,228,1952
113,224,1953
101,217,1954
95,212,1955
80,190,1956
76,180,1957
73,165,1958
73,147,1959
79,122,1960
89,104,1961
97,95,1962
107,87,1963
121,80,1964
152,77,1965
166,81,1966
179,88,1967
190,97,1968
203,114,1969
215,146,1970
217,167,1971
215,186,1972
211,201,1973
196,229,1974
189,237,1975
158,257,1976
155,258,1977
125,261,1978
98,253,1979
88,247,1980
76,237,1981
57,211,1982
50,194,1983
44,153,1984
44,148,1985
49,119,1986
69,80,1987
78,70,1988
101,53,1989
119,46,1990
140,43,1991
179,51,1992
185,54,1993
208,71,1994
233,107,1995
244,145,1996
244,144,1997
241,202,1998
237,215,1999
215,254,2000
193,275,2001
187,279,2002
164,290,2003
132,295,2004
94,287,2005
80,280,2006
58,263,2007
34,231,2008
23,205,2009
15,154,2010
17,130,2011
24,102,2012
36,75,2013
77,30,2014
99,18,2015
123,11,2016
155,10,2017
190,20,2018
198,24,2019
237,57,2020
258,91,2021
272,137,2022
274,171,2023
137,156,2024
138,155,2025
143,155,2026
143,154,2027
147,159,2028
148,161,2029
149,163,2030
149,169,2031
149,170,2032
146,175,2033
141,180,2034
139,181,2035
135,182,2036
127,181,2037
124,179,2038
118,174,2039
115,170,2040
113,163,2041
112,157,2042
112,152,2043
115,141,2044
117,137,2045
121,131,2046
128,126,2047
138,123,2048
148,123,2049
159,128,2050
162,130,2051
169,138,2052
175,151,2053
177,159,2054
177,172,2055
173,186,2056
173,187,2057
162,203,2058
156,208,2059
150,212,2060
130,215,2061
127,215,2062
115,211,2063
95,193,2064
92,189,2065
88,180,2066
84,162,2067
85,140,2068
85,139,2069
93,119,2070
105,104,2071
113,98,2072
124,92,2073
143,89,2074
162,93,2075
175,100,2076
178,102,2077
198,129,2078
201,137,2079
205,152,2080
205,179,2081
201,196,2082
194,211,2083
184,225,2084
170,237,2085
147,247,2086
123,248,2087
118,247,2088
92,235,2089
82,226,2090
68,207,2091
58,182,2092
55,164,2093
56,139,2094
60,122,2095
70,99,2096
81,84,2097
103,66,2098
123,58,2099
156,57,2100
173,62,2101
192,73,2102
216,100,2103
222,110,2104
232,140,2105
234,155,2106
233,186,2107
222,222,2108
214,236,2109
201,252,2110
168,275,2111
160,278,2112
131,282,2113
93,273,2114
84,268,2115
70,258,2116
45,227,2117
31,193,2118
26,153,2119
31,117,2120
35,104,2121
47,79,2122
70,51,2123
101,31,2124
118,25,2125
142,22,2126
166,25,2127
205,43,2128
221,57,2129
248,96,2130
253,108,2131
262,145,2132
261,193,2133
257,212,2134
235,259,2135
214,283,2136
186,303,2137
161,312,2138
109,313,2139
77,301,2140
62,292,2141
42,274,2142
140,162,2143
140,165,2144
139,167,2145
135,170,2146
133,170,2147
129,169,2148
126,166,2149
124,163,2150
123,160,2151
123,154,2152
123,151,2153
126,144,2154
129,140,2155
132,138,2156
137,136,2157
140,135,2158
152,138,2159
154,139,2160
158,142,2161
163,151,2162
166,160,2163
167,165,2164
165,177,2165
162,184,2166
156,192,2167
149,198,2168
145,200,2169
140,202,2170
128,202,2171
119,199,2172
113,196,2173
101,182,2174
97,172,2175
95,163,2176
95,149,2177
96,141,2178
103,124,2179
112,114,2180
117,110,2181
132,103,2182
150,103,2183
147,102,2184
169,111,2185
179,120,2186
186,130,2187
190,139,2188
194,153,2189
194,178,2190
188,198,2191
185,204,2192
170,222,2193
159,229,2194
143,235,2195
137,236,2196
108,230,2197
98,224,2198
88,215,2199
75,196,2200
68,177,2201
66,162,2202
66,147,2203
72,121,2204
82,102,2205
96,86,2206
105,79,2207
135,69,2208
151,69,2209
164,72,2210
179,79,2211
189,86,2212
207,107,2213
216,125,2214
223,157,2215
222,185,2216
217,205,2217
205,229,2218
196,240,2219
182,253,2220
147,268,2221
135,269,2222
118,268,2223
85,254,2224
77,248,2225
59,228,2226
40,182,2227
37,159,2228
40,128,2229
45,109,2230
51,95,2231
76,62,2232
98,46,2233
109,41,2234
149,35,2235
169,39,2236
211,64,2237
209,62,2238
236,97,2239
241,108,2240
251,146,2241
251,186,2242
239,228,2243
235,237,2244
217,263,2245
185,289,2246
152,301,2247
122,302,2248
109,300,2249
84,291,2250
59,274,2251
21,220,2252
12,191,2253
10,178,2254
13,115,2255
17,100,2256
32,68,2257
60,34,2258
89,14,2259
114,5,2260
160,3,2261
137,161,2262
133,160,2263
133,154,2264
134,152,2265
135,150,2266
139,148,2267
141,147,2268
147,149,2269
146,148,2270
151,151,2271
154,157,2272
155,163,2273
156,167,2274
155,171,2275
152,179,2276
147,184,2277
146,186,2278
138,189,2279
134,190,2280
125,188,2281
119,185,2282
115,182,2283
110,175,2284
106,163,2285
105,155,2286
107,143,2287
109,138,2288
111,133,2289
121,122,2290
132,116,2291
137,115,2292
142,114,2293
162,121,2294
171,129,2295
172,130,2296
180,144,2297
184,160,2298
184,165,2299
182,182,2300
173,201,2301
169,206,2302
159,215,2303
142,222,2304
130,223,2305
122,222,2306
108,216,2307
95,205,2308
88,196,2309
81,181,2310
77,165,2311
77,149,2312
83,124,2313
85,119,2314
98,100,2315
119,86,2316
133,82,2317
141,81,2318
167,87,2319
176,91,2320
195,110,2321
198,114,2322
209,139,2323
212,158,2324
212,177,2325
207,200,2326
201,213,2327
189,230,2328
175,243,2329
141,256,2330
132,257,2331
108,252,2332
83,237,2333
74,228,2334
63,213,2335
53,189,2336
48,161,2337
49,140,2338
54,117,2339
62,99,2340
82,73,2341
95,62,2342
127,49,2343
136,48,2344
157,49,2345
192,64,2346
211,81,2347
222,96,2348
234,121,2349
241,156,2350
237,200,2351
230,221,2352
223,235,2353
213,250,2354
181,277,2355
152,288,2356
132,290,2357
113,288,2358
92,281,2359
49,246,2360
42,236,2361
25,197,2362
21,178,2363
23,121,2364
31,95,2365
36,84,2366
67,44,2367
95,25,2368
105,21,2369
144,14,2370
189,25,2371
207,35,2372
236,63,2373
251,86,2374
257,99,2375
270,161,2376
269,185,2377
256,235,2378
250,248,2379
219,288,2380
139,158,2381
142,158,2382
143,159,2383
145,163,2384
145,167,2385
144,171,2386
142,174,2387
139,176,2388
136,177,2389
130,177,2390
127,176,2391
124,174,2392
121,171,2393
117,162,2394
116,157,2395
116,154,2396
117,147,2397
121,139,2398
124,135,2399
133,129,2400
137,128,2401
144,127,2402
154,130,2403
157,132,2404
167,143,2405
171,152,2406
172,157,2407
173,162,2408
173,171,2409
169,185,2410
161,198,2411
152,205,2412
146,208,2413
136,210,2414
128,210,2415
112,204,2416
104,198,2417
96,187,2418
90,173,2419
88,162,2420
90,139,2421
92,131,2422
99,118,2423
106,109,2424
115,102,2425
128,96,2426
140,94,2427
159,97,2428
162,98,2429
180,110,2430
190,123,2431
195,133,2432
200,149,2433
202,164,2434
197,194,2435
190,209,2436
179,224,2437
161,237,2438
159,238,2439
134,244,2440
109,239,2441
91,228,2442
92,229,2443
69,200,2444
63,184,2445
59,160,2446
59,155,2447
63,126,2448
69,110,2449
87,84,2450
98,75,2451
120,64,2452
134,61,2453
157,62,2454
182,72,2455
206,93,2456
217,110,2457
226,133,2458
230,156,2459
228,189,2460
222,211,2461
220,216,2462
205,241,2463
185,260,2464
147,276,2465
137,277,2466
114,275,2467
96,269,2468
75,256,2469
50,227,2470
37,199,2471
32,177,2472
30,154,2473
43,96,2474
48,86,2475
77,51,2476
95,39,2477
103,35,2478
144,27,2479
166,30,2480
198,44,2481
226,69,2482
236,83,2483
253,122,2484
256,134,2485
256,197,2486
251,217,2487
239,244,2488
215,276,2489
195,292,2490
176,302,2491
147,310,2492
92,303,2493
66,289,2494
39,264,2495
24,242,2496
8,203,2497
3,178,2498
6,116,2499
138,164,2500
135,166,2501
133,166,2502
131,165,2503
128,161,2504
127,158,2505
126,156,2506
127,151,2507
128,149,2508
133,143,2509
135,141,2510
141,140,2511
142,139,2512
149,142,2513
153,144,2514
158,150,2515
160,153,2516
162,168,2517
162,169,2518
161,175,2519
155,187,2520
152,190,2521
143,196,2522
138,197,2523
133,198,2524
119,194,2525
115,191,2526
109,186,2527
102,173,2528
99,162,2529
98,156,2530
99,147,2531
107,127,2532
110,122,2533
123,112,2534
132,108,2535
135,107,2536
152,108,2537
156,109,2538
177,125,2539
179,128,2540
187,143,2541
190,157,2542
191,165,2543
189,182,2544
183,199,2545
171,215,2546
157,225,2547
150,228,2548
137,231,2549
113,227,2550
102,221,2551
94,215,2552
85,205,2553
74,182,2554
70,158,2555
70,153,2556
75,125,2557
80,113,2558
94,94,2559
97,91,2560
124,76,2561
132,74,2562
166,78,2563
171,80,2564
191,94,2565
205,112,2566
213,129,2567
217,143,2568
219,178,2569
211,208,2570
200,228,2571
189,241,2572
170,255,2573
159,260,2574
140,264,2575
107,260,2576
86,249,2577
74,239,2578
52,206,2579
53,209,2580
43,176,2581
41,155,2582
47,117,2583
56,95,2584
77,67,2585
101,50,2586
122,42,2587
147,40,2588
156,41,2589
197,58,2590
219,79,2591
216,75,2592
239,115,2593
248,161,2594
248,168,2595
242,208,2596
230,237,2597
207,267,2598
179,287,2599
160,294,2600
130,298,2601
102,293,2602
73,279,2603
55,264,2604
29,227,2605
17,194,2606
16,189,2607
15,126,2608
17,117,2609
33,75,2610
60,40,2611
86,21,2612
103,13,2613
131,7,2614
183,14,2615
198,21,2616
239,55,2617
245,63,2618
135,158,2619
135,157,2620
138,153,2621
139,152,2622
143,152,2623
146,154,2624
149,156,2625
150,158,2626
152,164,2627
151,170,2628
151,171,2629
147,178,2630
146,180,2631
139,184,2632
133,185,2633
131,185,2634
126,184,2635
119,179,2636
113,172,2637
111,165,2638
110,163,2639
110,147,2640
111,143,2641
117,132,2642
127,124,2643
130,122,2644
138,120,2645
142,119,2646
152,121,2647
161,126,2648
169,133,2649
176,145,2650
179,157,2651
180,167,2652
179,175,2653
172,195,2654
171,197,2655
158,210,2656
149,215,2657
136,218,2658
118,215,2659
116,215,2660
100,204,2661
93,196,2662
85,180,2663
81,160,2664
81,153,2665
84,134,2666
90,119,2667
99,106,2668
105,100,2669
134,87,2670
145,86,2671
146,86,2672
169,93,2673
177,98,2674
191,112,2675
206,145,2676
208,154,2677
207,182,2678
204,195,2679
201,203,2680
189,223,2681
179,234,2682
163,245,2683
142,251,2684
111,248,2685
98,242,2686
83,231,2687
68,213,2688
61,199,2689
53,167,2690
53,140,2691
58,119,2692
65,102,2693
80,81,2694
101,64,2695
106,61,2696
136,53,2697
164,56,2698
176,60,2699
202,78,2700
219,99,2701
228,117,2702
237,162,2703
237,171,2704
232,202,2705
228,215,2706
198,259,2707
180,272,2708
166,279,2709
137,285,2710
112,283,2711
76,266,2712
72,263,2713
36,215,2714
38,220,2715
25,177,2716
24,143,2717
28,118,2718
52,67,2719
60,57,2720
88,34,2721
123,21,2722
140,19,2723
186,29,2724
207,41,2725
226,58,2726
246,86,2727
250,94,2728
264,140,2729
264,192,2730
259,214,2731
243,252,2732
217,284,2733
204,295,2734
157,316,2735
122,318,2736
114,317,2737
140,160,2738
142,164,2739
142,166,2740
140,169,2741
137,172,2742
135,172,2743
134,173,2744
128,171,2745
126,170,2746
123,166,2747
121,162,2748
120,155,2749
120,153,2750
121,148,2751
125,141,2752
130,136,2753
135,133,2754
144,132,2755
151,134,2756
157,138,2757
160,141,2758
164,146,2759
166,150,2760
169,163,2761
167,178,2762
165,184,2763
162,189,2764
157,196,2765
142,204,2766
138,205,2767
126,205,2768
125,205,2769
113,199,2770
105,192,2771
96,177,2772
92,160,2773
92,149,2774
93,143,2775
96,133,2776
103,120,2777
118,106,2778
121,104,2779
145,99,2780
152,100,2781
162,103,2782
179,116,2783
181,118,2784
190,132,2785
196,150,2786
198,165,2787
195,186,2788
189,202,2789
173,223,2790
176,221,2791
147,237,2792
132,239,2793
115,236,2794
99,228,2795
98,228,2796
84,215,2797
69,189,2798
64,168,2799
64,143,2800
65,136,2801
73,111,2802
88,90,2803
99,80,2804
112,72,2805
150,66,2806
153,66,2807
176,74,2808
199,92,2809
207,102,2810
218,122,2811
225,149,2812
226,172,2813
224,189,2814
208,229,2815
197,243,2816
182,256,2817
167,265,2818
139,272,2819
117,271,2820
84,257,2821
69,244,2822
51,220,2823
46,210,2824
37,182,2825
35,141,2826
40,117,2827
52,88,2828
67,67,2829
80,54,2830
109,38,2831
128,33,2832
155,33,2833
187,43,2834
209,58,2835
235,90,2836
249,123,2837
252,136,2838
255,167,2839
248,212,2840
240,233,2841
218,266,2842
194,287,2843
173,298,2844
147,305,2845
101,301,2846
80,292,2847
58,277,2848
29,242,2849
18,220,2850
9,189,2851
6,148,2852
16,96,2853
30,66,2854
58,32,2855
72,21,2856
135,163,2857
134,163,2858
131,159,2859
131,154,2860
130,155,2861
133,149,2862
134,147,2863
138,145,2864
144,145,2865
143,144,2866
148,146,2867
152,149,2868
156,155,2869
158,162,2870
158,168,2871
156,176,2872
156,178,2873
149,186,2874
146,189,2875
139,192,2876
133,193,2877
129,193,2878
118,188,2879
111,181,2880
109,178,2881
105,170,2882
103,153,2883
103,147,2884
105,140,2885
110,130,2886
116,122,2887
129,114,2888
138,112,2889
147,112,2890
158,115,2891
168,122,2892
176,130,2893
182,142,2894
186,157,2895
186,174,2896
183,186,2897
180,195,2898
171,208,2899
169,211,2900
152,222,2901
138,226,2902
123,225,2903
116,223,2904
98,212,2905
89,203,2906
78,181,2907
75,167,2908
74,157,2909
77,132,2910
86,112,2911
90,106,2912
104,91,2913
116,84,2914
140,78,2915
160,81,2916
166,83,2917
193,103,2918
201,114,2919
206,123,2920
212,140,2921
215,171,2922
211,195,2923
206,209,2924
183,240,2925
176,246,2926
163,253,2927
126,259,2928
123,259,2929
93,248,2930
72,230,2931
71,229,2932
57,207,2933
50,189,2934
46,143,2935
56,106,2936
61,95,2937
71,80,2938
85,66,2939
122,47,2940
137,45,2941
149,45,2942
188,58,2943
196,63,2944
224,94,2945
232,109,2946
242,142,2947
244,167,2948
243,184,2949
221,243,2950
219,246,2951
180,281,2952
176,283,2953
153,291,2954
119,292,2955
82,279,2956
70,271,2957
37,233,2958
27,212,2959
18,175,2960
18,135,2961
20,123,2962
29,93,2963
54,53,2964
80,30,2965
99,20,2966
128,12,2967
155,12,2968
183,19,2969
209,33,2970
247,74,2971
259,97,2972
269,130,2973
272,183,2974
261,229,2975
137,158,2976
140,156,2977
142,156,2978
145,157,2979
147,162,2980
147,167,2981
148,166,2982
147,170,2983
144,176,2984
138,179,2985
136,180,2986
130,180,2987
125,178,2988
121,175,2989
117,169,2990
116,168,2991
114,162,2992
114,151,2993
116,143,2994
119,137,2995
122,133,2996
130,127,2997
132,126,2998
142,124,2999
154,127,3000
159,130,3001
167,138,3002
168,139,3003
173,150,3004
176,165,3005
174,179,3006
171,188,3007
163,199,3008
163,200,3009
150,209,3010
143,212,3011
126,213,3012
113,208,3013
107,204,3014
98,195,3015
90,180,3016
87,172,3017
85,156,3018
86,144,3019
92,124,3020
96,117,3021
111,101,3022
120,96,3023
140,91,3024
146,91,3025
162,95,3026
177,104,3027
190,118,3028
194,124,3029
202,146,3030
204,162,3031
203,181,3032
198,199,3033
186,220,3034
173,233,3035
160,241,3036
143,246,3037
123,246,3038
109,242,3039
91,232,3040
71,209,3041
64,195,3042
59,179,3043
57,143,3044
61,123,3045
64,115,3046
80,88,3047
92,76,3048
116,62,3049
134,58,3050
152,58,3051
181,68,3052
193,76,3053
207,90,3054
223,117,3055
230,138,3056
233,164,3057
231,189,3058
220,222,3059
214,233,3060
178,268,3061
159,276,3062
148,279,3063
118,279,3064
98,273,3065
78,262,3066
48,229,3067
36,205,3068
32,190,3069
28,147,3070
31,124,3071
41,94,3072
65,58,3073
89,39,3074
114,28,3075
144,24,3076
162,26,3077
188,35,3078
202,43,3079
243,90,3080
250,105,3081
259,136,3082
261,182,3083
252,222,3084
247,234,3085
227,267,3086
208,286,3087
174,306,3088
154,312,3089
120,313,3090
70,295,3091
55,284,3092
34,262,3093
9,215,3094
139,162,3095
139,165,3096
135,168,3097
132,168,3098
131,168,3099
128,166,3100
125,161,3101
125,162,3102
124,156,3103
126,148,3104
127,145,3105
131,141,3106
136,138,3107
140,137,3108
143,137,3109
151,139,3110
155,142,3111
160,148,3112
162,151,3113
164,160,3114
165,167,3115
164,174,3116
161,183,3117
156,190,3118
144,198,3119
143,199,3120
130,200,3121
125,200,3122
114,194,3123
105,185,3124
101,179,3125
97,167,3126
96,157,3127
96,152,3128
102,130,3129
107,122,3130
115,113,3131
122,109,3132
132,105,3133
145,104,3134
167,112,3135
165,110,3136
178,122,3137
183,128,3138
191,147,3139
193,160,3140
193,174,3141
186,198,3142
181,207,3143
175,215,3144
156,229,3145
143,233,3146
130,234,3147
114,231,3148
101,224,3149
83,206,3150
73,187,3151
70,177,3152
67,158,3153
72,126,3154
74,120,3155
81,106,3156
108,80,3157
123,73,3158
132,71,3159
158,72,3160
175,79,3161
179,81,3162
203,104,3163
212,119,3164
219,140,3165
222,168,3166
220,187,3167
214,208,3168
208,221,3169
192,242,3170
164,261,3171
142,267,3172
118,266,3173
100,260,3174
85,252,3175
66,234,3176
50,209,3177
43,189,3178
39,149,3179
43,121,3180
56,90,3181
58,86,3182
83,58,3183
107,44,3184
136,37,3185
166,40,3186
185,47,3187
213,68,3188
219,75,3189
240,110,3190
250,151,3191
251,167,3192
249,189,3193
233,237,3194
227,247,3195
209,269,3196
175,292,3197
135,301,3198
113,299,3199
89,291,3200
53,266,3201
41,252,3202
24,223,3203
14,192,3204
10,160,3205
19,100,3206
25,85,3207
44,53,3208
84,19,3209
98,12,3210
131,4,3211
155,4,3212
178,9,3213
136,161,3214
133,157,3215
134,155,3216
137,151,3217
138,150,3218
144,150,3219
144,149,3220
149,152,3221
151,155,3222
152,156,3223
154,164,3224
154,167,3225
153,173,3226
149,180,3227
148,182,3228
141,186,3229
137,188,3230
132,188,3231
126,187,3232
117,181,3233
113,176,3234
110,171,3235
108,166,3236
107,152,3237
110,140,3238
114,132,3239
120,125,3240
127,120,3241
132,118,3242
146,117,3243
155,119,3244
156,119,3245
168,128,3246
176,139,3247
181,153,3248
182,161,3249
182,176,3250
176,193,3251
172,200,3252
167,206,3253
151,217,3254
147,219,3255
130,221,3256
110,215,3257
111,216,3258
98,206,3259
83,182,3260
82,179,3261
78,154,3262
80,138,3263
88,117,3264
91,112,3265
99,102,3266
114,90,3267
127,85,3268
143,83,3269
165,88,3270
186,102,3271
190,106,3272
199,119,3273
210,151,3274
211,169,3275
208,190,3276
203,205,3277
193,223,3278
173,242,3279
155,251,3280
148,253,3281
117,253,3282
113,252,3283
80,232,3284
64,211,3285
59,201,3286
53,184,3287
50,163,3288
50,144,3289
65,97,3290
77,80,3291
82,75,3292
124,52,3293
122,52,3294
157,51,3295
179,58,3296
201,73,3297
225,105,3298
230,115,3299
239,153,3300
240,164,3301
238,188,3302
227,223,3303
207,254,3304
186,272,3305
178,277,3306
137,288,3307
130,288,3308
95,280,3309
75,269,3310
57,253,3311
29,205,3312
26,195,3313
21,152,3314
22,136,3315
36,88,3316
58,55,3317
73,41,3318
102,24,3319
128,17,3320
167,19,3321
197,31,3322
213,42,3323
234,63,3324
259,109,3325
263,122,3326
268,178,3327
265,201,3328
250,244,3329
226,279,3330
197,303,3331
161,318,3332
141,159,3333
143,161,3334
144,164,3335
144,166,3336
143,169,3337
141,172,3338
138,175,3339
136,175,3340
133,176,3341
127,174,3342
123,171,3343
121,168,3344
118,160,3345
118,158,3346
119,147,3347
121,142,3348
121,141,3349
127,135,3350
133,131,3351
142,129,3352
143,129,3353
152,131,3354
158,135,3355
167,146,3356
169,151,3357
171,161,3358
170,177,3359
170,179,3360
167,186,3361
161,195,3362
152,203,3363
140,208,3364
129,208,3365
123,207,3366
108,199,3367
106,197,3368
97,186,3369
91,170,3370
89,157,3371
91,140,3372
96,127,3373
103,115,3374
108,110,3375
120,101,3376
137,96,3377
145,96,3378
156,98,3379
176,109,3380
181,114,3381
190,126,3382
199,152,3383
200,163,3384
199,179,3385
197,189,3386
181,219,3387
177,223,3388
163,234,3389
142,241,3390
136,242,3391
103,234,3392
90,225,3393
84,219,3394
71,200,3395
64,182,3396
61,147,3397
65,125,3398
66,122,3399
80,95,3400
90,84,3401
109,70,3402
133,63,3403
161,65,3404
175,70,3405
188,78,3406
206,96,3407
218,116,3408
227,145,3409
228,150,3410
226,192,3411
212,227,3412
205,238,3413
182,260,3414
172,266,3415
141,275,3416
128,275,3417
90,264,3418
66,245,3419
64,243,3420
41,205,3421
33,173,3422
32,160,3423
33,137,3424
38,113,3425
53,81,3426
90,44,3427
95,41,3428
138,29,3429
147,29,3430
181,37,3431
206,52,3432
232,80,3433
246,106,3434
252,124,3435
257,156,3436
252,208,3437
234,249,3438
233,251,3439
196,289,3440
171,302,3441
157,306,3442
135,309,3443
83,297,3444
69,289,3445
43,266,3446
21,233,3447
6,187,3448
3,156,3449
10,106,3450
19,82,3451
137,164,3452
134,165,3453
132,164,3454
129,160,3455
128,157,3456
128,156,3457
129,150,3458
131,147,3459
134,144,3460
136,143,3461
144,142,3462
148,143,3463
147,142,3464
155,149,3465
158,153,3466
160,159,3467
161,164,3468
160,172,3469
158,178,3470
155,184,3471
147,192,3472
139,195,3473
135,196,3474
128,195,3475
119,192,3476
110,184,3477
107,180,3478
104,175,3479
101,165,3480
100,155,3481
103,138,3482
104,135,3483
113,122,3484
122,114,3485
138,109,3486
147,109,3487
156,111,3488
168,118,3489
174,124,3490
184,140,3491
188,155,3492
189,161,3493
189,170,3494
184,192,3495
175,208,3496
165,218,3497
157,223,3498
136,229,3499
135,229,3500
118,227,3501
102,219,3502
91,209,3503
80,193,3504
76,184,3505
72,160,3506
74,134,3507
80,117,3508
91,100,3509
105,87,3510
118,80,3511
123,78,3512
141,75,3513
171,82,3514
187,93,3515
195,101,3516
207,119,3517
212,131,3518
218,168,3519
215,190,3520
211,204,3521
200,225,3522
179,247,3523
161,257,3524
143,262,3525
124,262,3526
109,259,3527
85,246,3528
70,232,3529
57,213,3530
44,171,3531
43,149,3532
48,119,3533
53,105,3534
61,90,3535
88,60,3536
107,49,3537
138,42,3538
162,44,3539
166,45,3540
195,59,3541
215,77,3542
234,107,3543
241,125,3544
245,185,3545
241,206,3546
229,235,3547
225,242,3548
200,271,3549
186,281,3550
137,296,3551
132,296,3552
83,283,3553
68,273,3554
45,250,3555
24,211,3556
16,179,3557
14,152,3558
15,138,3559
32,80,3560
52,51,3561
75,30,3562
88,22,3563
117,11,3564
143,8,3565
178,14,3566
222,40,3567
234,52,3568
261,95,3569
271,127,3570
136,158,3571
137,155,3572
140,154,3573
142,153,3574
146,156,3575
148,158,3576
149,159,3577
150,163,3578
150,169,3579
148,173,3580
146,177,3581
141,181,3582
137,183,3583
132,183,3584
124,180,3585
121,179,3586
120,178,3587
113,167,3588
112,163,3589
111,157,3590
112,146,3591
113,143,3592
119,132,3593
126,126,3594
133,123,3595
143,121,3596
151,123,3597
155,124,3598
167,134,3599
172,141,3600
175,147,3601
178,159,3602
178,168,3603
177,178,3604
172,191,3605
159,207,3606
161,206,3607
143,215,3608
128,216,3609
123,215,3610
102,203,3611
100,202,3612
89,185,3613
84,171,3614
83,149,3615
83,144,3616
86,132,3617
98,110,3618
111,98,3619
115,95,3620
124,91,3621
144,88,3622
157,90,3623
176,99,3624
191,115,3625
201,134,3626
205,147,3627
207,164,3628
206,180,3629
200,201,3630
188,222,3631
175,235,3632
157,245,3633
152,247,3634
133,250,3635
121,249,3636
95,238,3637
71,214,3638
69,211,3639
61,195,3640
54,160,3641
58,125,3642
65,106,3643
70,97,3644
83,80,3645
113,60,3646
127,56,3647
152,55,3648
180,64,3649
204,83,3650
203,81,3651
218,101,3652
233,139,3653
235,157,3654
234,186,3655
228,210,3656
206,248,3657
202,253,3658
182,269,3659
137,283,3660
118,282,3661
109,280,3662
73,262,3663
48,234,3664
40,220,3665
30,193,3666
25,152,3667
26,138,3668
34,104,3669
47,77,3670
81,41,3671
90,35,3672
117,24,3673
140,21,3674
189,32,3675
215,50,3676
228,63,3677
244,86,3678
261,132,3679
263,146,3680
263,187,3681
253,227,3682
243,248,3683
208,290,3684
174,309,3685
162,313,3686
121,316,3687
76,302,3688
59,291,3689
141,162,3690
141,164,3691
140,168,3692
137,170,3693
134,171,3694
133,171,3695
130,171,3696
126,168,3697
124,165,3698
122,159,3699
122,152,3700
123,148,3701
124,145,3702
127,141,3703
132,137,3704
139,134,3705
143,134,3706
149,135,3707
157,140,3708
160,144,3709
163,148,3710
167,159,3711
167,171,3712
167,172,3713
159,190,3714
160,189,3715
155,195,3716
148,200,3717
128,203,3718
121,201,3719
116,199,3720
109,194,3721
99,180,3722
95,169,3723
94,151,3724
94,146,3725
95,140,3726
100,128,3727
115,110,3728
116,109,3729
129,103,3730
147,101,3731
161,105,3732
171,111,3733
179,118,3734
189,134,3735
194,149,3736
195,153,3737
196,167,3738
192,191,3739
185,206,3740
169,224,3741
165,227,3742
146,236,3743
134,237,3744
122,236,3745
94,222,3746
81,208,3747
82,210,3748
70,187,3749
66,171,3750
65,149,3751
69,127,3752
78,106,3753
94,86,3754
115,73,3755
123,70,3756
153,68,3757
170,73,3758
183,80,3759
205,102,3760
215,120,3761
219,130,3762
224,157,3763
223,186,3764
214,215,3765
209,224,3766
191,247,3767
169,262,3768
138,270,3769
124,270,3770
101,264,3771
96,262,3772
72,245,3773
44,200,3774
43,198,3775
36,154,3776
36,151,3777
48,99,3778
66,71,3779
71,65,3780
86,52,3781
117,37,3782
147,34,3783
166,37,3784
195,50,3785
212,63,3786
236,95,3787
250,134,3788
253,157,3789
251,192,3790
244,219,3791
235,239,3792
214,268,3793
173,296,3794
146,303,3795
131,304,3796
101,299,3797
70,284,3798
39,254,3799
34,247,3800
14,203,3801
8,143,3802
9,129,3803
18,95,3804
45,48,3805
69,25,3806
87,14,3807
118,3,3808
135,162,3809
133,161,3810
132,155,3811
133,152,3812
133,151,3813
137,148,3814
137,147,3815
141,146,3816
145,147,3817
150,149,3818
153,153,3819
155,158,3820
156,160,3821
156,171,3822
156,172,3823
152,180,3824
151,183,3825
138,190,3826
136,191,3827
127,190,3828
120,187,3829
118,186,3830
110,177,3831
109,175,3832
105,162,3833
104,155,3834
107,140,3835
107,139,3836
116,125,3837
119,122,3838
131,115,3839
142,113,3840
152,115,3841
161,119,3842
170,126,3843
179,139,3844
183,149,3845
184,154,3846
185,167,3847
180,190,3848
176,198,3849
166,211,3850
156,218,3851
153,220,3852
137,224,3853
118,222,3854
102,213,3855
97,209,3856
83,189,3857
79,179,3858
76,162,3859
77,141,3860
83,121,3861
87,113,3862
97,100,3863
109,90,3864
131,81,3865
143,80,3866
162,83,3867
172,88,3868
190,102,3869
205,125,3870
207,130,3871
213,174,3872
213,180,3873
206,205,3874
193,227,3875
184,237,3876
167,249,3877
153,255,3878
118,256,3879
114,255,3880
93,246,3881
75,231,3882
61,211,3883
56,201,3884
47,158,3885
47,151,3886
57,107,3887
74,80,3888
77,76,3889
105,55,3890
115,51,3891
151,47,3892
165,50,3893
183,57,3894
207,75,3895
224,97,3896
236,124,3897
242,173,3898
241,185,3899
235,211,3900
222,239,3901
203,262,3902
178,280,3903
153,289,3904
137,291,3905
96,284,3906
73,271,3907
50,249,3908
30,215,3909
23,194,3910
19,167,3911
19,139,3912
32,90,3913
46,66,3914
72,38,3915
95,24,3916
101,21,3917
156,14,3918
178,19,3919
201,30,3920
221,45,3921
251,84,3922
263,113,3923
271,170,3924
270,184,3925
263,219,3926
231,277,3927
139,157,3928
140,157,3929
143,158,3930
145,160,3931
146,166,3932
146,167,3933
145,171,3934
143,174,3935
140,177,3936
136,178,3937
129,178,3938
125,176,3939
121,172,3940
120,171,3941
116,162,3942
115,157,3943
115,153,3944
118,142,3945
122,136,3946
127,131,3947
130,129,3948
140,126,3949
143,126,3950
157,131,3951
159,132,3952
167,141,3953
169,144,3954
174,161,3955
174,164,3956
173,176,3957
166,193,3958
163,197,3959
154,205,3960
147,209,3961
137,211,3962
122,210,3963
113,206,3964
106,201,3965
98,192,3966
91,179,3967
87,158,3968
87,148,3969
90,134,3970
94,124,3971
108,106,3972
113,102,3973
131,94,3974
145,93,3975
157,95,3976
173,103,3977
178,107,3978
191,123,3979
200,144,3980
202,153,3981
202,176,3982
197,197,3983
195,202,3984
176,228,3985
165,236,3986
152,242,3987
135,245,3988
111,241,3989
97,234,3990
87,226,3991
68,200,3992
65,193,3993
58,158,3994
59,140,3995
65,117,3996
78,93,3997
90,80,3998
102,71,3999
133,60,4000
142,59,4001
173,66,4002
181,70,4003
196,81,4004
216,106,4005
227,133,4006
231,171,4007
231,175,4008
227,199,4009
207,240,4010
188,259,4011
168,271,4012
163,273,4013
128,278,4014
109,275,4015
77,259,4016
63,246,4017
47,224,4018
34,192,4019
32,184,4020
32,127,4021
34,118,4022
58,69,4023
72,54,4024
83,45,4025
127,27,4026
146,26,4027
179,33,4028
203,46,4029
222,63,4030
239,86,4031
251,112,4032
260,162,4033
260,171,4034
254,210,4035
233,256,4036
212,280,4037
204,287,4038
153,310,4039
135,312,4040
89,303,4041
60,286,4042
44,271,4043
29,252,4044
9,210,4045
1,164,4046
138,161,4047
136,166,4048
134,167,4049
132,167,4050
129,164,4051
127,161,4052
126,159,4053
125,155,4054
126,151,4055
129,146,4056
130,143,4057
136,140,4058
139,139,4059
148,140,4060
150,141,4061
156,145,4062
160,151,4063
162,157,4064
163,168,4065
162,175,4066
160,181,4067
156,187,4068
155,189,4069
143,197,4070
139,198,4071
133,199,4072
119,195,4073
116,194,4074
103,178,4075
101,174,4076
98,164,4077
97,155,4078
99,144,4079
103,131,4080
111,120,4081
122,111,4082
127,108,4083
146,106,4084
156,108,4085
164,112,4086
174,120,4087
182,130,4088
186,138,4089
190,150,4090
192,166,4091
191,178,4092
181,204,4093
169,218,4094
164,222,4095
154,228,4096
130,232,4097
115,229,4098
112,228,4099
92,215,4100
76,190,4101
71,174,4102
69,160,4103
69,153,4104
73,127,4105
86,102,4106
89,98,4107
103,85,4108
132,73,4109
144,72,4110
161,75,4111
182,85,4112
200,103,4113
209,117,4114
218,143,4115
219,147,4116
220,174,4117
217,193,4118
208,217,4119
185,246,4120
184,247,4121
153,263,4122
123,265,4123
113,263,4124
84,249,4125
72,238,4126
56,217,4127
49,202,4128
42,177,4129
41,141,4130
51,103,4131
56,93,4132
72,71,4133
100,49,4134
114,43,4135
138,39,4136
170,43,4137
193,54,4138
219,77,4139
232,97,4140
243,124,4141
247,141,4142
249,171,4143
244,205,4144
230,239,4145
202,273,4146
179,288,4147
158,296,4148
129,299,4149
101,294,4150
71,279,4151
45,254,4152
25,221,4153
20,208,4154
13,178,4155
14,127,4156
21,99,4157
37,66,4158
50,49,4159
71,29,4160
123,7,4161
127,6,4162
174,10,4163
189,15,4164
241,56,4165
135,159,4166
135,155,4167
136,154,4168
140,151,4169
141,151,4170
146,152,4171
148,153,4172
151,158,4173
152,160,4174
153,165,4175
152,170,4176
149,177,4177
147,180,4178
142,184,4179
139,185,4180
131,186,4181
126,185,4182
121,182,4183
116,178,4184
112,171,4185
110,166,4186
108,157,4187
109,147,4188
111,141,4189
118,130,4190
123,125,4191
127,122,4192
134,119,4193
149,119,4194
154,121,4195
166,128,4196
167,129,4197
177,146,4198
180,156,4199
180,175,4200
180,176,4201
174,194,4202
168,202,4203
160,210,4204
144,218,4205
132,219,4206
126,219,4207
114,215,4208
104,209,4209
90,193,4210
82,173,4211
80,160,4212
80,153,4213
84,130,4214
87,122,4215
96,108,4216
117,91,4217
131,86,4218
137,85,4219
157,87,4220
168,91,4221
182,101,4222
195,116,4223
201,126,4224
208,149,4225
208,183,4226
204,198,4227
197,213,4228
190,224,4229
167,244,4230
148,251,4231
132,253,4232
108,248,4233
99,244,4234
80,230,4235
69,216,4236
60,199,4237
52,168,4238
52,141,4239
54,129,4240
65,100,4241
77,83,4242
97,65,4243
113,57,4244
147,52,4245
152,52,4246
193,69,4247
204,78,4248
223,104,4249
231,123,4250
238,159,4251
237,182,4252
236,191,4253
226,222,4254
206,252,4255
194,264,4256
161,282,4257
142,286,4258
118,285,4259
74,266,4260
67,260,4261
44,233,4262
35,216,4263
26,188,4264
23,142,4265
34,97,4266
45,75,4267
55,61,4268
95,29,4269
110,23,4270
143,18,4271
167,21,4272
195,32,4273
231,62,4274
237,70,4275
257,108,4276
265,141,4277
266,184,4278
256,227,4279
245,250,4280
233,268,4281
207,294,4282
172,313,4283
120,319,4284
141,160,4285
142,161,4286
143,165,4287
141,169,4288
140,171,4289
137,173,4290
135,174,4291
129,173,4292
126,171,4293
123,168,4294
122,167,4295
120,160,4296
119,154,4297
120,149,4298
122,144,4299
126,138,4300
129,135,4301
139,131,4302
141,131,4303
148,132,4304
152,133,4305
159,138,4306
164,144,4307
169,156,4308
170,165,4309
169,174,4310
165,186,4311
161,193,4312
153,200,4313
150,202,4314
140,206,4315
132,207,4316
120,204,4317
111,199,4318
102,190,4319
97,182,4320
91,162,4321
91,153,4322
92,143,4323
97,128,4324
112,109,4325
113,108,4326
128,100,4327
146,98,4328
154,99,4329
164,103,4330
173,109,4331
189,128,4332
191,132,4333
198,155,4334
198,175,4335
193,195,4336
188,206,4337
179,219,4338
170,227,4339
143,239,4340
136,240,4341
112,236,4342
108,235,4343
93,225,4344
78,209,4345
65,179,4346
64,173,4347
63,142,4348
63,140,4349
80,98,4350
89,87,4351
106,74,4352
127,66,4353
130,65,4354
152,65,4355
183,77,4356
189,81,4357
214,111,4358
221,128,4359
224,138,4360
227,171,4361
225,189,4362
211,226,4363
199,242,4364
186,255,4365
149,272,4366
142,273,4367
117,272,4368
89,261,4369
62,238,4370
56,230,4371
39,194,4372
34,168,4373
35,136,4374
37,124,4375
49,91,4376
67,65,4377
87,48,4378
127,32,4379
146,31,4380
163,33,4381
193,45,4382
224,72,4383
241,99,4384
251,127,4385
255,149,4386
253,196,4387
248,216,4388
231,251,4389
221,264,4390
196,287,4391
165,302,4392
129,307,4393
90,298,4394
94,300,4395
50,271,4396
40,260,4397
17,220,4398
6,176,4399
6,135,4400
12,105,4401
20,83,4402
46,43,4403
136,163,4404
133,163,4405
131,161,4406
130,158,4407
129,156,4408
131,150,4409
133,147,4410
134,146,4411
139,144,4412
143,143,4413
148,145,4414
151,147,4415
155,151,4416
158,159,4417
159,161,4418
159,166,4419
158,175,4420
154,182,4421
152,185,4422
148,189,4423
139,193,4424
130,194,4425
126,193,4426
115,187,4427
113,185,4428
106,175,4429
103,165,4430
102,160,4431
102,149,4432
107,133,4433
108,131,4434
121,117,4435
126,114,4436
137,111,4437
149,111,4438
162,116,4439
169,121,4440
176,129,4441
181,137,4442
187,157,4443
186,178,4444
186,180,4445
181,195,4446
171,210,4447
157,221,4448
153,223,4449
129,227,4450
123,226,4451
105,219,4452
93,209,4453
86,200,4454
76,177,4455
74,168,4456
73,152,4457
76,133,4458
81,119,4459
87,108,4460
107,88,4461
120,81,4462
145,77,4463
153,78,4464
169,83,4465
191,99,4466
199,109,4467
213,140,4468
214,144,4469
215,181,4470
210,202,4471
200,222,4472
190,235,4473
173,249,4474
156,257,4475
145,260,4476
113,258,4477
96,251,4478
78,238,4479
59,213,4480
53,201,4481
45,167,4482
45,148,4483
50,118,4484
62,91,4485
75,74,4486
99,55,4487
107,51,4488
136,44,4489
162,46,4490
195,61,4491
207,71,4492
222,89,4493
240,128,4494
244,150,4495
245,162,4496
238,210,4497
225,239,4498
208,261,4499
197,271,4500
154,292,4501
138,294,4502
118,293,4503
85,282,4504
55,259,4505
42,243,4506
28,217,4507
16,164,4508
17,136,4509
20,118,4510
38,73,4511
55,50,4512
70,36,4513
117,13,4514
127,11,4515
175,15,4516
186,19,4517
230,50,4518
254,84,4519
266,114,4520
271,135,4521
273,177,4522
137,157,4523
139,155,4524
142,155,4525
145,156,4526
147,160,4527
148,163,4528
149,166,4529
148,170,4530
147,173,4531
144,177,4532
141,179,4533
136,181,4534
133,182,4535
127,180,4536
120,175,4537
116,170,4538
114,166,4539
113,158,4540
113,150,4541
114,145,4542
116,140,4543
124,130,4544
129,126,4545
135,124,4546
141,123,4547
149,124,4548
158,128,4549
169,139,4550
172,145,4551
175,153,4552
177,165,4553
176,175,4554
172,187,4555
170,192,4556
157,206,4557
153,209,4558
145,213,4559
122,213,4560
112,209,4561
102,201,4562
95,192,4563
91,186,4564
86,171,4565
84,157,4566
85,143,4567
93,120,4568
101,109,4569
111,100,4570
132,91,4571
130,91,4572
146,90,4573
165,95,4574
184,109,4575
191,117,4576
196,126,4577
205,161,4578
205,171,4579
203,186,4580
198,202,4581
183,225,4582
166,239,4583
152,245,4584
134,248,4585
114,245,4586
95,236,4587
80,223,4588
67,204,4589
59,183,4590
57,174,4591
55,154,4592
60,124,4593
66,108,4594
82,84,4595
101,68,4596
108,64,4597
132,57,4598
152,57,4599
188,71,4600
204,85,4601
212,95,4602
226,121,4603
230,134,4604
234,163,4605
231,193,4606
224,216,4607
211,239,4608
183,266,4609
161,277,4610
140,281,4611
118,280,4612
97,274,4613
62,249,4614
47,230,4615
32,194,4616
29,181,4617
27,148,4618
35,106,4619
47,80,4620
70,52,4621
90,37,4622
118,26,4623
127,24,4624
167,26,4625
196,38,4626
216,53,4627
237,78,4628
252,107,4629
262,151,4630
262,183,4631
253,222,4632
246,239,4633
232,262,4634
212,284,4635
182,304,4636
133,315,4637
108,312,4638
89,306,4639
41,272,4640
25,251,4641
139,161,4642
139,166,4643
138,168,4644
136,169,4645
132,169,4646
128,167,4647
127,167,4648
124,161,4649
123,157,4650
124,151,4651
124,149,4652
127,144,4653
130,140,4654
133,138,4655
143,136,4656
146,136,4657
149,137,4658
159,145,4659
161,147,4660
164,155,4661
166,164,4662
166,165,4663
164,178,4664
159,188,4665
150,196,4666
151,196,4667
138,201,4668
135,202,4669
118,198,4670
115,196,4671
108,191,4672
103,184,4673
97,170,4674
95,153,4675
96,145,4676
101,129,4677
103,125,4678
113,114,4679
128,105,4680
137,103,4681
155,105,4682
157,105,4683
177,119,4684
179,121,4685
187,133,4686
193,152,4687
194,172,4688
192,184,4689
187,199,4690
181,209,4691
162,227,4692
150,232,4693
138,235,4694
126,235,4695
112,231,4696
88,214,4697
83,208,4698
72,187,4699
68,174,4700
66,155,4701
68,137,4702
76,113,4703
94,89,4704
102,82,4705
114,75,4706
126,71,4707
153,70,4708
174,77,4709
197,95,4710
204,103,4711
212,117,4712
221,145,4713
223,164,4714
220,192,4715
216,206,4716
204,229,4717
187,248,4718
165,262,4719
148,267,4720
110,265,4721
103,263,4722
75,245,4723
57,224,4724
45,199,4725
38,162,4726
38,146,4727
42,122,4728
55,89,4729
68,71,4730
84,56,4731
106,43,4732
135,36,4733
153,36,4734
192,50,4735
209,63,4736
236,99,4737
239,105,4738
248,132,4739
251,182,4740
243,217,4741
237,231,4742
222,256,4743
189,286,4744
168,296,4745
148,301,4746
105,298,4747
72,283,4748
69,281,4749
31,239,4750
17,207,4751
12,188,4752
9,152,4753
17,103,4754
18,99,4755
60,35,4756
75,23,4757
109,7,4758
121,4,4759
155,3,4760
135,161,4761
133,159,4762
133,155,4763
134,153,4764
136,150,4765
139,149,4766
143,148,4767
144,148,4768
151,153,4769
152,154,4770
154,159,4771
155,165,4772
155,170,4773
154,173,4774
152,178,4775
146,184,4776
145,186,4777
131,189,4778
130,189,4779
119,184,4780
114,179,4781
112,177,4782
107,166,4783
106,159,4784
107,146,4785
109,139,4786
111,135,4787
117,126,4788
129,118,4789
136,116,4790
143,115,4791
151,116,4792
166,125,4793
174,134,4794
178,141,4795
182,153,4796
183,158,4797
181,183,4798
179,189,4799
169,205,4800
159,214,4801
147,220,4802
137,222,4803
128,222,4804
121,221,4805
101,210,4806
87,193,4807
82,182,4808
78,166,4809
77,158,4810
78,145,4811
87,117,4812
95,105,4813
101,98,4814
127,84,4815
131,83,4816
153,83,4817
163,86,4818
171,89,4819
193,108,4820
205,129,4821
209,141,4822
212,167,4823
211,180,4824
207,198,4825
190,228,4826
172,244,4827
153,253,4828
144,255,4829
131,256,4830
105,250,4831
83,236,4832
73,226,4833
59,204,4834
53,187,4835
49,166,4836
53,123,4837
59,106,4838
76,80,4839
104,58,4840
105,57,4841
133,49,4842
154,49,4843
183,59,4844
202,73,4845
218,91,4846
231,115,4847
240,151,4848
241,167,4849
234,208,4850
221,237,4851
219,240,4852
187,273,4853
164,284,4854
139,289,4855
109,286,4856
96,282,4857
69,266,4858
49,245,4859
28,205,4860
23,186,4861
20,151,4862
23,124,4863
39,80,4864
50,63,4865
70,42,4866
117,18,4867
145,15,4868
147,15,4869
180,22,4870
224,50,4871
236,64,4872
255,96,4873
264,122,4874
268,188,4875
265,205,4876
248,250,4877
235,270,4878
206,298,4879
138,159,4880
142,159,4881
144,161,4882
145,164,4883
144,169,4884
143,171,4885
141,174,4886
137,176,4887
134,177,4888
129,176,4889
125,174,4890
122,171,4891
119,166,4892
118,164,4893
117,154,4894
117,151,4895
119,143,4896
127,134,4897
126,134,4898
133,130,4899
141,128,4900
147,128,4901
154,131,4902
162,137,4903
168,146,4904
171,154,4905
172,169,4906
173,166,4907
171,178,4908
167,188,4909
160,198,4910
149,206,4911
139,209,4912
127,209,4913
122,208,4914
112,203,4915
103,196,4916
95,184,4917
89,165,4918
88,154,4919
90,142,4920
92,133,4921
102,115,4922
107,109,4923
122,99,4924
136,95,4925
146,95,4926
168,102,4927
174,106,4928
179,110,4929
194,132,4930
200,153,4931
201,169,4932
199,186,4933
191,206,4934
188,211,4935
177,225,4936
157,238,4937
145,242,4938
131,243,4939
104,236,4940
93,229,4941
75,209,4942
68,196,4943
61,172,4944
60,164,4945
62,133,4946
66,119,4947
76,99,4948
96,77,4949
122,64,4950
127,63,4951
159,63,4952
179,71,4953
187,76,4954
205,93,4955
221,120,4956
226,135,4957
230,165,4958
226,195,4959
222,209,4960
199,247,4961
184,260,4962
163,271,4963
148,275,4964
124,276,4965
90,265,4966
76,256,4967
54,232,4968
41,208,4969
33,180,4970
31,159,4971
33,129,4972
40,105,4973
61,68,4974
78,51,4975
114,32,4976
121,30,4977
148,28,4978
186,38,4979
197,44,4980
225,69,4981
250,114,4982
256,138,4983
258,178,4984
254,203,4985
247,226,4986
230,257,4987
216,274,4988
185,297,4989
137,310,4990
131,310,4991
100,305,4992
70,291,4993
29,249,4994
15,222,4995
6,192,4996
2,154,4997
11,100,4998
138,163,4999
136,165,5000
132,165,5001
130,163,5002
129,162,5003
127,156,5004
127,154,5005
129,148,5006
131,145,5007
134,143,5008
137,141,5009
144,141,5010
147,141,5011
154,146,5012
156,148,5013
159,153,5014
161,158,5015
162,166,5016
161,172,5017
159,179,5018
154,187,5019
147,193,5020
146,194,5021
132,197,5022
126,196,5023
117,192,5024
112,188,5025
106,181,5026
101,168,5027
99,157,5028
99,154,5029
103,135,5030
108,127,5031
111,122,5032
129,110,5033
131,109,5034
141,107,5035
153,109,5036
161,112,5037
173,121,5038
186,143,5039
189,153,5040
190,168,5041
188,183,5042
186,190,5043
180,203,5044
170,215,5045
153,226,5046
138,230,5047
127,230,5048
118,228,5049
100,219,5050
92,212,5051
85,204,5052
72,171,5053
71,149,5054
74,130,5055
81,113,5056
85,106,5057
106,85,5058
117,79,5059
139,74,5060
143,74,5061
164,78,5062
190,94,5063
203,110,5064
212,128,5065
217,146,5066
219,167,5067
215,195,5068
206,217,5069
200,227,5070
178,249,5071
157,260,5072
149,262,5073
133,264,5074
104,258,5075
90,251,5076
64,226,5077
54,209,5078
46,188,5079
42,151,5080
46,122,5081
53,103,5082
73,72,5083
76,69,5084
105,49,5085
121,43,5086
158,42,5087
180,49,5088
208,68,5089
226,90,5090
238,113,5091
243,130,5092
247,155,5093
246,186,5094
228,239,5095
227,241,5096
207,266,5097
183,284,5098
138,297,5099
112,295,5100
76,280,5101
59,267,5102
34,235,5103
24,214,5104
16,186,5105
13,157,5106
15,130,5107
30,82,5108
53,48,5109
79,26,5110
109,12,5111
136,7,5112
142,7,5113
195,20,5114
229,45,5115
231,47,5116
257,84,5117
136,159,5118
137,154,5119
140,153,5120
141,152,5121
144,153,5122
147,155,5123
149,157,5124
151,162,5125
151,167,5126
150,171,5127
148,176,5128
143,181,5129
140,183,5130
136,184,5131
131,184,5132
126,183,5133
122,181,5134
117,176,5135
112,168,5136
111,162,5137
110,157,5138
111,146,5139
113,140,5140
117,133,5141
125,126,5142
129,123,5143
142,120,5144
150,121,5145
157,124,5146
165,130,5147
169,134,5148
175,144,5149
179,163,5150
179,170,5151
176,184,5152
170,197,5153
168,200,5154
155,211,5155
144,216,5156
127,217,5157
115,213,5158
108,210,5159
95,197,5160
90,190,5161
86,181,5162
82,148,5163
82,146,5164
87,127,5165
93,115,5166
106,100,5167
110,97,5168
139,87,5169
147,87,5170
166,92,5171
173,96,5172
193,116,5173
202,133,5174
205,143,5175
208,161,5176
207,178,5177
199,206,5178
196,212,5179
175,236,5180
156,247,5181
145,250,5182
135,251,5183
108,246,5184
84,231,5185
74,220,5186
67,210,5187
58,189,5188
53,151,5189
55,133,5190
59,118,5191
74,89,5192
86,76,5193
108,61,5194
131,54,5195
153,54,5196
185,66,5197
198,75,5198
204,81,5199
217,97,5200
233,135,5201
236,175,5202
234,192,5203
223,224,5204
211,244,5205
191,264,5206
157,281,5207
142,284,5208
125,284,5209
96,277,5210
73,263,5211
45,231,5212
38,218,5213
29,194,5214
24,159,5215
30,113,5216
34,101,5217
63,55,5218
83,38,5219
86,36,5220
113,24,5221
163,22,5222
182,28,5223
203,39,5224
226,59,5225
253,102,5226
261,128,5227
265,157,5228
260,208,5229
252,232,5230
241,254,5231
217,283,5232
166,313,5233
153,316,5234
132,318,5235
72,301,5236
141,161,5237
141,163,5238
141,167,5239
139,170,5240
137,171,5241
133,172,5242
130,172,5243
126,169,5244
125,168,5245
122,163,5246
121,159,5247
121,153,5248
122,148,5249
123,145,5250
127,139,5251
135,134,5252
138,133,5253
145,133,5254
149,134,5255
157,139,5256
163,146,5257
164,147,5258
168,159,5259
168,171,5260
166,179,5261
163,186,5262
154,197,5263
153,198,5264
146,202,5265
133,205,5266
125,204,5267
115,200,5268
109,195,5269
97,178,5270
95,172,5271
93,161,5272
92,154,5273
97,132,5274
103,121,5275
107,116,5276
121,105,5277
136,100,5278
146,100,5279
153,101,5280
172,110,5281
183,122,5282
191,136,5283
195,149,5284
197,168,5285
197,169,5286
191,196,5287
178,217,5288
172,223,5289
165,229,5290
144,237,5291
122,237,5292
107,232,5293
100,228,5294
82,212,5295
73,197,5296
68,184,5297
64,160,5298
66,135,5299
69,123,5300
81,99,5301
92,87,5302
103,78,5303
122,69,5304
141,66,5305
171,72,5306
183,79,5307
198,92,5308
214,115,5309
222,136,5310
225,156,5311
224,186,5312
214,217,5313
206,231,5314
191,248,5315
162,266,5316
144,271,5317
123,271,5318
100,265,5319
76,250,5320
52,220,5321
50,217,5322
40,191,5323
35,151,5324
39,122,5325
54,86,5326
55,84,5327
78,57,5328
88,49,5329
135,33,5330
157,34,5331
183,42,5332
203,54,5333
225,76,5334
245,113,5335
252,139,5336
254,172,5337
253,186,5338
235,241,5339
234,243,5340
207,276,5341
191,288,5342
154,303,5343
118,304,5344
85,294,5345
67,283,5346
40,257,5347
28,239,5348
16,213,5349
8,180,5350
13,107,5351
16,98,5352
46,45,5353
59,32,5354
83,15,5355
134,162,5356
132,161,5357
131,157,5358
131,156,5359
131,153,5360
135,148,5361
137,146,5362
140,145,5363
142,145,5364
147,146,5365
152,150,5366
153,151,5367
157,160,5368
157,163,5369
157,172,5370
153,180,5371
155,179,5372
148,186,5373
143,190,5374
134,192,5375
126,191,5376
124,191,5377
118,187,5378
111,180,5379
107,173,5380
104,162,5381
104,148,5382
104,145,5383
107,137,5384
113,127,5385
121,119,5386
128,115,5387
148,113,5388
149,113,5389
166,121,5390
172,127,5391
175,130,5392
184,150,5393
185,154,5394
185,177,5395
177,198,5396
177,199,5397
166,212,5398
162,216,5399
139,225,5400
126,225,5401
111,220,5402
100,213,5403
89,201,5404
83,192,5405
76,170,5406
75,151,5407
75,148,5408
78,131,5409
93,103,5410
101,95,5411
120,83,5412
123,82,5413
137,79,5414
158,81,5415
183,94,5416
199,112,5417
206,125,5418
209,132,5419
214,155,5420
214,177,5421
208,202,5422
196,225,5423
174,246,5424
162,253,5425
149,257,5426
122,258,5427
104,253,5428
91,246,5429
72,229,5430
65,220,5431
52,193,5432
46,160,5433
50,124,5434
60,99,5435
69,84,5436
71,81,5437
107,53,5438
132,46,5439
162,48,5440
163,48,5441
190,60,5442
218,86,5443
229,104,5444
235,118,5445
243,158,5446
243,175,5447
239,202,5448
224,237,5449
198,268,5450
187,276,5451
158,289,5452
125,292,5453
89,282,5454
65,266,5455
51,252,5456
32,222,5457
22,194,5458
18,142,5459
22,116,5460
33,86,5461
52,56,5462
67,41,5463
96,22,5464
121,14,5465
138,12,5466
178,18,5467
200,28,5468
234,57,5469
256,92,5470
269,133,5471
272,162,5472
270,193,5473
258,235,5474
137,159,5475
141,156,5476
143,157,5477
146,160,5478
146,162,5479
147,166,5480
147,168,5481
145,173,5482
144,175,5483
139,178,5484
131,179,5485
129,179,5486
128,179,5487
121,174,5488
117,168,5489
115,163,5490
114,157,5491
115,148,5492
118,140,5493
122,134,5494
123,133,5495
135,126,5496
138,125,5497
148,126,5498
150,126,5499
158,130,5500
167,139,5501
173,151,5502
175,163,5503
175,167,5504
173,180,5505
172,184,5506
158,203,5507
152,208,5508
138,212,5509
133,213,5510
125,212,5511
108,204,5512
99,195,5513
92,184,5514
88,172,5515
87,169,5516
86,150,5517
92,126,5518
97,117,5519
106,106,5520
114,100,5521
127,94,5522
147,92,5523
163,96,5524
165,97,5525
186,114,5526
193,124,5527
201,143,5528
203,159,5529
203,177,5530
196,202,5531
185,220,5532
180,226,5533
169,235,5534
153,243,5535
135,246,5536
117,244,5537
90,230,5538
77,217,5539
70,206,5540
61,184,5541
57,159,5542
60,130,5543
63,119,5544
80,89,5545
93,76,5546
100,71,5547
125,60,5548
142,58,5549
163,61,5550
189,74,5551
207,91,5552
216,104,5553
231,149,5554
231,148,5555
228,199,5556
227,203,5557
213,233,5558
199,251,5559
173,270,5560
148,278,5561
123,279,5562
102,274,5563
81,263,5564
57,241,5565
39,210,5566
35,200,5567
29,144,5568
31,127,5569
33,118,5570
48,82,5571
77,48,5572
84,43,5573
135,25,5574
147,25,5575
171,29,5576
194,39,5577
219,58,5578
239,84,5579
257,130,5580
261,160,5581
259,192,5582
246,235,5583
229,263,5584
220,274,5585
191,297,5586
163,309,5587
129,313,5588
84,302,5589
73,296,5590
34,261,5591
20,239,5592
10,216,5593
139,164,5594
138,166,5595
136,167,5596
133,168,5597
129,166,5598
128,165,5599
125,160,5600
125,159,5601
125,152,5602
128,146,5603
129,143,5604
132,141,5605
135,139,5606
144,138,5607
148,139,5608
153,141,5609
157,145,5610
161,151,5611
163,157,5612
164,168,5613
164,171,5614
160,183,5615
159,185,5616
153,192,5617
139,199,5618
135,200,5619
121,197,5620
124,199,5621
107,186,5622
106,185,5623
99,172,5624
97,163,5625
97,151,5626
98,142,5627
105,126,5628
111,118,5629
117,112,5630
128,107,5631
134,105,5632
159,108,5633
171,116,5634
176,120,5635
187,138,5636
189,142,5637
192,157,5638
193,165,5639
191,182,5640
182,204,5641
173,216,5642
169,220,5643
145,232,5644
130,233,5645
117,231,5646
111,229,5647
86,209,5648
75,190,5649
74,188,5650
68,158,5651
69,140,5652
72,128,5653
79,111,5654
95,90,5655
111,79,5656
119,75,5657
140,71,5658
168,76,5659
186,87,5660
192,92,5661
212,121,5662
215,128,5663
220,149,5664
221,174,5665
217,197,5666
207,221,5667
188,245,5668
171,257,5669
149,265,5670
134,267,5671
106,262,5672
87,252,5673
70,238,5674
51,209,5675
43,187,5676
40,167,5677
43,124,5678
49,105,5679
64,79,5680
77,64,5681
106,45,5682
127,39,5683
151,38,5684
163,40,5685
201,58,5686
211,67,5687
229,90,5688
247,136,5689
250,159,5690
250,172,5691
242,215,5692
225,249,5693
210,267,5694
178,290,5695
171,293,5696
127,300,5697
90,291,5698
62,273,5699
55,267,5700
33,239,5701
17,202,5702
12,176,5703
13,126,5704
18,105,5705
46,52,5706
41,58,5707
89,17,5708
128,5,5709
142,4,5710
187,13,5711
203,21,5712
134,159,5713
134,156,5714
135,153,5715
138,151,5716
140,150,5717
142,150,5718
146,150,5719
149,153,5720
150,154,5721
153,161,5722
153,169,5723
152,173,5724
150,178,5725
145,183,5726
144,184,5727
136,187,5728
133,188,5729
126,186,5730
120,183,5731
113,175,5732
111,171,5733
108,163,5734
107,157,5735
109,144,5736
111,139,5737
114,133,5738
125,122,5739
129,120,5740
134,118,5741
152,119,5742
161,123,5743
160,122,5744
172,134,5745
178,145,5746
181,159,5747
182,165,5748
179,185,5749
174,195,5750
167,205,5751
162,210,5752
143,219,5753
140,220,5754
116,217,5755
113,216,5756
95,202,5757
89,193,5758
81,173,5759
79,160,5760
79,152,5761
80,141,5762
87,120,5763
101,101,5764
111,93,5765
122,87,5766
139,84,5767
158,86,5768
179,97,5769
185,102,5770
196,115,5771
207,140,5772
209,149,5773
210,174,5774
203,203,5775
200,210,5776
193,222,5777
165,246,5778
149,252,5779
131,254,5780
121,253,5781
102,247,5782
81,232,5783
66,213,5784
54,185,5785
51,167,5786
50,156,5787
59,110,5788
67,95,5789
87,71,5790
94,66,5791
119,54,5792
141,50,5793
163,53,5794
183,61,5795
208,81,5796
229,115,5797
230,117,5798
239,162,5799
239,173,5800
228,220,5801
210,249,5802
199,261,5803
172,279,5804
165,282,5805
125,287,5806
99,281,5807
70,264,5808
57,252,5809
46,238,5810
27,196,5811
22,167,5812
25,123,5813
29,107,5814
42,78,5815
74,41,5816
89,31,5817
104,24,5818
147,17,5819
168,20,5820
192,29,5821
233,63,5822
250,89,5823
262,121,5824
266,141,5825
268,168,5826
260,218,5827
235,267,5828
226,278,5829
194,304,5830
158,318,5831
139,159,5832
142,160,5833
143,163,5834
143,168,5835
141,171,5836
140,172,5837
138,174,5838
134,175,5839
131,175,5840
125,172,5841
123,170,5842
121,167,5843
119,161,5844
118,156,5845
120,146,5846
123,140,5847
124,138,5848
131,133,5849
138,130,5850
142,130,5851
152,132,5852
154,133,5853
163,141,5854
167,147,5855
170,157,5856
171,167,5857
170,174,5858
167,185,5859
160,195,5860
152,202,5861
149,204,5862
136,208,5863
126,207,5864
117,204,5865
104,194,5866
100,189,5867
93,176,5868
90,160,5869
90,153,5870
91,143,5871
102,118,5872
104,115,5873
114,106,5874
124,100,5875
136,97,5876
160,100,5877
162,101,5878
176,110,5879
189,126,5880
191,129,5881
198,150,5882
199,173,5883
195,193,5884
192,201,5885
174,225,5886
169,229,5887
155,237,5888
135,241,5889
125,241,5890
99,231,5891
83,217,5892
75,206,5893
69,194,5894
62,167,5895
61,153,5896
64,131,5897
78,99,5898
93,82,5899
101,76,5900
113,69,5901
141,63,5902
162,66,5903
179,73,5904
202,92,5905
212,106,5906
225,138,5907
228,159,5908
226,189,5909
221,207,5910
213,224,5911
200,243,5912
176,263,5913
166,268,5914
145,274,5915
96,266,5916
88,262,5917
66,244,5918
48,219,5919
44,211,5920
33,165,5921
36,124,5922
45,97,5923
56,77,5924
74,57,5925
88,46,5926
126,31,5927
149,30,5928
159,31,5929
195,45,5930
229,77,5931
235,86,5932
244,103,5933
255,142,5934
257,164,5935
249,216,5936
224,262,5937
221,266,5938
199,286,5939
159,305,5940
118,307,5941
116,307,5942
72,290,5943
38,259,5944
26,241,5945
16,220,5946
7,189,5947
5,135,5948
9,112,5949
28,66,5950
136,164,5951
135,164,5952
131,163,5953
130,161,5954
129,158,5955
129,154,5956
130,149,5957
131,148,5958
134,145,5959
137,143,5960
142,142,5961
146,143,5962
152,146,5963
155,150,5964
159,157,5965
160,163,5966
160,169,5967
158,177,5968
154,184,5969
151,188,5970
147,191,5971
136,195,5972
130,195,5973
126,194,5974
117,190,5975
109,182,5976
105,175,5977
101,161,5978
101,158,5979
103,140,5980
105,135,5981
110,126,5982
118,118,5983
125,113,5984
136,110,5985
149,110,5986
154,111,5987
167,118,5988
181,135,5989
182,137,5990
187,153,5991
188,175,5992
186,184,5993
183,193,5994
175,207,5995
165,217,5996
145,227,5997
129,228,5998
126,228,5999
103,219,6000
98,215,6001
80,191,6002
75,178,6003
73,170,6004
73,143,6005
77,126,6006
84,111,6007
91,101,6008
113,83,6009
115,82,6010
146,76,6011
148,76,6012
167,81,6013
194,101,6014
201,110,6015
212,133,6016
217,159,6017
216,182,6018
214,192,6019
206,214,6020
183,243,6021
170,252,6022
149,260,6023
135,262,6024
109,258,6025
101,255,6026
80,241,6027
56,210,6028
49,192,6029
44,162,6030
45,135,6031
47,125,6032
55,102,6033
83,65,6034
89,60,6035
114,47,6036
157,44,6037
167,46,6038
194,59,6039
214,77,6040
232,104,6041
240,125,6042
242,131,6043
246,166,6044
243,195,6045
230,232,6046
213,257,6047
175,286,6048
168,289,6049
139,295,6050
93,287,6051
95,288,6052
63,268,6053
37,237,6054
25,212,6055
15,163,6056
17,128,6057
20,114,6058
29,88,6059
47,58,6060
72,33,6061
98,18,6062
147,9,6063
164,11,6064
210,31,6065
234,53,6066
255,84,6067
262,99,6068
272,136,6069
137,160,6070
138,154,6071
141,154,6072
144,154,6073
147,158,6074
148,159,6075
149,161,6076
150,166,6077
149,171,6078
145,177,6079
143,179,6080
140,181,6081
136,182,6082
129,182,6083
125,180,6084
121,178,6085
118,175,6086
113,165,6087
112,159,6088
112,150,6089
113,145,6090
116,138,6091
123,129,6092
131,124,6093
141,122,6094
143,122,6095
158,127,6096
163,130,6097
170,139,6098
172,142,6099
176,152,6100
178,167,6101
175,182,6102
173,188,6103
165,200,6104
155,209,6105
151,212,6106
139,215,6107
125,215,6108
114,211,6109
100,200,6110
92,190,6111
88,181,6112
84,167,6113
83,154,6114
86,134,6115
89,126,6116
98,111,6117
108,101,6118
118,94,6119
138,89,6120
154,90,6121
161,92,6122
182,105,6123
197,126,6124
200,133,6125
206,159,6126
206,171,6127
204,187,6128
195,210,6129
188,221,6130
166,240,6131
144,248,6132
129,249,6133
121,248,6134
107,244,6135
87,231,6136
68,208,6137
63,198,6138
58,184,6139
56,137,6140
62,115,6141
63,112,6142
84,80,6143
104,65,6144
108,63,6145
143,55,6146
163,58,6147
190,71,6148
205,85,6149
215,97,6150
231,134,6151
234,149,6152
235,165,6153
231,198,6154
217,232,6155
206,247,6156
179,270,6157
158,279,6158
118,281,6159
116,281,6160
92,273,6161
66,255,6162
44,226,6163
33,201,6164
28,181,6165
26,147,6166
35,103,6167
49,75,6168
65,55,6169
90,36,6170
104,29,6171
148,22,6172
168,25,6173
195,36,6174
226,62,6175
247,93,6176
257,119,6177
259,126,6178
263,179,6179
252,228,6180
244,245,6181
219,279,6182
214,284,6183
172,309,6184
136,316,6185
100,311,6186
72,299,6187
60,291,6188
140,161,6189
140,165,6190
139,168,6191
136,170,6192
134,170,6193
131,170,6194
128,169,6195
125,165,6196
123,161,6197
122,156,6198
122,155,6199
124,147,6200
127,142,6201
130,139,6202
135,136,6203
139,135,6204
149,136,6205
152,137,6206
159,143,6207
162,148,6208
166,158,6209
167,162,6210
167,166,6211
165,178,6212
159,189,6213
156,193,6214
144,201,6215
137,203,6216
133,203,6217
120,200,6218
111,195,6219
107,191,6220
97,173,6221
95,166,6222
94,156,6223
94,150,6224
98,133,6225
105,121,6226
121,107,6227
127,104,6228
145,102,6229
151,102,6230
159,105,6231
176,116,6232
178,118,6233
190,138,6234
193,147,6235
194,179,6236
193,185,6237
189,197,6238
175,218,6239
169,223,6240
152,233,6241
142,236,6242
114,233,6243
100,226,6244
85,212,6245
84,211,6246
69,182,6247
68,178,6248
65,155,6249
72,120,6250
75,113,6251
93,88,6252
95,86,6253
117,73,6254
139,68,6255
162,71,6256
168,73,6257
192,88,6258
211,113,6259
220,136,6260
223,151,6261
224,164,6262
222,188,6263
208,225,6264
193,244,6265
190,247,6266
160,265,6267
125,269,6268
112,267,6269
96,261,6270
84,254,6271
54,221,6272
45,201,6273
40,185,6274
37,150,6275
42,117,6276
47,103,6277
80,58,6278
82,56,6279
101,44,6280
119,37,6281
167,38,6282
181,43,6283
224,78,6284
230,86,6285
247,124,6286
251,143,6287
252,181,6288
249,199,6289
237,234,6290
210,271,6291
191,286,6292
171,296,6293
137,303,6294
100,298,6295
76,287,6296
50,266,6297
35,247,6298
24,228,6299
13,197,6300
8,158,6301
10,127,6302
26,78,6303
53,40,6304
76,21,6305
121,3,6306
141,1,6307
134,161,6308
132,159,6309
132,156,6310
133,153,6311
134,151,6312
138,148,6313
140,147,6314
144,147,6315
149,150,6316
150,150,6317
153,154,6318
155,161,6319
156,163,6320
155,173,6321
154,176,6322
148,184,6323
148,185,6324
136,190,6325
135,190,6326
124,188,6327
121,187,6328
117,184,6329
109,174,6330
107,169,6331
105,157,6332
106,145,6333
107,142,6334
110,134,6335
123,120,6336
131,116,6337
130,116,6338
140,114,6339
153,116,6340
169,126,6341
174,132,6342
180,143,6343
183,152,6344
184,170,6345
184,174,6346
179,191,6347
172,203,6348
166,210,6349
148,221,6350
139,223,6351
124,223,6352
107,216,6353
103,213,6354
91,201,6355
80,179,6356
79,177,6357
76,156,6358
78,139,6359
82,125,6360
91,108,6361
112,89,6362
116,87,6363
137,81,6364
161,84,6365
165,85,6366
188,101,6367
191,104,6368
203,122,6369
212,152,6370
213,164,6371
209,195,6372
202,212,6373
187,233,6374
183,237,6375
153,254,6376
146,256,6377
107,252,6378
93,245,6379
76,231,6380
65,217,6381
56,199,6382
49,174,6383
48,147,6384
53,119,6385
59,104,6386
74,81,6387
84,70,6388
109,54,6389
124,49,6390
170,52,6391
179,56,6392
208,77,6393
226,102,6394
230,110,6395
239,138,6396
240,187,6397
238,198,6398
221,239,6399
211,253,6400
180,278,6401
154,288,6402
139,290,6403
123,290,6404
91,281,6405
62,261,6406
47,244,6407
32,218,6408
20,174,6409
19,153,6410
21,129,6411
29,99,6412
63,47,6413
80,33,6414
121,16,6415
120,16,6416
157,15,6417
176,19,6418
222,47,6419
236,62,6420
253,89,6421
270,154,6422
270,177,6423
261,223,6424
259,229,6425
209,297,6426
138,158,6427
142,158,6428
144,160,6429
145,162,6430
145,168,6431
145,169,6432
143,173,6433
141,175,6434
138,177,6435
134,178,6436
128,177,6437
126,176,6438
120,170,6439
117,164,6440
116,160,6441
116,152,6442
117,146,6443
120,140,6444
126,133,6445
130,130,6446
132,129,6447
139,127,6448
150,128,6449
159,133,6450
164,138,6451
170,148,6452
172,154,6453
173,159,6454
172,178,6455
169,186,6456
163,196,6457
158,201,6458
151,206,6459
140,210,6460
133,211,6461
119,208,6462
111,204,6463
98,191,6464
95,186,6465
88,165,6466
88,149,6467
88,145,6468
96,122,6469
99,117,6470
116,101,6471
124,97,6472
136,94,6473
148,94,6474
163,98,6475
177,107,6476
184,114,6477
198,140,6478
201,152,6479
202,171,6480
197,195,6481
190,210,6482
183,220,6483
167,234,6484
160,238,6485
138,244,6486
128,244,6487
97,233,6488
82,220,6489
75,211,6490
66,194,6491
62,182,6492
59,148,6493
62,128,6494
69,109,6495
76,97,6496
105,70,6497
122,63,6498
141,60,6499
154,61,6500
183,72,6501
202,88,6502
203,89,6503
225,128,6504
230,152,6505
229,185,6506
229,187,6507
216,225,6508
202,245,6509
187,259,6510
161,273,6511
142,277,6512
105,273,6513
91,267,6514
71,253,6515
52,231,6516
37,200,6517
31,173,6518
31,137,6519
35,117,6520
47,87,6521
64,63,6522
89,42,6523
94,39,6524
135,27,6525
150,27,6526
177,33,6527
222,64,6528
240,89,6529
248,106,6530
259,154,6531
259,175,6532
254,208,6533
245,233,6534
230,259,6535
200,289,6536
159,308,6537
139,311,6538
127,311,6539
80,298,6540
64,288,6541
42,268,6542
14,222,6543
7,201,6544
2,140,6545
138,165,6546
137,165,6547
132,166,6548
130,165,6549
128,162,6550
127,159,6551
126,157,6552
126,154,6553
128,148,6554
131,144,6555
134,141,6556
140,140,6557
143,139,6558
148,141,6559
152,143,6560
155,145,6561
160,152,6562
162,161,6563
162,172,6564
162,173,6565
158,183,6566
150,192,6567
148,194,6568
141,197,6569
131,198,6570
122,196,6571
117,193,6572
110,188,6573
102,174,6574
101,172,6575
98,159,6576
98,154,6577
102,136,6578
106,127,6579
115,117,6580
131,108,6581
132,107,6582
150,107,6583
157,109,6584
171,118,6585
182,132,6586
183,133,6587
189,149,6588
191,162,6589
190,179,6590
187,191,6591
175,211,6592
168,218,6593
151,228,6594
146,230,6595
128,231,6596
104,223,6597
101,221,6598
91,213,6599
80,197,6600
70,162,6601
70,146,6602
71,139,6603
74,126,6604
90,98,6605
107,83,6606
126,75,6607
138,73,6608
154,74,6609
165,77,6610
187,90,6611
206,113,6612
213,128,6613
217,141,6614
220,169,6615
218,185,6616
213,204,6617
195,235,6618
176,252,6619
171,255,6620
135,265,6621
112,262,6622
101,258,6623
84,248,6624
56,215,6625
53,210,6626
43,179,6627
42,138,6628
43,132,6629
55,96,6630
61,86,6631
86,59,6632
117,43,6633
132,40,6634
167,43,6635
183,49,6636
196,57,6637
211,69,6638
239,114,6639
243,126,6640
248,176,6641
246,193,6642
231,236,6643
215,259,6644
201,273,6645
158,295,6646
159,295,6647
117,297,6648
82,285,6649
61,270,6650
39,245,6651
31,232,6652
15,186,6653
12,152,6654
18,111,6655
27,86,6656
42,60,6657
74,28,6658
83,22,6659
145,6,6660
172,10,6661
197,20,6662
216,32,6663
247,65,6664
136,160,6665
135,156,6666
137,153,6667
138,152,6668
144,152,6669
146,153,6670
147,153,6671
150,157,6672
152,162,6673
152,165,6674
151,172,6675
149,176,6676
147,179,6677
140,184,6678
135,185,6679
133,186,6680
125,184,6681
116,176,6682
116,177,6683
110,162,6684
109,158,6685
109,154,6686
110,145,6687
114,136,6688
121,128,6689
129,122,6690
131,121,6691
140,119,6692
153,121,6693
164,128,6694
165,128,6695
171,135,6696
179,155,6697
180,169,6698
178,181,6699
175,190,6700
172,196,6701
160,209,6702
150,215,6703
140,218,6704
124,218,6705
117,215,6706
103,207,6707
99,204,6708
87,186,6709
82,170,6710
81,164,6711
82,140,6712
85,129,6713
91,116,6714
108,97,6715
124,89,6716
126,88,6717
151,86,6718
158,88,6719
180,100,6720
195,117,6721
199,124,6722
204,135,6723
209,168,6724
205,193,6725
204,196,6726
186,227,6727
183,231,6728
157,248,6729
136,252,6730
121,251,6731
105,246,6732
94,240,6733
82,231,6734
62,202,6735
53,171,6736
52,151,6737
57,121,6738
63,105,6739
70,93,6740
94,68,6741
117,56,6742
131,53,6743
158,54,6744
167,56,6745
198,74,6746
217,95,6747
230,121,6748
233,132,6749
237,153,6750
233,200,6751
225,223,6752
209,248,6753
195,262,6754
172,277,6755
143,285,6756
132,286,6757
94,277,6758
74,265,6759
45,233,6760
32,207,6761
28,194,6762
24,173,6763
29,113,6764
43,80,6765
49,70,6766
64,52,6767
104,26,6768
134,19,6769
167,22,6770
183,27,6771
199,35,6772
243,80,6773
250,93,6774
259,116,6775
266,160,6776
260,212,6777
260,213,6778
238,260,6779
206,294,6780
194,302,6781
136,319,6782
118,318,6783
138,160,6784
142,163,6785
142,167,6786
141,168,6787
139,171,6788
135,173,6789
132,173,6790
131,173,6791
128,172,6792
122,165,6793
122,166,6794
120,154,6795
120,151,6796
121,147,6797
126,139,6798
127,138,6799
130,135,6800
139,132,6801
146,132,6802
153,135,6803
160,140,6804
161,141,6805
168,155,6806
169,160,6807
169,169,6808
168,176,6809
161,191,6810
160,193,6811
150,201,6812
144,204,6813
135,206,6814
129,206,6815
111,198,6816
102,189,6817
96,178,6818
94,173,6819
92,166,6820
93,141,6821
95,134,6822
100,124,6823
117,106,6824
127,101,6825
136,99,6826
149,99,6827
151,99,6828
169,107,6829
178,114,6830
190,131,6831
194,141,6832
198,161,6833
196,183,6834
192,196,6835
186,208,6836
179,218,6837
157,234,6838
138,239,6839
121,238,6840
109,234,6841
100,230,6842
88,220,6843
74,201,6844
67,184,6845
63,152,6846
66,130,6847
70,117,6848
83,95,6849
90,87,6850
109,73,6851
130,66,6852
147,65,6853
173,72,6854
189,82,6855
206,100,6856
218,121,6857
226,156,6858
226,152,6859
226,178,6860
219,208,6861
207,231,6862
188,252,6863
166,266,6864
150,271,6865
120,272,6866
108,269,6867
75,250,6868
56,229,6869
42,201,6870
38,188,6871
34,151,6872
39,119,6873
42,109,6874
55,82,6875
76,57,6876
95,44,6877
133,32,6878
163,34,6879
177,38,6880
205,54,6881
227,77,6882
245,110,6883
253,139,6884
255,159,6885
249,210,6886
238,238,6887
234,245,6888
199,284,6889
181,295,6890
149,305,6891
125,306,6892
74,289,6893
55,275,6894
31,246,6895
29,243,6896
8,186,6897
6,170,6898
11,111,6899
24,76,6900
34,59,6901
70,22,6902
137,162,6903
132,162,6904
131,160,6905
130,156,6906
130,154,6907
132,150,6908
133,148,6909
137,145,6910
142,144,6911
145,144,6912
150,147,6913
154,151,6914
156,154,6915
157,157,6916
159,165,6917
157,174,6918
157,176,6919
150,186,6920
148,188,6921
143,191,6922
131,193,6923
133,194,6924
119,189,6925
115,186,6926
108,177,6927
104,168,6928
103,151,6929
102,157,6930
105,139,6931
109,131,6932
118,120,6933
128,114,6934
135,112,6935
142,111,6936
154,113,6937
162,117,6938
173,126,6939
182,141,6940
185,150,6941
186,154,6942
184,184,6943
182,191,6944
178,199,6945
166,214,6946
151,223,6947
141,226,6948
127,226,6949
115,223,6950
102,216,6951
98,213,6952
85,197,6953
75,170,6954
74,150,6955
75,139,6956
85,113,6957
88,108,6958
94,100,6959
108,88,6960
122,81,6961
154,79,6962
162,81,6963
187,96,6964
189,98,6965
205,120,6966
210,132,6967
215,154,6968
214,183,6969
211,197,6970
195,228,6971
184,240,6972
170,250,6973
150,258,6974
131,260,6975
112,257,6976
89,246,6977
75,234,6978
58,210,6979
47,178,6980
45,152,6981
48,130,6982
52,114,6983
73,77,6984
80,70,6985
97,57,6986
131,45,6987
153,45,6988
170,49,6989
204,69,6990
208,73,6991
228,100,6992
241,135,6993
244,172,6994
243,187,6995
237,211,6996
221,244,6997
208,260,6998
179,282,6999
155,291,7000
124,293,7001
98,287,7002
61,264,7003
56,259,7004
27,213,7005
23,201,7006
17,171,7007
24,106,7008
27,97,7009
44,65,7010
75,33,7011
98,20,7012
135,11,7013
148,11,7014
191,22,7015
215,37,7016
229,50,7017
259,96,7018
267,120,7019
273,171,7020
266,215,7021
138,156,7022
139,156,7023
143,156,7024
144,156,7025
146,159,7026
148,165,7027
148,168,7028
147,171,7029
145,175,7030
141,178,7031
140,179,7032
134,181,7033
128,180,7034
123,177,7035
119,173,7036
115,166,7037
114,164,7038
113,156,7039
114,148,7040
118,138,7041
120,135,7042
126,129,7043
133,125,7044
144,124,7045
150,125,7046
153,126,7047
162,132,7048
167,137,7049
173,149,7050
176,162,7051
176,167,7052
173,184,7053
166,196,7054
166,197,7055
149,210,7056
141,213,7057
135,214,7058
121,212,7059
112,208,7060
104,202,7061
90,181,7062
86,169,7063
85,159,7064
85,149,7065
90,128,7066
91,125,7067
107,104,7068
117,97,7069
136,91,7070
142,90,7071
154,92,7072
171,99,7073
191,119,7074
197,129,7075
202,144,7076
204,174,7077
204,177,7078
198,200,7079
195,207,7080
183,224,7081
161,241,7082
145,246,7083
129,247,7084
113,244,7085
96,236,7086
81,223,7087
64,196,7088
57,169,7089
56,159,7090
56,149,7091
65,112,7092
71,100,7093
98,71,7094
104,67,7095
121,60,7096
140,57,7097
180,67,7098
196,78,7099
214,99,7100
218,106,7101
231,141,7102
233,159,7103
231,191,7104
220,223,7105
204,247,7106
189,261,7107
173,271,7108
145,280,7109
121,280,7110
87,268,7111
70,256,7112
56,241,7113
51,235,7114
29,177,7115
28,169,7116
30,127,7117
44,87,7118
56,68,7119
71,52,7120
88,39,7121
113,28,7122
164,26,7123
189,35,7124
204,44,7125
223,61,7126
246,95,7127
258,129,7128
262,161,7129
259,198,7130
253,220,7131
229,265,7132
211,284,7133
188,300,7134
164,310,7135
128,314,7136
76,299,7137
62,290,7138
32,260,7139
24,248,7140
140,163,7141
138,167,7142
136,168,7143
134,169,7144
130,168,7145
127,165,7146
127,166,7147
124,160,7148
124,154,7149
125,149,7150
125,148,7151
129,142,7152
133,139,7153
138,137,7154
145,137,7155
150,138,7156
152,139,7157
159,146,7158
162,150,7159
164,157,7160
165,163,7161
165,171,7162
163,179,7163
159,187,7164
145,198,7165
144,199,7166
132,201,7167
128,201,7168
120,198,7169
111,192,7170
105,186,7171
98,172,7172
96,160,7173
96,149,7174
99,136,7175
101,131,7176
109,118,7177
125,107,7178
135,104,7179
142,103,7180
156,106,7181
160,107,7182
176,119,7183
184,129,7184
190,142,7185
193,156,7186
193,177,7187
186,199,7188
181,208,7189
168,222,7190
159,228,7191
137,234,7192
125,234,7193
113,231,7194
95,220,7195
84,208,7196
75,193,7197
69,174,7198
68,171,7199
69,136,7200
70,131,7201
80,107,7202
92,92,7203
108,79,7204
118,74,7205
154,71,7206
170,76,7207
184,84,7208
206,108,7209
212,118,7210
219,138,7211
222,159,7212
220,189,7213
214,209,7214
211,216,7215
186,248,7216
178,254,7217
158,264,7218
134,268,7219
101,261,7220
94,258,7221
69,238,7222
50,210,7223
44,194,7224
39,167,7225
39,141,7226
46,111,7227
53,94,7228
80,60,7229
111,42,7230
131,37,7231
153,37,7232
165,39,7233
189,49,7234
227,85,7235
232,93,7236
242,114,7237
251,159,7238
249,191,7239
244,212,7240
226,249,7241
203,275,7242
174,293,7243
155,299,7244
111,299,7245
82,288,7246
60,273,7247
39,250,7248
24,224,7249
17,205,7250
10,166,7251
15,112,7252
19,99,7253
27,79,7254
61,35,7255
102,10,7256
126,4,7257
138,3,7258
194,15,7259
136,161,7260
133,157,7261
134,154,7262
136,151,7263
137,150,7264
142,149,7265
145,149,7266
148,151,7267
151,154,7268
153,157,7269
154,162,7270
154,169,7271
154,172,7272
152,176,7273
149,181,7274
140,187,7275
142,187,7276
129,188,7277
125,187,7278
115,179,7279
114,178,7280
109,170,7281
107,164,7282
107,149,7283
108,145,7284
111,136,7285
114,131,7286
119,125,7287
134,117,7288
141,116,7289
145,116,7290
159,120,7291
165,125,7292
172,132,7293
179,145,7294
182,158,7295
183,168,7296
181,180,7297
175,196,7298
162,211,7299
156,215,7300
148,219,7301
126,221,7302
121,220,7303
104,212,7304
94,202,7305
89,195,7306
81,177,7307
78,160,7308
78,149,7309
81,133,7310
92,110,7311
105,96,7312
115,89,7313
130,84,7314
148,83,7315
158,85,7316
182,98,7317
188,103,7318
200,120,7319
209,144,7320
211,158,7321
211,173,7322
205,201,7323
195,221,7324
175,241,7325
169,245,7326
157,251,7327
136,255,7328
106,250,7329
85,237,7330
68,218,7331
59,202,7332
56,195,7333
50,169,7334
52,129,7335
54,122,7336
68,91,7337
87,70,7338
110,56,7339
114,54,7340
143,49,7341
160,51,7342
193,66,7343
219,94,7344
218,92,7345
235,129,7346
240,159,7347
240,173,7348
224,230,7349
217,242,7350
212,249,7351
173,280,7352
142,288,7353
123,288,7354
108,285,7355
89,278,7356
60,257,7357
33,216,7358
23,183,7359
21,164,7360
24,122,7361
32,96,7362
37,85,7363
54,59,7364
79,36,7365
120,18,7366
135,16,7367
169,19,7368
216,44,7369
223,50,7370
256,100,7371
266,134,7372
269,163,7373
268,183,7374
260,221,7375
245,254,7376
231,274,7377
178,313,7378
141,159,7379
143,160,7380
144,163,7381
144,167,7382
143,170,7383
142,171,7384
141,173,7385
136,176,7386
132,176,7387
129,175,7388
126,174,7389
120,167,7390
118,161,7391
118,163,7392
118,149,7393
119,146,7394
122,139,7395
129,133,7396
130,132,7397
139,129,7398
145,129,7399
148,129,7400
160,136,7401
165,142,7402
169,150,7403
171,158,7404
172,166,7405
172,170,7406
167,187,7407
159,198,7408
158,199,7409
145,207,7410
132,209,7411
125,208,7412
113,203,7413
111,202,7414
102,194,7415
94,180,7416
89,161,7417
89,152,7418
96,126,7419
96,125,7420
112,106,7421
109,108,7422
130,97,7423
142,95,7424
157,98,7425
165,101,7426
185,118,7427
186,119,7428
195,136,7429
200,159,7430
200,175,7431
199,183,7432
188,210,7433
172,228,7434
170,230,7435
146,241,7436
140,242,7437
113,239,7438
93,228,7439
86,222,7440
70,199,7441
67,192,7442
61,169,7443
62,135,7444
67,118,7445
71,109,7446
81,93,7447
103,73,7448
118,66,7449
141,62,7450
155,63,7451
186,76,7452
198,86,7453
218,115,7454
226,138,7455
229,158,7456
229,172,7457
219,214,7458
209,233,7459
199,246,7460
171,267,7461
158,272,7462
122,275,7463
95,267,7464
75,254,7465
69,249,7466
54,231,7467
41,206,7468
33,175,7469
32,144,7470
40,106,7471
49,87,7472
68,61,7473
89,44,7474
110,34,7475
154,29,7476
182,37,7477
200,47,7478
218,62,7479
238,89,7480
251,119,7481
256,141,7482
256,191,7483
248,221,7484
228,259,7485
224,264,7486
194,291,7487
155,307,7488
125,309,7489
91,301,7490
73,292,7491
47,271,7492
17,225,7493
11,209,7494
3,163,7495
3,147,7496
16,88,7497
137,164,7498
134,165,7499
131,164,7500
130,162,7501
128,158,7502
128,155,7503
128,152,7504
129,149,7505
131,146,7506
135,143,7507
140,141,7508
146,142,7509
148,142,7510
154,147,7511
156,149,7512
160,158,7513
161,162,7514
160,174,7515
158,179,7516
154,186,7517
150,190,7518
141,195,7519
142,195,7520
131,196,7521
122,194,7522
114,189,7523
108,182,7524
104,176,7525
101,166,7526
100,152,7527
102,140,7528
104,134,7529
110,125,7530
121,114,7531
131,110,7532
144,108,7533
145,108,7534
166,116,7535
173,122,7536
177,127,7537
186,145,7538
189,157,7539
189,173,7540
186,188,7541
179,203,7542
173,211,7543
158,223,7544
145,228,7545
141,229,7546
120,228,7547
106,222,7548
92,211,7549
80,194,7550
78,190,7551
72,164,7552
71,155,7553
75,129,7554
86,106,7555
88,103,7556
103,88,7557
129,76,7558
137,75,7559
165,79,7560
177,85,7561
192,97,7562
204,113,7563
212,130,7564
218,159,7565
218,171,7566
215,193,7567
196,231,7568
187,241,7569
177,249,7570
151,261,7571
130,263,7572
111,260,7573
90,250,7574
77,240,7575
60,219,7576
49,195,7577
43,167,7578
43,144,7579
45,129,7580
56,98,7581
80,66,7582
86,61,7583
126,43,7584
141,41,7585
176,48,7586
188,54,7587
212,73,7588
234,106,7589
242,127,7590
246,151,7591
246,183,7592
238,216,7593
226,241,7594
204,268,7595
197,274,7596
150,295,7597
141,296,7598
103,292,7599
86,285,7600
60,267,7601
33,232,7602
19,196,7603
14,165,7604
14,147,7605
22,103,7606
45,59,7607
69,34,7608
93,19,7609
115,11,7610
135,8,7611
182,15,7612
218,36,7613
230,47,7614
247,68,7615
270,121,7616
136,158,7617
136,156,7618
139,154,7619
143,153,7620
146,155,7621
147,156,7622
149,158,7623
150,162,7624
151,166,7625
148,174,7626
148,175,7627
142,181,7628
138,183,7629
130,183,7630
126,182,7631
125,182,7632
119,178,7633
115,172,7634
112,166,7635
111,152,7636
111,149,7637
113,142,7638
117,134,7639
121,129,7640
132,123,7641
138,121,7642
149,122,7643
156,124,7644
164,130,7645
167,133,7646
175,146,7647
178,156,7648
178,171,7649
176,183,7650
168,198,7651
169,197,7652
164,204,7653
140,216,7654
134,217,7655
121,215,7656
109,209,7657
104,206,7658
95,196,7659
87,182,7660
84,172,7661
82,153,7662
84,138,7663
89,124,7664
104,103,7665
111,97,7666
129,89,7667
147,88,7668
155,89,7669
162,91,7670
182,104,7671
197,124,7672
203,138,7673
207,159,7674
207,175,7675
200,202,7676
192,217,7677
178,233,7678
158,245,7679
159,245,7680
137,250,7681
115,248,7682
103,243,7683
79,225,7684
68,210,7685
64,203,7686
54,165,7687
55,137,7688
56,131,7689
65,105,7690
78,85,7691
97,68,7692
121,57,7693
139,54,7694
160,56,7695
195,74,7696
192,71,7697
219,102,7698
232,133,7699
235,150,7700
236,166,7701
232,198,7702
212,241,7703
195,260,7704
174,274,7705
164,278,7706
133,284,7707
104,279,7708
89,273,7709
54,243,7710
49,236,7711
28,186,7712
25,165,7713
25,146,7714
29,119,7715
46,78,7716
63,56,7717
91,34,7718
101,29,7719
150,21,7720
181,28,7721
207,43,7722
231,66,7723
245,87,7724
251,99,7725
263,143,7726
264,182,7727
250,235,7728
238,257,7729
235,262,7730
192,301,7731
178,308,7732
129,317,7733
102,313,7734
83,306,7735
141,162,7736
141,165,7737
141,166,7738
139,169,7739
135,171,7740
132,171,7741
129,171,7742
127,169,7743
123,164,7744
122,161,7745
121,156,7746
122,150,7747
125,143,7748
128,139,7749
131,137,7750
137,134,7751
142,133,7752
147,134,7753
152,136,7754
159,142,7755
164,149,7756
167,157,7757
168,163,7758
168,167,7759
165,180,7760
158,192,7761
152,198,7762
147,201,7763
135,204,7764
125,203,7765
121,202,7766
112,197,7767
102,186,7768
98,179,7769
94,164,7770
93,157,7771
93,149,7772
99,129,7773
112,112,7774
114,110,7775
131,102,7776
142,100,7777
157,103,7778
169,109,7779
171,110,7780
183,123,7781
189,133,7782
196,159,7783
196,172,7784
192,192,7785
189,199,7786
177,217,7787
161,230,7788
162,230,7789
128,237,7790
120,236,7791
105,230,7792
87,216,7793
84,213,7794
70,188,7795
65,167,7796
65,144,7797
67,133,7798
73,115,7799
81,100,7800
114,73,7801
129,68,7802
138,67,7803
166,71,7804
179,77,7805
192,87,7806
215,119,7807
216,121,7808
224,150,7809
225,163,7810
222,193,7811
207,228,7812
200,238,7813
177,258,7814
149,269,7815
146,270,7816
108,267,7817
95,262,7818
64,237,7819
51,217,7820
46,207,7821
36,162,7822
37,136,7823
41,117,7824
58,81,7825
62,75,7826
93,47,7827
98,44,7828
132,34,7829
171,38,7830
204,56,7831
202,54,7832
225,77,7833
244,112,7834
251,137,7835
253,179,7836
249,204,7837
237,236,7838
220,262,7839
193,286,7840
166,299,7841
140,304,7842
116,303,7843
89,295,7844
41,257,7845
40,256,7846
22,226,7847
10,188,7848
9,128,7849
19,91,7850
39,55,7851
38,56,7852
66,27,7853
116,3,7854
135,162,7855
132,160,7856
132,158,7857
132,154,7858
132,152,7859
135,149,7860
138,146,7861
140,146,7862
146,147,7863
149,148,7864
152,151,7865
154,154,7866
156,158,7867
157,165,7868
157,169,7869
151,182,7870
153,181,7871
144,188,7872
138,191,7873
132,191,7874
125,190,7875
122,189,7876
115,184,7877
109,176,7878
106,168,7879
104,153,7880
106,142,7881
106,141,7882
111,131,7883
116,124,7884
130,115,7885
138,113,7886
153,115,7887
156,116,7888
165,121,7889
177,135,7890
178,136,7891
185,159,7892
185,172,7893
183,183,7894
179,193,7895
175,201,7896
164,213,7897
154,220,7898
141,224,7899
124,224,7900
104,215,7901
101,213,7902
87,197,7903
82,188,7904
76,166,7905
76,146,7906
78,134,7907
81,124,7908
90,108,7909
110,89,7910
122,83,7911
138,80,7912
157,81,7913
171,87,7914
178,91,7915
199,113,7916
210,138,7917
213,152,7918
214,162,7919
209,198,7920
204,210,7921
196,224,7922
164,251,7923
155,255,7924
136,258,7925
109,254,7926
106,253,7927
85,241,7928
64,217,7929
52,191,7930
49,179,7931
47,144,7932
49,131,7933
66,90,7934
69,85,7935
87,66,7936
120,49,7937
144,46,7938
163,49,7939
184,57,7940
216,85,7941
220,90,7942
235,120,7943
242,152,7944
241,188,7945
235,212,7946
230,225,7947
198,267,7948
179,280,7949
155,289,7950
123,291,7951
100,286,7952
83,278,7953
66,266,7954
48,247,7955
34,225,7956
22,191,7957
18,159,7958
22,119,7959
38,78,7960
61,47,7961
90,26,7962
119,15,7963
136,13,7964
152,13,7965
191,24,7966
211,36,7967
234,58,7968
258,98,7969
268,131,7970
268,200,7971
260,229,7972
234,274,7973
139,157,7974
142,157,7975
144,158,7976
146,161,7977
146,164,7978
146,169,7979
146,170,7980
144,173,7981
142,176,7982
138,178,7983
134,179,7984
128,178,7985
123,175,7986
119,170,7987
116,164,7988
115,160,7989
115,151,7990
116,147,7991
120,138,7992
125,132,7993
131,128,7994
138,126,7995
142,125,7996
156,130,7997
157,130,7998
167,140,7999
170,145,8000
174,159,8001
174,170,8002
174,172,8003
171,184,8004
168,191,8005
156,204,8006
148,209,8007
140,211,8008
132,212,8009
118,209,8010
112,206,8011
95,188,8012
91,180,8013
88,169,8014
86,154,8015
88,140,8016
96,120,8017
104,109,8018
105,108,8019
126,95,8020
136,93,8021
155,94,8022
166,98,8023
171,101,8024
192,124,8025
195,129,8026
201,145,8027
203,167,8028
201,185,8029
193,207,8030
179,226,8031
169,234,8032
150,243,8033
139,245,8034
126,245,8035
98,235,8036
91,230,8037
78,217,8038
69,203,8039
58,164,8040
59,138,8041
60,133,8042
66,113,8043
74,98,8044
93,77,8045
118,63,8046
129,60,8047
155,60,8048
182,70,8049
192,77,8050
214,102,8051
221,115,8052
231,155,8053
232,166,8054
225,207,8055
216,227,8056
209,238,8057
182,264,8058
169,271,8059
143,278,8060
115,277,8061
82,263,8062
74,257,8063
58,241,8064
41,213,8065
35,198,8066
29,158,8067
36,110,8068
41,97,8069
59,67,8070
90,40,8071
109,31,8072
125,27,8073
152,26,8074
178,32,8075
205,47,8076
240,87,8077
253,117,8078
258,138,8079
260,178,8080
255,208,8081
248,229,8082
217,276,8083
206,286,8084
184,300,8085
141,312,8086
124,312,8087
69,293,8088
57,284,8089
35,261,8090
12,220,8091
1,171,8092
138,161,8093
137,166,8094
133,167,8095
131,167,8096
129,165,8097
128,164,8098
126,161,8099
125,156,8100
126,150,8101
130,144,8102
129,144,8103
133,141,8104
140,138,8105
142,138,8106
149,140,8107
153,142,8108
158,147,8109
162,155,8110
163,161,8111
163,172,8112
163,173,8113
158,185,8114
157,187,8115
148,195,8116
136,199,8117
130,199,8118
123,197,8119
117,195,8120
107,185,8121
104,181,8122
99,170,8123
97,158,8124
101,136,8125
101,135,8126
107,124,8127
112,118,8128
117,113,8129
134,106,8130
142,105,8131
165,112,8132
171,117,8133
182,129,8134
186,137,8135
191,152,8136
192,163,8137
192,173,8138
187,193,8139
178,209,8140
166,221,8141
150,230,8142
140,232,8143
126,232,8144
111,228,8145
96,219,8146
80,199,8147
76,191,8148
69,164,8149
69,148,8150
69,144,8151
81,109,8152
91,95,8153
95,91,8154
122,75,8155
136,72,8156
148,72,8157
166,76,8158
185,87,8159
200,102,8160
210,118,8161
220,151,8162
220,179,8163
216,198,8164
213,207,8165
193,239,8166
187,245,8167
158,262,8168
130,266,8169
115,264,8170
98,258,8171
68,234,8172
69,236,8173
53,212,8174
41,174,8175
40,152,8176
44,122,8177
59,87,8178
75,67,8179
78,64,8180
103,47,8181
133,39,8182
168,42,8183
174,44,8184
197,56,8185
223,82,8186
245,130,8187
246,134,8188
248,187,8189
241,216,8190
239,221,8191
213,263,8192
200,275,8193
166,294,8194
124,299,8195
106,296,8196
78,284,8197
46,256,8198
39,247,8199
21,212,8200
16,196,8201
12,138,8202
14,124,8203
24,90,8204
53,45,8205
79,23,8206
95,15,8207
148,5,8208
176,10,8209
205,23,8210
227,40,8211
135,159,8212
134,157,8213
136,153,8214
137,152,8215
143,151,8216
144,151,8217
147,152,8218
149,154,8219
152,159,8220
153,164,8221
153,166,8222
151,174,8223
150,177,8224
147,181,8225
138,186,8226
137,186,8227
133,187,8228
123,184,8229
121,183,8230
114,175,8231
110,167,8232
109,165,8233
108,152,8234
111,140,8235
115,133,8236
118,129,8237
123,124,8238
138,118,8239
144,118,8240
159,123,8241
160,123,8242
171,133,8243
175,140,8244
179,150,8245
181,168,8246
180,178,8247
179,183,8248
167,204,8249
164,207,8250
151,216,8251
129,219,8252
134,220,8253
113,215,8254
106,211,8255
92,197,8256
83,178,8257
81,170,8258
80,148,8259
83,132,8260
87,121,8261
98,105,8262
107,97,8263
114,92,8264
132,85,8265
149,85,8266
162,88,8267
185,103,8268
192,111,8269
201,125,8270
207,142,8271
210,164,8272
204,199,8273
201,206,8274
194,219,8275
174,240,8276
161,247,8277
137,253,8278
112,250,8279
109,249,8280
85,235,8281
70,218,8282
56,189,8283
52,172,8284
51,159,8285
54,127,8286
64,101,8287
74,86,8288
87,72,8289
107,59,8290
131,52,8291
155,52,8292
175,58,8293
194,69,8294
220,98,8295
234,132,8296
235,135,8297
238,175,8298
237,187,8299
229,216,8300
201,258,8301
185,271,8302
165,281,8303
147,286,8304
122,286,8305
79,270,8306
62,256,8307
46,237,8308
30,204,8309
25,185,8310
22,153,8311
32,101,8312
41,81,8313
59,56,8314
82,36,8315
103,25,8316
149,18,8317
151,18,8318
201,35,8319
218,48,8320
241,75,8321
257,107,8322
260,116,8323
267,171,8324
265,195,8325
253,235,8326
217,286,8327
209,293,8328
189,306,8329
137,320,8330
141,160,8331
142,161,8332
143,164,8333
142,168,8334
141,170,8335
139,172,8336
136,174,8337
131,174,8338
128,173,8339
125,171,8340
121,166,8341
120,162,8342
119,158,8343
119,151,8344
121,145,8345
123,141,8346
126,137,8347
132,133,8348
145,131,8349
149,132,8350
156,135,8351
162,141,8352
165,145,8353
167,149,8354
170,163,8355
170,170,8356
168,180,8357
163,191,8358
159,195,8359
151,202,8360
137,207,8361
129,207,8362
115,202,8363
108,197,8364
105,194,8365
97,183,8366
93,174,8367
91,164,8368
91,147,8369
97,127,8370
100,122,8371
111,109,8372
130,99,8373
129,99,8374
144,97,8375
155,99,8376
176,111,8377
185,121,8378
194,138,8379
198,153,8380
199,168,8381
198,177,8382
189,205,8383
185,212,8384
165,231,8385
149,238,8386
146,239,8387
121,239,8388
107,235,8389
90,223,8390
82,215,8391
68,190,8392
64,176,8393
62,159,8394
62,146,8395
70,115,8396
81,96,8397
94,82,8398
111,71,8399
128,65,8400
163,67,8401
179,74,8402
193,84,8403
203,94,8404
222,130,8405
225,141,8406
227,153,8407
225,191,8408
220,208,8409
203,238,8410
189,253,8411
171,265,8412
136,274,8413
132,274,8414
100,267,8415
73,250,8416
50,221,8417
43,207,8418
34,172,8419
33,155,8420
36,127,8421
48,92,8422
62,70,8423
91,45,8424
98,41,8425
133,31,8426
165,33,8427
172,35,8428
220,67,8429
226,74,8430
240,96,8431
251,125,8432
256,161,8433
249,214,8434
242,232,8435
218,268,8436
206,280,8437
185,294,8438
156,305,8439
126,307,8440
93,300,8441
62,282,8442
35,254,8443
14,213,8444
7,185,8445
5,170,8446
7,125,8447
25,72,8448
51,37,8449
136,163,8450
134,164,8451
131,162,8452
130,159,8453
129,155,8454
130,152,8455
131,149,8456
135,145,8457
137,144,8458
140,143,8459
147,144,8460
149,145,8461
152,147,8462
158,157,8463
158,156,8464
159,169,8465
159,172,8466
156,180,8467
154,183,8468
150,188,8469
141,193,8470
138,194,8471
128,194,8472
117,189,8473
113,186,8474
109,181,8475
104,171,8476
102,164,8477
102,146,8478
104,139,8479
106,134,8480
119,118,8481
122,116,8482
130,112,8483
144,110,8484
159,114,8485
163,116,8486
175,127,8487
179,133,8488
186,150,8489
187,174,8490
186,182,8491
183,191,8492
180,198,8493
161,219,8494
158,221,8495
141,227,8496
126,227,8497
116,225,8498
106,220,8499
90,206,8500
79,187,8501
76,179,8502
73,162,8503
74,141,8504
83,114,8505
91,102,8506
102,91,8507
119,81,8508
125,79,8509
155,78,8510
172,84,8511
177,87,8512
195,103,8513
205,118,8514
216,155,8515
216,154,8516
216,178,8517
204,216,8518
194,231,8519
172,250,8520
160,256,8521
146,260,8522
120,260,8523
95,251,8524
82,242,8525
62,219,8526
54,204,8527
46,177,8528
45,142,8529
46,133,8530
54,106,8531
71,78,8532
89,61,8533
106,51,8534
120,46,8535
154,44,8536
171,48,8537
202,66,8538
219,84,8539
234,110,8540
242,135,8541
245,175,8542
244,185,8543
235,220,8544
220,247,8545
199,270,8546
185,280,8547
144,294,8548
115,293,8549
103,290,8550
64,268,8551
43,245,8552
28,218,8553
18,184,8554
16,141,8555
18,126,8556
28,92,8557
44,63,8558
82,27,8559
108,15,8560
133,10,8561
151,10,8562
187,19,8563
219,39,8564
239,60,8565
262,101,8566
273,147,8567
274,167,8568
137,157,8569
139,155,8570
143,155,8571
143,154,8572
147,159,8573
148,161,8574
149,163,8575
149,168,8576
148,172,8577
145,176,8578
142,179,8579
138,181,8580
132,182,8581
128,181,8582
123,178,8583
119,175,8584
114,167,8585
113,161,8586
112,156,8587
114,144,8588
118,136,8589
121,132,8590
124,129,8591
133,124,8592
145,123,8593
146,123,8594
155,126,8595
165,133,8596
171,142,8597
176,156,8598
177,161,8599
177,169,8600
172,188,8601
171,191,8602
155,208,8603
148,212,8604
147,213,8605
134,215,8606
117,212,8607
106,205,8608
100,199,8609
94,192,8610
86,173,8611
84,160,8612
84,148,8613
90,125,8614
98,112,8615
110,100,8616
121,94,8617
128,91,8618
149,90,8619
166,95,8620
173,99,8621
180,104,8622
199,132,8623
203,145,8624
205,154,8625
204,183,8626
200,198,8627
187,221,8628
182,227,8629
163,241,8630
150,246,8631
120,247,8632
107,243,8633
97,238,8634
70,210,8635
65,201,8636
60,188,8637
56,171,8638
59,126,8639
66,107,8640
78,88,8641
84,81,8642
97,70,8643
124,58,8644
145,56,8645
164,59,8646
194,75,8647
213,96,8648
219,105,8649
229,129,8650
234,173,8651
231,195,8652
227,209,8653
207,245,8654
188,263,8655
172,273,8656
145,281,8657
121,281,8658
101,276,8659
83,267,8660
52,238,8661
40,217,8662
28,177,8663
27,170,8664
29,127,8665
38,97,8666
58,64,8667
67,54,8668
97,33,8669
124,24,8670
152,23,8671
178,29,8672
211,48,8673
227,64,8674
252,106,8675
260,134,8676
263,160,8677
256,214,8678
245,242,8679
238,254,8680
200,294,8681
181,305,8682
140,315,8683
126,315,8684
88,306,8685
64,293,8686
45,277,8687
139,161,8688
140,164,8689
139,167,8690
137,169,8691
131,169,8692
130,169,8693
128,168,8694
124,162,8695
123,159,8696
123,156,8697
124,148,8698
127,143,8699
131,139,8700
134,137,8701
139,136,8702
141,135,8703
150,137,8704
156,141,8705
160,145,8706
164,154,8707
165,156,8708
166,169,8709
166,171,8710
163,181,8711
152,195,8712
150,197,8713
141,201,8714
138,202,8715
125,201,8716
113,195,8717
106,189,8718
102,183,8719
97,171,8720
95,161,8721
95,151,8722
96,142,8723
99,132,8724
110,116,8725
127,105,8726
133,103,8727
148,103,8728
158,105,8729
167,110,8730
177,118,8731
182,124,8732
192,146,8733
194,154,8734
192,186,8735
191,190,8736
183,207,8737
172,220,8738
148,233,8739
150,233,8740
131,236,8741
111,231,8742
103,227,8743
84,210,8744
77,199,8745
68,176,8746
66,159,8747
68,135,8748
71,124,8749
81,104,8750
90,92,8751
101,82,8752
137,69,8753
155,70,8754
166,73,8755
183,82,8756
191,88,8757
215,123,8758
222,148,8759
223,172,8760
221,189,8761
219,198,8762
209,222,8763
180,254,8764
172,259,8765
151,267,8766
116,267,8767
102,263,8768
80,250,8769
60,229,8770
49,210,8771
43,193,8772
37,155,8773
39,135,8774
43,116,8775
54,90,8776
86,54,8777
105,43,8778
130,36,8779
139,35,8780
168,39,8781
204,58,8782
224,79,8783
234,94,8784
249,135,8785
252,171,8786
250,191,8787
235,236,8788
232,242,8789
214,266,8790
188,287,8791
143,302,8792
107,299,8793
87,292,8794
79,288,8795
50,265,8796
24,226,8797
11,185,8798
9,146,8799
10,133,8800
14,111,8801
45,50,8802
53,41,8803
79,20,8804
135,2,8805
147,2,8806
135,161,8807
133,160,8808
133,154,8809
135,151,8810
137,149,8811
140,148,8812
142,147,8813
145,148,8814
148,150,8815
152,153,8816
153,155,8817
155,164,8818
156,165,8819
154,174,8820
151,180,8821
144,186,8822
144,187,8823
137,189,8824
133,190,8825
123,187,8826
117,183,8827
113,179,8828
108,170,8829
106,162,8830
106,151,8831
106,148,8832
110,136,8833
114,129,8834
126,119,8835
134,116,8836
145,115,8837
148,115,8838
163,122,8839
167,125,8840
177,138,8841
182,151,8842
184,162,8843
183,175,8844
182,181,8845
174,199,8846
166,209,8847
151,219,8848
141,222,8849
132,223,8850
123,222,8851
104,213,8852
98,208,8853
84,188,8854
80,177,8855
78,170,8856
78,142,8857
81,130,8858
92,108,8859
95,104,8860
110,91,8861
135,82,8862
150,82,8863
164,86,8864
172,89,8865
189,103,8866
205,128,8867
211,149,8868
212,171,8869
212,175,8870
210,189,8871
196,221,8872
177,241,8873
173,244,8874
154,253,8875
124,256,8876
112,253,8877
80,234,8878
77,231,8879
61,209,8880
50,175,8881
48,154,8882
50,135,8883
59,105,8884
72,84,8885
89,67,8886
104,57,8887
129,49,8888
146,48,8889
178,56,8890
193,65,8891
207,77,8892
223,98,8893
233,119,8894
241,172,8895
240,182,8896
226,229,8897
219,241,8898
197,266,8899
165,284,8900
151,288,8901
123,289,8902
103,285,8903
78,273,8904
43,237,8905
34,221,8906
28,206,8907
20,145,8908
20,143,8909
29,101,8910
51,61,8911
59,52,8912
83,32,8913
125,16,8914
154,15,8915
198,30,8916
205,34,8917
228,54,8918
243,73,8919
266,129,8920
270,166,8921
269,182,8922
257,232,8923
240,264,8924
198,304,8925
138,159,8926
141,158,8927
143,159,8928
145,163,8929
145,166,8930
144,170,8931
143,172,8932
140,175,8933
135,177,8934
131,177,8935
126,175,8936
123,173,8937
119,167,8938
118,165,8939
116,156,8940
117,149,8941
118,145,8942
123,137,8943
128,132,8944
134,129,8945
139,128,8946
143,127,8947
155,131,8948
159,134,8949
164,139,8950
168,145,8951
172,159,8952
173,168,8953
172,175,8954
168,187,8955
163,195,8956
156,202,8957
145,208,8958
131,210,8959
124,209,8960
116,206,8961
108,201,8962
94,183,8963
92,178,8964
88,160,8965
90,140,8966
93,129,8967
100,117,8968
110,106,8969
119,100,8970
133,95,8971
142,94,8972
158,97,8973
176,107,8974
184,115,8975
192,127,8976
198,142,8977
201,159,8978
201,178,8979
196,196,8980
192,205,8981
183,219,8982
158,238,8983
141,243,8984
125,243,8985
119,242,8986
90,227,8987
83,220,8988
68,197,8989
61,175,8990
59,156,8991
61,136,8992
63,127,8993
73,103,8994
83,89,8995
115,66,8996
137,61,8997
147,61,8998
172,67,8999
189,77,9000
210,99,9001
212,102,9002
224,127,9003
229,149,9004
228,187,9005
222,210,9006
217,222,9007
202,244,9008
169,269,9009
155,274,9010
132,277,9011
97,269,9012
78,258,9013
55,234,9014
42,211,9015
34,187,9016
31,165,9017
32,133,9018
41,101,9019
58,71,9020
74,54,9021
92,41,9022
130,28,9023
154,28,9024
165,30,9025
202,47,9026
233,79,9027
242,94,9028
255,131,9029
259,164,9030
254,205,9031
244,234,9032
226,263,9033
222,268,9034
186,297,9035
156,308,9036
110,308,9037
102,306,9038
61,285,9039
43,268,9040
26,245,9041
12,215,9042
2,147,9043
9,105,9044
138,163,9045
135,166,9046
134,166,9047
130,164,9048
128,161,9049
127,157,9050
126,156,9051
127,152,9052
130,146,9053
135,142,9054
134,142,9055
142,140,9056
145,140,9057
152,144,9058
154,145,9059
159,152,9060
161,156,9061
162,167,9062
161,174,9063
159,180,9064
158,182,9065
148,193,9066
145,195,9067
135,197,9068
128,197,9069
124,196,9070
110,186,9071
111,188,9072
103,175,9073
99,160,9074
99,150,9075
100,143,9076
108,126,9077
113,119,9078
120,114,9079
127,110,9080
138,107,9081
151,108,9082
162,112,9083
170,118,9084
183,135,9085
188,147,9086
190,160,9087
190,174,9088
188,185,9089
181,202,9090
175,210,9091
163,221,9092
141,230,9093
131,231,9094
120,229,9095
109,225,9096
89,209,9097
82,200,9098
74,181,9099
71,167,9100
71,142,9101
76,123,9102
82,110,9103
99,90,9104
110,82,9105
129,75,9106
155,75,9107
170,80,9108
176,83,9109
200,105,9110
209,120,9111
212,127,9112
219,160,9113
219,174,9114
214,199,9115
203,223,9116
184,245,9117
173,253,9118
147,263,9119
137,264,9120
108,260,9121
81,245,9122
65,228,9123
59,219,9124
48,196,9125
42,165,9126
42,142,9127
47,118,9128
63,84,9129
83,62,9130
93,55,9131
110,46,9132
141,40,9133
181,49,9134
192,55,9135
216,76,9136
232,99,9137
246,143,9138
248,165,9139
247,181,9140
238,219,9141
225,245,9142
201,272,9143
184,284,9144
150,296,9145
120,297,9146
97,291,9147
72,278,9148
50,258,9149
33,234,9150
20,204,9151
13,163,9152
16,122,9153
26,90,9154
45,57,9155
67,34,9156
83,23,9157
123,8,9158
159,8,9159
165,9,9160
206,26,9161
237,53,9162
258,85,9163
136,159,9164
136,155,9165
139,153,9166
140,152,9167
145,153,9168
148,156,9169
148,155,9170
151,161,9171
151,168,9172
151,169,9173
150,173,9174
145,180,9175
144,181,9176
138,184,9177
129,184,9178
127,184,9179
124,183,9180
118,178,9181
114,173,9182
110,159,9183
110,152,9184
110,149,9185
111,144,9186
118,131,9187
126,125,9188
133,121,9189
140,120,9190
147,120,9191
158,124,9192
163,128,9193
167,131,9194
175,143,9195
179,159,9196
179,174,9197
178,179,9198
174,191,9199
166,203,9200
156,211,9201
142,217,9202
131,218,9203
119,216,9204
112,212,9205
98,201,9206
94,197,9207
84,176,9208
81,158,9209
81,156,9210
85,131,9211
92,116,9212
101,104,9213
108,98,9214
126,89,9215
143,86,9216
152,87,9217
172,95,9218
192,114,9219
196,120,9220
203,135,9221
208,156,9222
208,172,9223
204,194,9224
192,219,9225
178,234,9226
175,237,9227
160,246,9228
139,251,9229
120,250,9230
95,240,9231
72,218,9232
69,214,9233
57,187,9234
53,164,9235
55,131,9236
63,107,9237
70,94,9238
83,78,9239
105,62,9240
111,59,9241
155,54,9242
172,59,9243
195,72,9244
209,86,9245
221,103,9246
230,123,9247
235,143,9248
236,182,9249
230,208,9250
217,236,9251
201,256,9252
176,274,9253
151,283,9254
134,285,9255
109,282,9256
75,265,9257
52,242,9258
38,219,9259
27,187,9260
24,165,9261
26,129,9262
36,95,9263
45,78,9264
63,54,9265
92,32,9266
106,26,9267
130,20,9268
183,28,9269
199,36,9270
221,53,9271
237,72,9272
254,104,9273
265,151,9274
262,201,9275
252,233,9276
251,236,9277
206,293,9278
202,296,9279
150,317,9280
126,318,9281
95,312,9282
141,161,9283
142,164,9284
142,165,9285
140,169,9286
138,171,9287
135,172,9288
133,173,9289
127,170,9290
125,169,9291
122,164,9292
121,161,9293
121,151,9294
121,149,9295
123,144,9296
129,137,9297
132,135,9298
136,133,9299
141,132,9300
147,133,9301
155,137,9302
159,140,9303
165,148,9304
168,157,9305
169,167,9306
167,177,9307
165,183,9308
158,194,9309
151,200,9310
147,202,9311
135,205,9312
128,205,9313
123,204,9314
107,194,9315
99,183,9316
94,170,9317
93,166,9318
92,159,9319
93,144,9320
100,125,9321
109,113,9322
114,109,9323
133,100,9324
141,99,9325
150,100,9326
167,106,9327
182,120,9328
187,127,9329
191,135,9330
196,151,9331
197,173,9332
193,192,9333
188,203,9334
176,220,9335
171,225,9336
140,238,9337
141,238,9338
120,237,9339
106,232,9340
85,216,9341
79,208,9342
67,182,9343
64,165,9344
66,133,9345
69,122,9346
72,114,9347
83,96,9348
113,72,9349
120,69,9350
147,66,9351
151,66,9352
189,83,9353
196,89,9354
206,101,9355
216,118,9356
226,164,9357
226,169,9358
219,206,9359
214,218,9360
202,237,9361
170,263,9362
147,271,9363
130,272,9364
118,271,9365
97,264,9366
60,233,9367
49,216,9368
41,196,9369
36,175,9370
36,136,9371
46,101,9372
48,96,9373
74,60,9374
92,46,9375
116,36,9376
142,32,9377
177,39,9378
190,45,9379
212,61,9380
240,100,9381
244,109,9382
254,153,9383
252,195,9384
250,204,9385
235,242,9386
211,273,9387
185,292,9388
151,304,9389
123,305,9390
96,299,9391
72,287,9392
55,274,9393
21,226,9394
16,214,9395
6,161,9396
6,153,9397
17,94,9398
39,53,9399
51,39,9400
74,20,9401
134,162,9402
133,162,9403
131,158,9404
131,155,9405
131,152,9406
133,150,9407
135,147,9408
136,146,9409
143,145,9410
146,145,9411
149,147,9412
154,152,9413
157,159,9414
157,158,9415
158,165,9416
155,177,9417
154,181,9418
146,188,9419
147,188,9420
137,192,9421
129,192,9422
130,193,9423
120,189,9424
113,183,9425
108,176,9426
105,169,9427
103,154,9428
103,149,9429
109,132,9430
114,125,9431
118,121,9432
125,116,9433
144,112,9434
145,112,9435
157,115,9436
171,125,9437
174,128,9438
180,138,9439
186,158,9440
186,171,9441
180,193,9442
178,198,9443
168,211,9444
158,219,9445
141,225,9446
135,226,9447
125,225,9448
102,215,9449
94,208,9450
86,198,9451
81,188,9452
76,171,9453
75,143,9454
76,137,9455
82,120,9456
98,97,9457
109,88,9458
119,83,9459
132,79,9460
165,83,9461
170,85,9462
191,101,9463
206,124,9464
209,131,9465
213,145,9466
215,164,9467
206,208,9468
198,223,9469
185,238,9470
174,247,9471
151,257,9472
129,259,9473
111,256,9474
97,250,9475
75,233,9476
66,222,9477
51,191,9478
46,166,9479
47,137,9480
59,100,9481
63,92,9482
74,77,9483
92,61,9484
108,52,9485
140,45,9486
168,49,9487
199,66,9488
203,69,9489
225,96,9490
233,112,9491
242,144,9492
243,180,9493
237,210,9494
218,247,9495
202,265,9496
188,276,9497
171,285,9498
131,293,9499
110,290,9500
76,275,9501
55,257,9502
34,227,9503
31,221,9504
17,159,9505
17,152,9506
26,102,9507
44,66,9508
63,44,9509
82,29,9510
111,16,9511
132,12,9512
160,13,9513
199,27,9514
231,53,9515
253,85,9516
266,118,9517
271,144,9518
271,188,9519
265,216,9520
137,159,9521
140,156,9522
144,157,9523
145,158,9524
147,162,9525
147,164,9526
148,166,9527
146,172,9528
145,174,9529
140,178,9530
135,180,9531
132,180,9532
127,179,9533
120,173,9534
119,172,9535
116,167,9536
114,160,9537
114,152,9538
117,141,9539
118,139,9540
126,130,9541
129,128,9542
136,125,9543
146,125,9544
151,126,9545
157,129,9546
165,136,9547
172,147,9548
175,160,9549
175,171,9550
175,173,9551
173,182,9552
162,200,9553
156,206,9554
147,210,9555
142,212,9556
123,212,9557
118,210,9558
105,202,9559
97,193,9560
91,182,9561
87,171,9562
86,146,9563
87,140,9564
94,121,9565
100,112,9566
108,104,9567
129,93,9568
142,91,9569
156,93,9570
174,102,9571
179,106,9572
194,125,9573
196,128,9574
202,147,9575
204,164,9576
200,193,9577
196,203,9578
176,230,9579
175,231,9580
151,244,9581
139,246,9582
112,243,9583
101,238,9584
88,229,9585
69,205,9586
60,182,9587
57,164,9588
57,147,9589
58,137,9590
75,95,9591
89,79,9592
95,74,9593
123,60,9594
147,58,9595
161,60,9596
191,75,9597
196,79,9598
209,93,9599
228,132,9600
232,152,9601
232,180,9602
228,201,9603
210,238,9604
193,257,9605
184,264,9606
150,278,9607
129,280,9608
120,279,9609
92,270,9610
76,260,9611
53,236,9612
36,204,9613
31,185,9614
28,152,9615
36,107,9616
50,78,9617
61,63,9618
99,34,9619
119,27,9620
131,25,9621
154,25,9622
193,38,9623
213,52,9624
240,85,9625
252,111,9626
261,153,9627
261,177,9628
251,224,9629
239,249,9630
225,269,9631
205,288,9632
168,308,9633
143,313,9634
105,310,9635
63,290,9636
36,264,9637
19,238,9638
7,208,9639
139,164,9640
138,166,9641
135,168,9642
132,168,9643
130,167,9644
127,164,9645
126,163,9646
124,158,9647
124,155,9648
126,149,9649
126,147,9650
130,142,9651
134,139,9652
142,137,9653
147,138,9654
148,138,9655
157,144,9656
159,147,9657
162,152,9658
164,162,9659
165,166,9660
163,177,9661
160,184,9662
155,191,9663
146,197,9664
138,200,9665
131,200,9666
123,199,9667
112,192,9668
107,187,9669
100,176,9670
99,173,9671
96,155,9672
98,141,9673
101,133,9674
109,120,9675
109,119,9676
127,107,9677
140,104,9678
151,105,9679
161,109,9680
166,111,9681
184,131,9682
187,136,9683
191,148,9684
193,162,9685
192,179,9686
179,209,9687
176,213,9688
166,223,9689
153,230,9690
139,233,9691
119,232,9692
115,231,9693
94,218,9694
84,207,9695
77,196,9696
69,171,9697
67,156,9698
72,127,9699
82,105,9700
84,102,9701
112,78,9702
111,78,9703
136,71,9704
151,71,9705
178,81,9706
188,88,9707
210,116,9708
215,127,9709
220,146,9710
221,179,9711
218,195,9712
205,225,9713
202,230,9714
170,258,9715
155,264,9716
127,267,9717
119,266,9718
82,249,9719
84,251,9720
53,214,9721
49,206,9722
41,179,9723
39,153,9724
41,131,9725
52,98,9726
67,74,9727
81,60,9728
113,42,9729
123,39,9730
155,38,9731
180,45,9732
218,74,9733
234,98,9734
237,104,9735
246,129,9736
250,179,9737
244,210,9738
231,240,9739
215,262,9740
188,285,9741
179,290,9742
145,300,9743
99,295,9744
65,276,9745
66,277,9746
32,238,9747
28,231,9748
14,191,9749
10,154,9750
13,124,9751
38,62,9752
37,63,9753
81,21,9754
119,6,9755
149,4,9756
152,4,9757
188,13,9758
134,159,9759
134,158,9760
134,155,9761
136,152,9762
139,150,9763
143,150,9764
143,149,9765
147,151,9766
152,157,9767
153,159,9768
154,165,9769
153,171,9770
152,175,9771
147,182,9772
146,183,9773
138,187,9774
135,188,9775
128,187,9776
124,186,9777
115,178,9778
112,174,9779
108,165,9780
107,160,9781
108,146,9782
111,138,9783
115,131,9784
119,126,9785
130,119,9786
133,118,9787
144,117,9788
151,118,9789
161,122,9790
174,136,9791
175,138,9792
181,155,9793
182,169,9794
181,179,9795
177,190,9796
170,202,9797
160,212,9798
148,218,9799
135,221,9800
124,220,9801
107,213,9802
108,214,9803
91,197,9804
85,186,9805
79,164,9806
79,146,9807
80,139,9808
90,114,9809
96,106,9810
112,92,9811
121,87,9812
135,84,9813
151,84,9814
177,95,9815
181,98,9816
193,110,9817
206,135,9818
208,142,9819
211,165,9820
206,196,9821
204,202,9822
187,230,9823
174,241,9824
157,250,9825
139,254,9826
111,251,9827
101,247,9828
85,236,9829
65,212,9830
61,205,9831
53,183,9832
51,139,9833
56,117,9834
62,103,9835
79,78,9836
88,70,9837
112,56,9838
128,51,9839
168,54,9840
176,57,9841
196,69,9842
222,100,9843
227,109,9844
239,155,9845
239,180,9846
236,197,9847
221,234,9848
219,238,9849
190,269,9850
169,281,9851
152,286,9852
121,287,9853
89,277,9854
61,257,9855
53,248,9856
34,217,9857
26,194,9858
22,139,9859
24,125,9860
34,93,9861
62,51,9862
88,31,9863
115,20,9864
132,17,9865
173,21,9866
200,33,9867
214,43,9868
241,73,9869
258,107,9870
263,123,9871
268,174,9872
261,216,9873
241,259,9874
240,261,9875
213,291,9876
176,313,9877
139,159,9878
143,161,9879
144,164,9880
144,165,9881
142,170,9882
141,172,9883
139,174,9884
135,175,9885
130,175,9886
126,173,9887
124,172,9888
120,166,9889
119,163,9890
118,153,9891
118,152,9892
120,145,9893
122,140,9894
132,132,9895
136,130,9896
145,130,9897
151,131,9898
155,133,9899
159,136,9900
165,143,9901
169,152,9902
171,163,9903
171,170,9904
170,178,9905
163,192,9906
158,198,9907
148,205,9908
143,207,9909
131,208,9910
121,206,9911
114,203,9912
101,191,9913
99,189,9914
91,169,9915
90,166,9916
91,141,9917
101,119,9918
101,118,9919
116,104,9920
117,103,9921
132,97,9922
142,96,9923
163,101,9924
179,112,9925
187,122,9926
195,137,9927
198,148,9928
200,165,9929
196,191,9930
196,192,9931
186,212,9932
162,234,9933
151,239,9934
127,241,9935
132,242,9936
115,239,9937
88,223,9938
74,205,9939
67,190,9940
62,171,9941
61,161,9942
63,134,9943
69,115,9944
87,87,9945
105,73,9946
112,69,9947
129,64,9948
160,65,9949
172,69,9950
196,85,9951
213,107,9952
216,112,9953
228,154,9954
228,152,9955
227,185,9956
214,223,9957
197,247,9958
194,250,9959
159,271,9960
138,275,9961
121,274,9962
84,260,9963
80,257,9964
51,225,9965
45,214,9966
34,178,9967
32,154,9968
37,118,9969
43,100,9970
69,61,9971
79,52,9972
112,34,9973
123,31,9974
166,32,9975
178,36,9976
217,62,9977
239,92,9978
249,115,9979
252,125,9980
256,185,9981
253,203,9982
240,238,9983
217,271,9984
189,293,9985
180,298,9986
150,307,9987
120,308,9988
78,294,9989
46,269,9990
36,257,9991
19,228,9992
5,179,9993
4,140,9994
13,97,9995
30,62,9996
136,164,9997
133,164,9998
132,164,9999
129,160,10000
129,159,10001
129,152,10002
129,150,10003
132,146,10004
133,145,10005
139,142,10006
143,142,10007
147,143,10008
150,144,10009
154,148,10010
158,154,10011
160,161,10012
161,165,10013
160,171,10014
157,180,10015
153,186,10016
149,190,10017
138,195,10018
132,196,10019
125,194,10020
121,193,10021
111,185,10022
105,176,10023
102,168,10024
101,163,10025
101,147,10026
103,139,10027
108,128,10028
114,121,10029
124,113,10030
140,109,10031
151,110,10032
160,113,10033
165,116,10034
177,128,10035
182,136,10036
188,157,10037
189,168,10038
187,182,10039
183,194,10040
177,205,10041
163,219,10042
152,225,10043
142,228,10044
133,229,10045
119,227,10046
93,211,10047
88,205,10048
79,190,10049
77,186,10050
72,158,10051
74,135,10052
79,120,10053
93,98,10054
107,86,10055
121,79,10056
134,76,10057
152,76,10058
168,81,10059
179,87,10060
204,114,10061
213,135,10062
217,155,10063
217,152,10064
212,200,10065
207,213,10066
190,237,10067
180,246,10068
169,253,10069
141,262,10070
111,259,10071
96,253,10072
84,245,10073
62,221,10074
53,204,10075
46,181,10076
43,152,10077
48,120,10078
57,97,10079
75,72,10080
81,66,10081
119,45,10082
129,43,10083
161,44,10084
181,51,10085
211,73,10086
227,94,10087
236,112,10088
245,144,10089
246,171,10090
243,197,10091
224,243,10092
210,261,10093
193,276,10094
160,292,10095
146,295,10096
106,292,10097
94,288,10098
54,260,10099
41,244,10100
31,227,10101
17,184,10102
15,172,10103
16,132,10104
26,94,10105
55,48,10106
74,31,10107
97,18,10108
131,9,10109
154,9,10110
190,19,10111
217,36,10112
241,61,10113
254,81,10114
274,148,10115
137,160,10116
137,155,10117
142,154,10118
141,153,10119
146,156,10120
147,157,10121
149,160,10122
150,164,10123
150,168,10124
146,176,10125
144,179,10126
138,182,10127
139,182,10128
134,183,10129
126,181,10130
123,180,10131
119,177,10132
115,171,10133
112,161,10134
111,156,10135
113,144,10136
114,141,10137
121,130,10138
125,127,10139
134,123,10140
147,122,10141
150,123,10142
161,128,10143
164,131,10144
174,146,10145
177,155,10146
177,154,10147
177,175,10148
176,181,10149
165,201,10150
164,202,10151
152,212,10152
136,216,10153
131,216,10154
115,212,10155
106,206,10156
98,199,10157
88,182,10158
85,174,10159
83,151,10160
84,140,10161
87,130,10162
100,108,10163
104,104,10164
112,97,10165
129,90,10166
152,89,10167
162,92,10168
178,101,10169
185,108,10170
200,132,10171
204,144,10172
206,153,10173
206,178,10174
198,205,10175
186,224,10176
173,236,10177
165,241,10178
141,249,10179
119,248,10180
111,246,10181
81,226,10182
70,212,10183
64,201,10184
59,189,10185
54,157,10186
57,130,10187
61,116,10188
80,84,10189
90,74,10190
105,64,10191
137,55,10192
156,56,10193
173,61,10194
194,74,10195
208,87,10196
224,113,10197
234,146,10198
235,160,10199
230,203,10200
227,212,10201
203,251,10202
194,260,10203
178,271,10204
133,283,10205
131,283,10206
84,269,10207
71,260,10208
47,232,10209
33,202,10210
27,177,10211
26,172,10212
31,114,10213
40,90,10214
55,66,10215
80,42,10216
111,26,10217
119,24,10218
155,22,10219
194,35,10220
223,58,10221
231,67,10222
248,94,10223
256,114,10224
264,163,10225
260,203,10226
245,244,10227
225,273,10228
219,280,10229
176,308,10230
142,316,10231
110,314,10232
87,307,10233
51,284,10234
140,161,10235
140,166,10236
140,167,10237
138,169,10238
132,170,10239
130,170,10240
129,170,10241
125,166,10242
123,162,10243
122,158,10244
122,153,10245
124,146,10246
126,142,10247
129,139,10248
134,136,10249
140,134,10250
147,135,10251
148,135,10252
158,141,10253
163,149,10254
166,157,10255
167,160,10256
167,169,10257
165,179,10258
162,185,10259
158,191,10260
149,199,10261
139,203,10262
130,203,10263
119,200,10264
113,197,10265
108,193,10266
98,177,10267
96,172,10268
94,152,10269
94,148,10270
95,141,10271
102,125,10272
112,113,10273
126,104,10274
136,102,10275
140,101,10276
155,103,10277
173,113,10278
177,116,10279
186,129,10280
195,156,10281
195,154,10282
194,182,10283
191,193,10284
179,214,10285
172,221,10286
163,228,10287
145,236,10288
124,236,10289
110,232,10290
88,216,10291
87,215,10292
73,194,10293
67,175,10294
65,151,10295
66,142,10296
72,119,10297
86,95,10298
90,90,10299
121,71,10300
128,69,10301
156,69,10302
164,71,10303
184,81,10304
206,104,10305
213,116,10306
223,148,10307
224,172,10308
222,190,10309
217,207,10310
202,234,10311
186,251,10312
155,267,10313
131,270,10314
119,269,10315
95,261,10316
78,250,10317
56,225,10318
47,207,10319
42,194,10320
37,142,10321
40,123,10322
47,102,10323
69,68,10324
79,58,10325
91,49,10326
127,35,10327
161,36,10328
188,46,10329
210,62,10330
221,73,10331
243,111,10332
252,148,10333
253,161,10334
246,212,10335
241,226,10336
223,257,10337
195,284,10338
177,294,10339
143,303,10340
114,302,10341
77,288,10342
72,285,10343
41,256,10344
20,220,10345
9,178,10346
8,147,10347
8,140,10348
25,79,10349
37,59,10350
68,26,10351
94,11,10352
135,1,10353
134,161,10354
133,161,10355
132,157,10356
133,152,10357
134,150,10358
136,149,10359
138,147,10360
142,146,10361
147,148,10362
148,148,10363
154,155,10364
155,159,10365
156,161,10366
156,170,10367
154,177,10368
151,181,10369
149,185,10370
141,189,10371
135,191,10372
125,189,10373
122,188,10374
116,184,10375
114,182,10376
107,170,10377
105,160,10378
105,149,10379
108,138,10380
109,135,10381
121,121,10382
122,120,10383
132,115,10384
135,114,10385
154,116,10386
165,122,10387
175,133,10388
180,142,10389
183,150,10390
184,155,10391
184,177,10392
179,192,10393
170,206,10394
162,214,10395
149,221,10396
147,222,10397
130,224,10398
123,223,10399
100,211,10400
89,199,10401
86,194,10402
81,184,10403
76,159,10404
79,133,10405
80,129,10406
85,117,10407
108,91,10408
115,87,10409
124,83,10410
150,81,10411
161,83,10412
183,96,10413
187,99,10414
200,116,10415
211,144,10416
213,160,10417
212,184,10418
209,196,10419
197,221,10420
178,242,10421
170,247,10422
148,256,10423
115,255,10424
99,249,10425
89,243,10426
78,234,10427
64,216,10428
50,181,10429
47,156,10430
49,134,10431
59,103,10432
77,77,10433
88,66,10434
100,58,10435
136,47,10436
147,47,10437
178,55,10438
200,69,10439
219,90,10440
230,109,10441
238,132,10442
242,162,10443
241,183,10444
230,223,10445
214,250,10446
186,275,10447
163,286,10448
145,290,10449
119,290,10450
86,279,10451
81,276,10452
43,239,10453
28,209,10454
23,193,10455
19,163,10456
20,133,10457
24,113,10458
50,61,10459
60,49,10460
86,29,10461
118,16,10462
152,14,10463
174,18,10464
208,35,10465
225,49,10466
257,97,10467
269,141,10468
269,139,10469
268,197,10470
259,230,10471
227,281,10472
138,158,10473
141,157,10474
144,159,10475
145,161,10476
146,165,10477
145,170,10478
145,171,10479
142,175,10480
141,176,10481
135,178,10482
130,178,10483
127,177,10484
123,174,10485
119,169,10486
117,165,10487
115,156,10488
116,148,10489
118,143,10490
120,139,10491
129,130,10492
131,129,10493
135,127,10494
148,127,10495
155,130,10496
163,136,10497
169,145,10498
170,147,10499
173,156,10500
174,165,10501
170,185,10502
165,194,10503
159,201,10504
148,208,10505
143,210,10506
130,211,10507
120,209,10508
115,207,10509
103,198,10510
93,183,10511
88,167,10512
87,154,10513
87,151,10514
90,135,10515
100,115,10516
106,108,10517
115,101,10518
125,96,10519
143,93,10520
164,98,10521
166,99,10522
180,109,10523
195,131,10524
198,138,10525
202,156,10526
202,174,10527
195,201,10528
190,211,10529
178,226,10530
163,237,10531
154,241,10532
123,244,10533
112,241,10534
92,230,10535
78,216,10536
66,195,10537
60,175,10538
58,155,10539
62,127,10540
66,115,10541
73,101,10542
87,83,10543
106,69,10544
135,60,10545
150,60,10546
161,62,10547
191,77,10548
199,84,10549
214,103,10550
225,127,10551
231,168,10552
228,194,10553
224,208,10554
217,224,10555
198,250,10556
165,272,10557
152,276,10558
131,278,10559
94,269,10560
90,267,10561
58,240,10562
43,216,10563
32,182,10564
30,167,10565
30,143,10566
43,94,10567
50,81,10568
67,59,10569
95,38,10570
129,27,10571
142,26,10572
193,40,10573
204,47,10574
218,59,10575
250,110,10576
252,116,10577
260,166,10578
259,182,10579
245,234,10580
232,257,10581
215,277,10582
195,293,10583
161,308,10584
121,311,10585
83,300,10586
58,284,10587
48,275,10588
14,223,10589
4,189,10590
2,175,10591
138,165,10592
136,166,10593
132,166,10594
131,166,10595
129,164,10596
127,161,10597
126,158,10598
126,152,10599
127,149,10600
130,145,10601
132,142,10602
138,140,10603
144,139,10604
147,140,10605
153,143,10606
157,147,10607
158,148,10608
162,159,10609
163,167,10610
163,169,10611
160,180,10612
155,188,10613
154,190,10614
145,196,10615
137,198,10616
127,198,10617
115,192,10618
114,192,10619
105,181,10620
100,170,10621
98,162,10622
98,149,10623
100,141,10624
102,134,10625
113,118,10626
121,112,10627
125,109,10628
140,106,10629
152,107,10630
168,115,10631
177,124,10632
185,136,10633
187,141,10634
191,159,10635
191,175,10636
188,189,10637
183,200,10638
171,216,10639
162,223,10640
144,231,10641
132,232,10642
116,229,10643
100,221,10644
88,210,10645
78,194,10646
72,177,10647
69,157,10648
70,143,10649
74,125,10650
87,101,10651
96,91,10652
105,84,10653
121,76,10654
151,73,10655
166,77,10656
175,81,10657
192,94,10658
207,114,10659
218,144,10660
220,158,10661
217,192,10662
213,205,10663
203,225,10664
193,238,10665
164,259,10666
140,265,10667
127,265,10668
114,263,10669
86,250,10670
61,224,10671
58,220,10672
42,175,10673
41,145,10674
44,125,10675
48,111,10676
61,85,10677
75,68,10678
92,54,10679
115,43,10680
161,41,10681
169,43,10682
197,57,10683
216,74,10684
237,108,10685
246,137,10686
249,167,10687
246,195,10688
235,229,10689
233,233,10690
212,263,10691
189,282,10692
164,294,10693
119,298,10694
89,289,10695
73,280,10696
55,265,10697
30,231,10698
15,188,10699
13,176,10700
16,118,10701
27,85,10702
38,65,10703
53,46,10704
70,30,10705
124,7,10706
152,6,10707
196,19,10708
213,29,10709
246,63,10710
136,160,10711
135,156,10712
136,154,10713
140,151,10714
142,151,10715
145,152,10716
149,155,10717
151,159,10718
152,161,10719
152,168,10720
151,173,10721
150,175,10722
146,181,10723
143,183,10724
137,185,10725
132,186,10726
127,185,10727
120,181,10728
117,179,10729
112,170,10730
109,160,10731
109,151,10732
110,144,10733
113,137,10734
119,129,10735
128,122,10736
132,120,10737
137,119,10738
147,119,10739
161,125,10740
163,126,10741
173,137,10742
179,153,10743
180,158,10744
180,172,10745
177,186,10746
173,195,10747
163,207,10748
155,213,10749
143,218,10750
126,218,10751
128,219,10752
109,212,10753
102,207,10754
87,187,10755
85,182,10756
80,158,10757
82,138,10758
83,134,10759
90,117,10760
104,100,10761
116,92,10762
128,87,10763
139,85,10764
167,91,10765
177,97,10766
184,103,10767
196,118,10768
204,134,10769
209,159,10770
209,172,10771
203,200,10772
190,223,10773
187,227,10774
177,237,10775
140,252,10776
125,252,10777
115,250,10778
96,242,10779
76,225,10780
62,203,10781
56,187,10782
52,164,10783
52,144,10784
58,116,10785
67,97,10786
86,74,10787
99,64,10788
136,52,10789
144,52,10790
178,60,10791
200,75,10792
209,84,10793
218,96,10794
231,124,10795
238,163,10796
236,187,10797
232,206,10798
217,238,10799
200,258,10800
177,275,10801
160,282,10802
127,286,10803
93,277,10804
87,274,10805
63,256,10806
38,222,10807
26,187,10808
23,147,10809
23,146,10810
30,109,10811
44,77,10812
79,39,10813
98,28,10814
123,20,10815
165,21,10816
184,27,10817
203,37,10818
236,69,10819
254,101,10820
260,118,10821
266,178,10822
264,196,10823
253,234,10824
243,253,10825
225,277,10826
174,312,10827
151,318,10828
124,319,10829
138,160,10830
142,162,10831
143,165,10832
140,170,10833
138,172,10834
136,173,10835
134,174,10836
129,173,10837
125,170,10838
124,169,10839
121,165,10840
120,158,10841
119,156,10842
121,146,10843
124,141,10844
127,137,10845
131,134,10846
136,132,10847
143,131,10848
154,135,10849
156,136,10850
163,143,10851
165,146,10852
169,157,10853
169,172,10854
167,181,10855
166,183,10856
164,188,10857
155,198,10858
143,205,10859
138,206,10860
125,206,10861
113,200,10862
109,197,10863
99,185,10864
94,174,10865
91,161,10866
91,156,10867
94,136,10868
102,120,10869
110,111,10870
116,106,10871
133,99,10872
144,98,10873
153,99,10874
165,104,10875
175,111,10876
187,125,10877
194,140,10878
198,157,10879
198,172,10880
195,188,10881
184,212,10882
177,221,10883
162,232,10884
153,236,10885
132,240,10886
116,237,10887
111,236,10888
91,223,10889
77,207,10890
69,191,10891
63,148,10892
63,144,10893
67,124,10894
73,110,10895
94,83,10896
103,76,10897
135,65,10898
142,64,10899
167,69,10900
192,84,10901
200,92,10902
206,99,10903
220,126,10904
227,162,10905
226,181,10906
223,197,10907
204,236,10908
196,245,10909
167,266,10910
156,270,10911
139,273,10912
110,270,10913
79,254,10914
57,231,10915
49,218,10916
43,205,10917
34,165,10918
36,131,10919
43,105,10920
60,74,10921
70,62,10922
102,40,10923
115,35,10924
142,31,10925
178,38,10926
189,43,10927
221,69,10928
243,104,10929
250,124,10930
255,153,10931
255,180,10932
247,218,10933
228,255,10934
198,285,10935
191,290,10936
144,306,10937
133,307,10938
84,295,10939
71,288,10940
36,254,10941
22,231,10942
13,208,10943
8,188,10944
7,129,10945
19,86,10946
23,77,10947
49,40,10948
137,162,10949
133,163,10950
131,161,10951
130,157,10952
130,153,10953
131,151,10954
133,147,10955
136,145,10956
140,144,10957
142,143,10958
149,146,10959
153,149,10960
154,150,10961
157,156,10962
159,163,10963
158,172,10964
157,177,10965
152,184,10966
150,187,10967
142,192,10968
137,193,10969
131,194,10970
124,192,10971
118,189,10972
108,178,10973
104,169,10974
103,162,10975
102,159,10976
104,141,10977
106,136,10978
114,123,10979
120,118,10980
127,114,10981
145,111,10982
147,111,10983
163,117,10984
165,118,10985
179,134,10986
184,145,10987
187,160,10988
185,182,10989
184,187,10990
179,198,10991
169,212,10992
164,216,10993
147,225,10994
131,227,10995
114,223,10996
113,223,10997
101,216,10998
87,201,10999
76,176,11000
75,172,11001
73,154,11002
80,122,11003
85,112,11004
90,104,11005
114,84,11006
121,81,11007
131,78,11008
166,82,11009
184,93,11010
195,104,11011
202,114,11012
210,131,11013
216,162,11014
214,186,11015
212,195,11016
201,220,11017
195,229,11018
169,251,11019
155,257,11020
125,260,11021
105,255,11022
87,245,11023
83,242,11024
64,221,11025
55,205,11026
46,173,11027
47,133,11028
50,119,11029
63,90,11030
70,80,11031
96,57,11032
119,47,11033
146,44,11034
174,50,11035
179,52,11036
201,66,11037
231,105,11038
240,129,11039
243,145,11040
245,165,11041
231,227,11042
224,240,11043
199,269,11044
176,284,11045
157,291,11046
147,293,11047
94,286,11048
65,268,11049
46,248,11050
43,244,11051
20,191,11052
17,174,11053
18,130,11054
27,96,11055
35,79,11056
60,45,11057
85,26,11058
114,14,11059
129,11,11060
161,12,11061
209,32,11062
218,39,11063
248,74,11064
266,115,11065
273,154,11066
268,209,11067
138,156,11068
140,155,11069
141,155,11070
145,156,11071
147,160,11072
148,164,11073
149,165,11074
148,169,11075
146,174,11076
142,178,11077
139,180,11078
135,181,11079
130,181,11080
124,178,11081
121,176,11082
118,173,11083
115,168,11084
113,153,11085
113,152,11086
115,143,11087
118,137,11088
123,131,11089
132,125,11090
137,124,11091
142,123,11092
154,126,11093
160,130,11094
165,134,11095
173,148,11096
176,159,11097
176,172,11098
174,182,11099
168,194,11100
164,200,11101
158,205,11102
143,213,11103
139,214,11104
123,213,11105
111,208,11106
98,196,11107
90,182,11108
88,178,11109
85,164,11110
84,155,11111
88,132,11112
95,117,11113
104,106,11114
118,96,11115
133,91,11116
138,90,11117
156,92,11118
173,100,11119
182,107,11120
186,111,11121
201,139,11122
205,164,11123
205,168,11124
198,201,11125
192,213,11126
187,220,11127
178,230,11128
154,244,11129
142,247,11130
115,245,11131
97,237,11132
84,227,11133
72,212,11134
61,189,11135
58,178,11136
56,144,11137
65,111,11138
76,92,11139
86,80,11140
109,64,11141
111,63,11142
149,57,11143
161,59,11144
181,67,11145
201,82,11146
213,97,11147
229,131,11148
233,153,11149
233,182,11150
224,215,11151
213,236,11152
199,253,11153
181,267,11154
163,276,11155
137,281,11156
114,279,11157
84,267,11158
65,252,11159
52,237,11160
34,200,11161
29,180,11162
27,152,11163
34,110,11164
48,79,11165
67,55,11166
84,41,11167
119,26,11168
140,23,11169
161,25,11170
186,33,11171
220,57,11172
234,74,11173
251,105,11174
262,154,11175
261,188,11176
257,208,11177
242,246,11178
216,280,11179
181,304,11180
177,306,11181
122,314,11182
105,311,11183
77,300,11184
47,278,11185
20,242,11186
140,163,11187
139,166,11188
137,168,11189
135,169,11190
133,169,11191
128,167,11192
126,165,11193
125,163,11194
124,153,11195
124,152,11196
125,147,11197
128,143,11198
129,141,11199
134,138,11200
141,136,11201
144,136,11202
151,138,11203
156,142,11204
160,146,11205
164,156,11206
165,158,11207
165,173,11208
163,180,11209
160,186,11210
151,195,11211
149,197,11212
136,201,11213
132,202,11214
121,199,11215
114,195,11216
106,188,11217
98,173,11218
96,164,11219
95,156,11220
99,135,11221
100,132,11222
104,124,11223
117,111,11224
129,105,11225
145,103,11226
157,106,11227
163,108,11228
169,112,11229
178,120,11230
190,141,11231
192,148,11232
194,168,11233
189,193,11234
188,196,11235
175,216,11236
170,221,11237
140,234,11238
130,235,11239
129,235,11240
101,225,11241
90,216,11242
77,198,11243
70,180,11244
67,167,11245
67,147,11246
71,126,11247
79,108,11248
99,85,11249
101,83,11250
117,74,11251
150,70,11252
151,70,11253
177,79,11254
193,91,11255
205,105,11256
214,122,11257
222,154,11258
221,186,11259
220,191,11260
212,215,11261
190,245,11262
180,253,11263
162,263,11264
138,268,11265
100,261,11266
88,255,11267
71,241,11268
60,228,11269
43,192,11270
38,158,11271
39,138,11272
42,123,11273
53,93,11274
71,68,11275
95,49,11276
112,41,11277
138,36,11278
158,37,11279
182,45,11280
212,66,11281
233,94,11282
247,129,11283
251,153,11284
251,177,11285
245,210,11286
232,240,11287
207,272,11288
196,281,11289
152,300,11290
132,302,11291
110,299,11292
71,282,11293
57,271,11294
35,245,11295
16,203,11296
10,172,11297
10,138,11298
20,95,11299
32,69,11300
53,42,11301
74,24,11302
118,5,11303
152,3,11304
166,5,11305
134,160,11306
133,158,11307
133,156,11308
135,152,11309
138,149,11310
140,149,11311
141,148,11312
146,149,11313
149,151,11314
153,156,11315
154,160,11316
155,166,11317
155,169,11318
152,177,11319
151,179,11320
143,186,11321
143,187,11322
134,189,11323
124,187,11324
121,185,11325
117,182,11326
113,178,11327
107,165,11328
106,157,11329
108,143,11330
110,137,11331
113,132,11332
122,122,11333
130,118,11334
138,116,11335
148,116,11336
150,116,11337
169,128,11338
175,136,11339
179,144,11340
182,154,11341
183,171,11342
180,185,11343
176,195,11344
165,209,11345
157,215,11346
149,219,11347
130,222,11348
123,221,11349
111,217,11350
100,209,11351
92,200,11352
83,184,11353
80,175,11354
77,156,11355
83,126,11356
89,114,11357
97,103,11358
109,92,11359
117,88,11360
143,82,11361
156,84,11362
176,93,11363
181,96,11364
191,106,11365
203,125,11366
211,153,11367
210,184,11368
208,193,11369
198,217,11370
187,231,11371
168,246,11372
165,248,11373
140,255,11374
117,254,11375
94,244,11376
81,234,11377
68,219,11378
58,201,11379
49,161,11380
49,149,11381
53,124,11382
58,109,11383
83,73,11384
96,63,11385
119,52,11386
137,49,11387
151,49,11388
186,61,11389
205,76,11390
214,86,11391
236,131,11392
239,145,11393
240,178,11394
232,213,11395
223,233,11396
216,244,11397
191,270,11398
152,287,11399
136,289,11400
95,281,11401
90,279,11402
65,262,11403
39,229,11404
32,215,11405
21,170,11406
20,156,11407
29,103,11408
44,72,11409
67,45,11410
86,31,11411
114,19,11412
129,16,11413
174,20,11414
189,26,11415
212,40,11416
238,67,11417
263,119,11418
264,123,11419
269,172,11420
260,222,11421
243,258,11422
217,289,11423
207,297,11424
140,158,11425
142,159,11426
144,162,11427
145,165,11428
144,168,11429
142,172,11430
141,174,11431
139,175,11432
133,177,11433
130,176,11434
124,173,11435
123,172,11436
118,162,11437
117,159,11438
117,156,11439
118,148,11440
121,140,11441
124,137,11442
131,131,11443
136,129,11444
142,128,11445
150,129,11446
158,134,11447
164,140,11448
169,149,11449
171,155,11450
172,164,11451
172,173,11452
170,181,11453
162,195,11454
155,202,11455
152,204,11456
137,209,11457
129,209,11458
120,207,11459
103,195,11460
99,191,11461
92,176,11462
91,173,11463
89,147,11464
91,139,11465
95,126,11466
105,112,11467
112,105,11468
123,99,11469
139,95,11470
152,96,11471
159,98,11472
177,109,11473
185,117,11474
197,140,11475
200,155,11476
201,167,11477
199,185,11478
189,209,11479
180,221,11480
168,232,11481
161,236,11482
144,242,11483
115,240,11484
101,234,11485
95,230,11486
76,210,11487
71,202,11488
61,171,11489
61,140,11490
64,126,11491
70,110,11492
92,81,11493
95,78,11494
112,68,11495
148,62,11496
165,65,11497
170,67,11498
194,82,11499
210,100,11500
218,114,11501
226,136,11502
229,177,11503
226,194,11504
218,218,11505
207,237,11506
182,261,11507
165,270,11508
137,276,11509
119,275,11510
81,259,11511
62,242,11512
51,227,11513
44,214,11514
34,184,11515
31,156,11516
36,117,11517
48,88,11518
59,71,11519
76,53,11520
123,30,11521
138,28,11522
166,31,11523
183,37,11524
223,67,11525
233,80,11526
249,112,11527
258,158,11528
258,174,11529
252,210,11530
237,246,11531
209,280,11532
207,282,11533
157,307,11534
147,309,11535
95,303,11536
92,302,11537
56,280,11538
30,250,11539
10,207,11540
6,191,11541
3,140,11542
16,87,11543
138,162,11544
135,165,11545
133,165,11546
130,163,11547
129,162,11548
128,154,11549
127,155,11550
128,151,11551
133,144,11552
136,142,11553
138,141,11554
143,141,11555
146,141,11556
155,148,11557
155,147,11558
160,156,11559
161,159,11560
161,170,11561
160,175,11562
156,184,11563
153,188,11564
148,192,11565
143,195,11566
128,196,11567
121,194,11568
116,191,11569
107,181,11570
107,182,11571
100,162,11572
99,155,11573
101,142,11574
102,138,11575
115,119,11576
114,119,11577
125,112,11578
132,109,11579
149,108,11580
162,113,11581
165,115,11582
176,125,11583
185,141,11584
189,154,11585
190,165,11586
189,177,11587
185,192,11588
179,204,11589
165,219,11590
147,228,11591
135,230,11592
130,230,11593
107,223,11594
102,220,11595
88,207,11596
78,191,11597
71,161,11598
71,159,11599
74,131,11600
78,120,11601
89,101,11602
105,86,11603
120,78,11604
127,76,11605
157,76,11606
176,84,11607
181,87,11608
202,109,11609
211,126,11610
216,142,11611
218,177,11612
218,179,11613
210,208,11614
201,225,11615
179,248,11616
156,260,11617
140,263,11618
113,261,11619
100,256,11620
86,248,11621
69,232,11622
48,193,11623
44,178,11624
43,139,11625
48,116,11626
64,84,11627
63,85,11628
84,62,11629
113,46,11630
135,41,11631
172,46,11632
195,58,11633
202,63,11634
227,92,11635
228,93,11636
247,159,11637
247,173,11638
238,217,11639
234,227,11640
217,255,11641
200,272,11642
167,291,11643
132,297,11644
105,293,11645
78,281,11646
65,272,11647
31,229,11648
29,225,11649
14,170,11650
15,132,11651
21,105,11652
33,77,11653
38,68,11654
81,25,11655
94,18,11656
128,8,11657
154,8,11658
208,28,11659
221,38,11660
241,59,11661
263,98,11662
136,157,11663
137,154,11664
140,153,11665
142,152,11666
145,154,11667
148,157,11668
150,160,11669
150,159,11670
151,165,11671
149,173,11672
149,174,11673
146,178,11674
139,183,11675
135,184,11676
128,183,11677
124,182,11678
121,180,11679
114,171,11680
113,170,11681
111,161,11682
110,156,11683
111,147,11684
116,135,11685
119,131,11686
131,123,11687
136,121,11688
146,121,11689
149,121,11690
161,127,11691
169,135,11692
171,137,11693
178,154,11694
179,167,11695
179,169,11696
175,186,11697
172,193,11698
161,207,11699
151,213,11700
138,217,11701
130,217,11702
110,210,11703
110,211,11704
92,192,11705
87,183,11706
84,174,11707
82,150,11708
83,141,11709
89,123,11710
97,110,11711
103,103,11712
124,90,11713
132,88,11714
144,87,11715
163,91,11716
178,100,11717
192,115,11718
197,123,11719
205,144,11720
208,168,11721
206,183,11722
202,198,11723
184,228,11724
167,241,11725
155,247,11726
142,250,11727
117,249,11728
104,244,11729
89,235,11730
70,214,11731
65,206,11732
55,176,11733
53,154,11734
55,134,11735
69,97,11736
80,82,11737
101,65,11738
123,56,11739
127,55,11740
150,54,11741
177,62,11742
190,69,11743
215,95,11744
229,122,11745
235,147,11746
235,183,11747
235,185,11748
225,219,11749
204,252,11750
182,270,11751
156,281,11752
138,284,11753
119,283,11754
99,278,11755
72,262,11756
43,227,11757
36,213,11758
26,178,11759
24,156,11760
30,114,11761
39,90,11762
57,62,11763
90,34,11764
114,24,11765
143,20,11766
162,22,11767
192,33,11768
221,54,11769
230,64,11770
257,114,11771
262,134,11772
264,185,11773
262,198,11774
241,253,11775
234,264,11776
191,302,11777
174,310,11778
151,316,11779
108,315,11780
66,297,11781
139,160,11782
141,165,11783
141,167,11784
138,170,11785
136,171,11786
133,172,11787
131,172,11788
128,170,11789
124,166,11790
122,162,11791
121,158,11792
121,154,11793
123,146,11794
125,142,11795
130,137,11796
136,134,11797
140,133,11798
144,133,11799
153,136,11800
158,140,11801
162,145,11802
166,152,11803
168,160,11804
168,169,11805
166,178,11806
161,189,11807
155,196,11808
148,201,11809
138,204,11810
129,204,11811
120,202,11812
111,197,11813
107,193,11814
99,182,11815
94,167,11816
93,151,11817
93,145,11818
96,135,11819
102,123,11820
108,115,11821
122,105,11822
128,102,11823
144,100,11824
161,104,11825
164,105,11826
182,121,11827
189,132,11828
196,156,11829
197,165,11830
194,187,11831
187,204,11832
181,213,11833
168,226,11834
166,228,11835
143,237,11836
118,236,11837
104,230,11838
96,225,11839
79,207,11840
70,189,11841
65,170,11842
64,158,11843
66,136,11844
76,108,11845
82,98,11846
107,76,11847
123,69,11848
133,67,11849
157,68,11850
165,70,11851
195,89,11852
202,97,11853
220,131,11854
222,137,11855
225,159,11856
223,190,11857
215,214,11858
197,242,11859
176,259,11860
166,264,11861
148,270,11862
126,271,11863
103,266,11864
72,246,11865
60,232,11866
46,208,11867
36,167,11868
35,154,11869
37,133,11870
51,92,11871
63,73,11872
75,60,11873
101,42,11874
128,34,11875
156,34,11876
195,49,11877
211,61,11878
217,67,11879
242,106,11880
253,147,11881
254,169,11882
252,191,11883
238,235,11884
228,252,11885
198,283,11886
161,301,11887
146,304,11888
113,303,11889
78,290,11890
53,271,11891
38,254,11892
15,209,11893
12,199,11894
7,144,11895
8,133,11896
20,88,11897
31,66,11898
75,20,11899
101,7,11900
136,162,11901
132,161,11902
131,157,11903
131,156,11904
132,151,11905
134,149,11906
137,146,11907
139,146,11908
145,146,11909
146,146,11910
151,149,11911
155,155,11912
157,161,11913
157,168,11914
157,170,11915
154,178,11916
152,183,11917
145,188,11918
140,191,11919
129,191,11920
127,191,11921
125,191,11922
113,182,11923
112,181,11924
106,170,11925
104,160,11926
105,144,11927
106,139,11928
111,130,11929
114,126,11930
123,118,11931
136,113,11932
151,114,11933
152,114,11934
163,119,11935
170,125,11936
179,137,11937
184,151,11938
186,165,11939
185,175,11940
179,194,11941
178,197,11942
168,210,11943
155,220,11944
147,223,11945
129,225,11946
108,218,11947
98,211,11948
95,208,11949
81,187,11950
79,181,11951
75,153,11952
76,142,11953
78,132,11954
96,100,11955
98,98,11956
112,87,11957
128,81,11958
145,79,11959
168,85,11960
174,88,11961
191,102,11962
209,133,11963
210,136,11964
214,158,11965
210,196,11966
204,211,11967
195,226,11968
186,236,11969
173,247,11970
141,258,11971
114,256,11972
110,255,11973
81,238,11974
75,232,11975
57,205,11976
49,181,11977
47,171,11978
50,125,11979
65,91,11980
75,77,11981
84,68,11982
115,50,11983
127,47,11984
147,46,11985
179,54,11986
208,75,11987
211,78,11988
237,125,11989
239,132,11990
243,170,11991
241,190,11992
230,226,11993
209,257,11994
191,273,11995
178,281,11996
136,292,11997
129,292,11998
102,287,11999
62,263,12000
49,249,12001
30,217,12002
22,193,12003
18,146,12004
19,133,12005
31,91,12006
44,67,12007
71,38,12008
110,17,12009
123,14,12010
141,12,12011
201,29,12012
220,43,12013
240,65,12014
258,97,12015
265,117,12016
271,148,12017
270,191,12018
244,261,12019
138,157,12020
141,156,12021
143,157,12022
145,159,12023
146,162,12024
147,165,12025
146,171,12026
144,174,12027
143,176,12028
136,179,12029
135,179,12030
130,179,12031
125,177,12032
119,171,12033
117,167,12034
115,162,12035
114,154,12036
115,149,12037
117,143,12038
120,137,12039
127,130,12040
130,128,12041
140,125,12042
147,126,12043
156,129,12044
161,133,12045
168,141,12046
173,152,12047
174,156,12048
174,175,12049
171,185,12050
169,190,12051
162,199,12052
153,207,12053
136,212,12054
129,212,12055
122,211,12056
113,207,12057
102,198,12058
91,181,12059
88,171,12060
86,160,12061
87,143,12062
95,121,12063
100,113,12064
109,104,12065
118,98,12066
138,92,12067
144,92,12068
153,93,12069
173,102,12070
188,117,12071
197,133,12072
202,148,12073
203,161,12074
202,182,12075
194,206,12076
187,217,12077
176,229,12078
157,241,12079
152,243,12080
133,246,12081
114,243,12082
93,232,12083
80,220,12084
68,202,12085
61,183,12086
58,170,12087
61,127,12088
62,123,12089
75,96,12090
99,72,12091
120,62,12092
132,59,12093
157,60,12094
162,61,12095
196,80,12096
204,88,12097
218,108,12098
230,144,12099
232,171,12100
231,183,12101
221,218,12102
210,237,12103
192,257,12104
160,275,12105
136,279,12106
126,279,12107
109,276,12108
70,254,12109
49,229,12110
45,222,12111
32,188,12112
29,147,12113
31,128,12114
46,86,12115
52,76,12116
74,51,12117
108,31,12118
139,25,12119
142,25,12120
186,35,12121
213,53,12122
229,70,12123
251,110,12124
257,131,12125
261,168,12126
254,213,12127
250,225,12128
222,271,12129
208,285,12130
183,301,12131
162,309,12132
118,312,12133
104,309,12134
63,289,12135
41,269,12136
15,228,12137
2,183,12138
139,163,12139
137,167,12140
135,167,12141
134,168,12142
130,166,12143
127,163,12144
126,162,12145
125,158,12146
125,153,12147
127,148,12148
127,146,12149
134,140,12150
138,138,12151
143,138,12152
150,140,12153
154,142,12154
155,143,12155
161,152,12156
163,159,12157
164,167,12158
163,175,12159
159,184,12160
155,190,12161
147,196,12162
138,199,12163
132,200,12164
122,197,12165
118,196,12166
109,188,12167
103,180,12168
100,174,12169
97,161,12170
98,145,12171
98,143,12172
103,130,12173
115,115,12174
115,114,12175
138,105,12176
146,105,12177
152,106,12178
173,118,12179
179,124,12180
185,134,12181
188,140,12182
192,160,12183
192,176,12184
187,194,12185
176,212,12186
169,219,12187
166,222,12188
151,230,12189
132,233,12190
118,231,12191
99,222,12192
88,211,12193
74,187,12194
71,178,12195
68,154,12196
69,141,12197
74,123,12198
87,99,12199
100,86,12200
121,75,12201
123,74,12202
153,72,12203
162,74,12204
189,90,12205
204,107,12206
207,112,12207
219,143,12208
221,170,12209
218,192,12210
215,203,12211
197,235,12212
191,242,12213
174,255,12214
141,266,12215
124,266,12216
113,264,12217
71,238,12218
65,232,12219
49,204,12220
44,190,12221
40,147,12222
40,144,12223
47,111,12224
70,72,12225
83,59,12226
93,52,12227
138,38,12228
148,38,12229
186,49,12230
192,52,12231
218,75,12232
230,92,12233
247,137,12234
250,163,12235
246,200,12236
232,237,12237
226,247,12238
191,282,12239
183,287,12240
153,298,12241
135,300,12242
101,295,12243
73,281,12244
40,249,12245
34,240,12246
14,189,12247
11,149,12248
15,117,12249
18,106,12250
35,68,12251
67,31,12252
104,11,12253
123,6,12254
153,5,12255
178,10,12256
222,35,12257
135,160,12258
134,156,12259
135,154,12260
138,151,12261
141,150,12262
145,151,12263
145,150,12264
150,155,12265
152,158,12266
153,162,12267
153,168,12268
151,175,12269
152,174,12270
148,180,12271
143,184,12272
135,187,12273
131,187,12274
124,185,12275
118,181,12276
115,177,12277
110,168,12278
109,166,12279
107,155,12280
109,145,12281
115,132,12282
122,125,12283
127,121,12284
136,118,12285
142,117,12286
151,119,12287
155,120,12288
169,130,12289
173,136,12290
180,152,12291
181,170,12292
181,175,12293
178,187,12294
172,198,12295
165,207,12296
152,216,12297
141,219,12298
129,220,12299
112,215,12300
110,214,12301
97,204,12302
87,189,12303
82,176,12304
79,157,12305
80,143,12306
83,130,12307
89,117,12308
105,98,12309
115,91,12310
118,89,12311
143,84,12312
153,85,12313
177,96,12314
194,113,12315
197,117,12316
205,134,12317
210,160,12318
209,181,12319
205,197,12320
190,225,12321
187,229,12322
160,248,12323
155,250,12324
123,253,12325
105,248,12326
88,238,12327
74,224,12328
58,196,12329
56,191,12330
51,147,12331
52,135,12332
55,122,12333
72,88,12334
84,74,12335
113,56,12336
138,51,12337
151,51,12338
176,58,12339
186,63,12340
205,78,12341
231,121,12342
237,143,12343
239,167,12344
237,189,12345
226,224,12346
219,236,12347
202,258,12348
169,280,12349
154,285,12350
119,286,12351
95,279,12352
73,266,12353
49,242,12354
38,224,12355
29,202,12356
22,163,12357
28,112,12358
36,90,12359
46,72,12360
62,52,12361
102,25,12362
118,20,12363
143,17,12364
177,23,12365
209,40,12366
236,67,12367
253,96,12368
263,126,12369
267,177,12370
267,183,12371
257,226,12372
239,261,12373
220,284,12374
188,307,12375
143,320,12376
140,159,12377
143,162,12378
143,166,12379
143,167,12380
142,169,12381
138,173,12382
138,174,12383
134,175,12384
129,174,12385
127,173,12386
124,171,12387
120,164,12388
119,160,12389
118,155,12390
121,144,12391
122,142,12392
126,136,12393
136,131,12394
135,131,12395
147,131,12396
155,134,12397
158,136,12398
162,140,12399
166,146,12400
170,160,12401
171,166,12402
168,181,12403
168,182,12404
159,196,12405
150,203,12406
146,205,12407
133,208,12408
123,206,12409
111,200,12410
106,196,12411
101,190,12412
92,172,12413
90,158,12414
91,144,12415
95,131,12416
101,120,12417
106,113,12418
121,102,12419
131,98,12420
147,97,12421
159,100,12422
169,105,12423
178,112,12424
192,132,12425
193,134,12426
199,159,12427
199,171,12428
196,189,12429
188,208,12430
176,223,12431
156,236,12432
148,239,12433
123,240,12434
121,240,12435
94,227,12436
89,223,12437
71,198,12438
68,191,12439
62,163,12440
62,141,12441
70,114,12442
77,101,12443
87,88,12444
110,71,12445
131,64,12446
157,65,12447
172,70,12448
189,80,12449
195,85,12450
220,123,12451
224,135,12452
228,163,12453
225,193,12454
223,200,12455
207,233,12456
193,250,12457
172,265,12458
160,270,12459
125,274,12460
89,262,12461
77,254,12462
57,233,12463
53,227,12464
37,190,12465
33,161,12466
35,130,12467
43,102,12468
60,72,12469
69,62,12470
90,45,12471
118,33,12472
146,30,12473
167,33,12474
191,43,12475
214,60,12476
245,106,12477
250,120,12478
256,155,12479
256,182,12480
247,221,12481
231,252,12482
218,269,12483
184,295,12484
147,307,12485
120,307,12486
112,306,12487
60,281,12488
46,268,12489
23,235,12490
9,197,12491
4,152,12492
5,137,12493
10,109,12494
40,49,12495
137,163,12496
135,164,12497
132,163,12498
130,160,12499
129,158,12500
129,154,12501
130,150,12502
132,147,12503
136,144,12504
138,143,12505
145,143,12506
148,144,12507
153,147,12508
156,152,12509
158,155,12510
160,165,12511
160,168,12512
158,176,12513
152,186,12514
148,190,12515
145,192,12516
134,195,12517
132,195,12518
118,190,12519
115,188,12520
108,180,12521
103,169,12522
101,160,12523
101,157,12524
102,145,12525
109,128,12526
112,124,12527
123,115,12528
131,111,12529
138,110,12530
148,110,12531
162,115,12532
173,124,12533
177,129,12534
185,145,12535
188,163,12536
187,179,12537
186,183,12538
181,197,12539
172,210,12540
162,219,12541
153,224,12542
131,228,12543
118,226,12544
102,218,12545
96,213,12546
79,188,12547
78,186,12548
74,173,12549
75,134,12550
78,124,12551
82,115,12552
94,98,12553
118,81,12554
127,78,12555
141,76,12556
164,80,12557
171,83,12558
192,99,12559
206,119,12560
214,141,12561
217,163,12562
216,181,12563
207,211,12564
204,217,12565
186,240,12566
176,248,12567
148,260,12568
145,261,12569
107,257,12570
94,251,12571
74,235,12572
59,215,12573
52,200,12574
44,151,12575
46,131,12576
47,126,12577
68,81,12578
80,68,12579
99,54,12580
115,47,12581
146,43,12582
166,46,12583
195,60,12584
206,69,12585
234,109,12586
243,138,12587
245,150,12588
244,188,12589
234,223,12590
222,245,12591
210,260,12592
189,278,12593
161,291,12594
136,295,12595
105,291,12596
78,279,12597
44,247,12598
28,219,12599
19,191,12600
15,152,12601
17,129,12602
26,96,12603
42,65,12604
74,32,12605
88,23,12606
101,17,12607
143,9,12608
178,15,12609
211,32,12610
241,62,12611
252,79,12612
266,111,12613
274,158,12614
137,156,12615
138,155,12616
143,155,12617
144,154,12618
146,157,12619
148,160,12620
149,162,12621
149,169,12622
149,170,12623
147,174,12624
144,178,12625
137,182,12626
131,182,12627
130,182,12628
121,177,12629
120,177,12630
116,172,12631
113,164,12632
112,153,12633
113,146,12634
114,143,12635
119,134,12636
122,130,12637
126,127,12638
136,123,12639
149,123,12640
156,126,12641
161,129,12642
172,143,12643
175,150,12644
177,158,12645
178,166,12646
176,177,12647
169,195,12648
161,204,12649
151,211,12650
154,210,12651
129,215,12652
122,214,12653
108,207,12654
96,195,12655
93,191,12656
85,170,12657
84,165,12658
84,144,12659
86,135,12660
94,117,12661
106,103,12662
120,94,12663
121,93,12664
140,89,12665
160,92,12666
169,96,12667
177,101,12668
192,118,12669
204,148,12670
206,161,12671
206,168,12672
203,190,12673
189,219,12674
177,232,12675
169,238,12676
148,247,12677
134,249,12678
114,246,12679
93,236,12680
85,229,12681
72,214,12682
59,186,12683
57,179,12684
55,147,12685
63,113,12686
67,104,12687
80,85,12688
101,67,12689
119,59,12690
133,56,12691
171,61,12692
191,72,12693
201,81,12694
214,96,12695
231,135,12696
234,152,12697
233,187,12698
230,201,12699
216,233,12700
190,262,12701
173,273,12702
157,279,12703
119,281,12704
105,278,12705
75,262,12706
72,260,12707
42,222,12708
28,179,12709
28,180,12710
26,151,12711
30,120,12712
55,67,12713
72,49,12714
81,42,12715
122,24,12716
145,22,12717
182,30,12718
204,42,12719
223,59,12720
240,81,12721
260,132,12722
263,154,12723
262,187,12724
256,216,12725
241,250,12726
212,285,12727
195,298,12728
165,311,12729
119,315,12730
87,306,12731
84,305,12732
31,261,12733
140,162,12734
140,165,12735
139,168,12736
135,170,12737
133,170,12738
129,169,12739
127,168,12740
124,163,12741
123,160,12742
123,153,12743
123,150,12744
126,144,12745
128,141,12746
133,137,12747
136,136,12748
144,135,12749
148,136,12750
151,137,12751
156,140,12752
164,153,12753
165,155,12754
167,164,12755
166,173,12756
164,180,12757
154,194,12758
152,196,12759
146,200,12760
135,203,12761
127,202,12762
121,200,12763
109,193,12764
104,187,12765
98,175,12766
96,169,12767
95,147,12768
95,145,12769
101,127,12770
113,113,12771
114,112,12772
123,106,12773
141,102,12774
148,102,12775
163,107,12776
180,121,12777
185,128,12778
189,136,12779
195,161,12780
195,167,12781
191,191,12782
184,206,12783
179,213,12784
163,227,12785
148,234,12786
138,236,12787
115,233,12788
102,227,12789
87,214,12790
74,194,12791
75,197,12792
66,164,12793
67,138,12794
68,134,12795
77,110,12796
86,96,12797
108,77,12798
133,69,12799
143,68,12800
167,73,12801
181,80,12802
187,84,12803
209,110,12804
221,141,12805
223,154,12806
223,180,12807
222,187,12808
213,215,12809
187,249,12810
173,259,12811
148,268,12812
129,269,12813
117,268,12814
93,259,12815
79,250,12816
51,215,12817
42,191,12818
38,173,12819
41,123,12820
46,106,12821
49,99,12822
77,61,12823
85,54,12824
106,42,12825
151,35,12826
162,37,12827
198,53,12828
217,70,12829
239,103,12830
242,110,12831
252,154,12832
252,177,12833
244,216,12834
228,249,12835
219,261,12836
189,287,12837
173,295,12838
133,303,12839
101,298,12840
75,286,12841
61,276,12842
27,233,12843
16,207,12844
11,186,12845
10,130,12846
15,106,12847
29,73,12848
62,32,12849
75,22,12850
98,10,12851
154,2,12852
137,161,12853
133,160,12854
132,156,12855
134,152,12856
135,150,12857
139,148,12858
141,147,12859
143,147,12860
150,151,12861
151,151,12862
154,156,12863
155,162,12864
156,164,12865
154,175,12866
152,179,12867
146,185,12868
145,187,12869
139,189,12870
131,190,12871
127,189,12872
120,186,12873
116,183,12874
108,171,12875
107,168,12876
105,156,12877
106,147,12878
110,135,12879
112,131,12880
122,121,12881
127,118,12882
136,115,12883
141,114,12884
159,119,12885
165,123,12886
173,131,12887
178,139,12888
183,153,12889
184,167,12890
181,186,12891
174,200,12892
170,205,12893
156,217,12894
147,221,12895
129,223,12896
118,221,12897
111,218,12898
94,204,12899
86,193,12900
79,175,12901
77,166,12902
78,140,12903
80,132,12904
87,115,12905
100,98,12906
105,94,12907
132,82,12908
145,81,12909
160,84,12910
171,88,12911
182,96,12912
200,117,12913
205,127,12914
212,155,12915
212,179,12916
211,186,12917
195,223,12918
180,239,12919
163,250,12920
152,254,12921
135,257,12922
105,251,12923
97,247,12924
86,240,12925
71,225,12926
51,182,12927
51,183,12928
48,151,12929
50,132,12930
70,86,12931
84,71,12932
89,66,12933
118,51,12934
134,48,12935
172,53,12936
195,66,12937
199,69,12938
219,91,12939
233,118,12940
241,154,12941
241,175,12942
235,208,12943
228,226,12944
201,263,12945
183,276,12946
153,288,12947
130,290,12948
108,287,12949
73,270,12950
68,266,12951
36,226,12952
26,201,12953
23,190,12954
21,131,12955
25,112,12956
33,90,12957
69,42,12958
87,29,12959
118,17,12960
146,14,12961
177,20,12962
188,24,12963
215,41,12964
249,82,12965
255,94,12966
270,158,12967
267,199,12968
257,233,12969
239,266,12970
203,301,12971
139,158,12972
142,158,12973
144,160,12974
145,162,12975
145,168,12976
144,171,12977
142,174,12978
139,176,12979
137,177,12980
133,178,12981
129,177,12982
125,175,12983
121,171,12984
117,163,12985
116,158,12986
116,153,12987
118,144,12988
119,142,12989
123,136,12990
129,131,12991
136,128,12992
140,127,12993
149,128,12994
160,134,12995
162,136,12996
170,149,12997
172,156,12998
173,170,12999
172,177,13000
170,183,13001
162,197,13002
154,204,13003
143,209,13004
137,210,13005
127,210,13006
117,207,13007
105,199,13008
97,189,13009
94,184,13010
88,163,13011
88,152,13012
89,141,13013
98,119,13014
107,108,13015
118,100,13016
131,95,13017
139,94,13018
152,95,13019
160,97,13020
179,109,13021
189,121,13022
196,135,13023
200,148,13024
202,163,13025
196,197,13026
193,204,13027
177,226,13028
168,233,13029
157,239,13030
130,244,13031
114,241,13032
99,234,13033
86,224,13034
74,209,13035
62,181,13036
59,162,13037
60,140,13038
62,129,13039
72,104,13040
89,82,13041
99,74,13042
127,62,13043
131,61,13044
162,63,13045
184,73,13046
198,84,13047
216,108,13048
221,118,13049
230,154,13050
230,173,13051
224,206,13052
221,214,13053
199,248,13054
170,269,13055
153,275,13056
127,277,13057
113,275,13058
83,262,13059
76,257,13060
47,222,13061
39,205,13062
32,178,13063
30,152,13064
38,108,13065
41,100,13066
70,57,13067
93,40,13068
105,34,13069
138,27,13070
179,34,13071
186,37,13072
216,58,13073
227,70,13074
252,118,13075
259,157,13076
259,171,13077
247,228,13078
231,257,13079
229,260,13080
183,299,13081
174,303,13082
135,311,13083
97,305,13084
63,287,13085
46,272,13086
20,235,13087
12,216,13088
3,179,13089
3,133,13090
138,164,13091
137,165,13092
133,166,13093
131,165,13094
129,163,13095
127,159,13096
126,155,13097
127,151,13098
129,147,13099
133,143,13100
133,142,13101
143,140,13102
142,139,13103
151,143,13104
156,147,13105
157,148,13106
161,155,13107
162,163,13108
162,170,13109
161,176,13110
159,181,13111
154,188,13112
149,193,13113
139,197,13114
132,198,13115
126,197,13116
116,192,13117
108,185,13118
103,176,13119
99,163,13120
98,157,13121
99,146,13122
105,130,13123
107,126,13124
118,115,13125
126,110,13126
130,108,13127
148,107,13128
159,110,13129
167,115,13130
180,129,13131
186,140,13132
189,150,13133
191,164,13134
190,177,13135
182,201,13136
173,213,13137
159,224,13138
147,229,13139
139,231,13140
115,228,13141
108,225,13142
91,212,13143
84,204,13144
76,188,13145
70,160,13146
71,141,13147
73,131,13148
77,119,13149
93,95,13150
103,86,13151
123,76,13152
143,73,13153
164,77,13154
175,82,13155
194,97,13156
208,117,13157
216,138,13158
217,142,13159
220,165,13160
213,203,13161
209,213,13162
198,231,13163
186,244,13164
157,261,13165
143,264,13166
113,262,13167
87,250,13168
76,241,13169
61,223,13170
47,194,13171
42,170,13172
41,153,13173
50,108,13174
52,103,13175
67,78,13176
105,48,13177
100,50,13178
149,40,13179
162,42,13180
180,48,13181
208,67,13182
224,85,13183
238,112,13184
245,135,13185
247,184,13186
241,212,13187
226,244,13188
212,262,13189
183,285,13190
164,293,13191
138,298,13192
113,296,13193
79,283,13194
53,262,13195
32,233,13196
22,211,13197
16,190,13198
13,139,13199
18,112,13200
37,68,13201
62,38,13202
73,29,13203
93,17,13204
128,7,13205
167,9,13206
200,22,13207
225,40,13208
240,56,13209
135,158,13210
135,157,13211
138,153,13212
139,152,13213
143,152,13214
147,154,13215
148,154,13216
151,160,13217
152,163,13218
152,166,13219
150,174,13220
148,177,13221
145,181,13222
139,184,13223
134,185,13224
130,185,13225
122,182,13226
117,177,13227
114,174,13228
110,161,13229
110,164,13230
109,155,13231
110,146,13232
116,133,13233
125,125,13234
132,121,13235
136,120,13236
141,119,13237
149,120,13238
165,129,13239
166,129,13240
175,142,13241
179,156,13242
180,164,13243
178,180,13244
176,187,13245
169,200,13246
163,206,13247
147,216,13248
138,218,13249
125,217,13250
118,216,13251
101,205,13252
96,200,13253
86,183,13254
82,169,13255
81,150,13256
85,130,13257
86,127,13258
92,115,13259
106,99,13260
133,87,13261
138,86,13262
148,86,13263
163,90,13264
183,103,13265
194,116,13266
201,129,13267
208,153,13268
208,177,13269
206,188,13270
202,201,13271
184,229,13272
170,241,13273
156,248,13274
149,250,13275
123,251,13276
96,241,13277
78,226,13278
69,215,13279
60,197,13280
53,169,13281
52,157,13282
55,129,13283
61,110,13284
74,88,13285
87,74,13286
102,63,13287
150,53,13288
161,55,13289
169,57,13290
206,82,13291
221,102,13292
231,125,13293
237,160,13294
237,174,13295
231,206,13296
226,220,13297
211,245,13298
175,275,13299
169,278,13300
148,284,13301
111,283,13302
80,269,13303
59,251,13304
53,244,13305
32,206,13306
26,184,13307
24,140,13308
34,99,13309
39,88,13310
58,59,13311
71,46,13312
102,27,13313
127,20,13314
161,21,13315
193,32,13316
210,43,13317
233,66,13318
258,114,13319
261,124,13320
266,168,13321
263,198,13322
251,237,13323
215,286,13324
213,288,13325
169,313,13326
153,317,13327
108,316,13328
140,160,13329
142,163,13330
142,166,13331
141,168,13332
137,172,13333
136,172,13334
134,173,13335
129,172,13336
127,171,13337
124,168,13338
121,163,13339
120,156,13340
120,152,13341
121,148,13342
124,142,13343
131,135,13344
132,134,13345
140,132,13346
149,133,13347
156,137,13348
161,142,13349
163,144,13350
168,156,13351
169,162,13352
168,175,13353
167,179,13354
164,186,13355
158,195,13356
148,202,13357
139,205,13358
132,206,13359
119,203,13360
109,196,13361
101,187,13362
98,182,13363
93,168,13364
92,163,13365
93,142,13366
99,126,13367
106,116,13368
116,107,13369
128,101,13370
138,99,13371
146,99,13372
160,102,13373
180,117,13374
182,119,13375
194,142,13376
197,155,13377
198,168,13378
197,176,13379
188,204,13380
183,212,13381
174,223,13382
151,236,13383
135,239,13384
118,237,13385
104,232,13386
96,226,13387
76,204,13388
70,192,13389
65,175,13390
63,156,13391
69,121,13392
68,123,13393
86,92,13394
103,77,13395
119,69,13396
132,66,13397
154,66,13398
183,78,13399
192,85,13400
201,94,13401
214,113,13402
223,138,13403
226,175,13404
222,198,13405
214,219,13406
190,250,13407
178,259,13408
157,269,13409
148,271,13410
116,271,13411
96,264,13412
79,253,13413
55,227,13414
45,208,13415
36,177,13416
34,154,13417
42,110,13418
44,104,13419
65,69,13420
69,64,13421
122,34,13422
148,32,13423
156,33,13424
191,45,13425
207,56,13426
234,88,13427
241,101,13428
252,135,13429
254,184,13430
249,209,13431
236,241,13432
220,264,13433
206,278,13434
165,301,13435
135,306,13436
112,304,13437
67,284,13438
65,283,13439
26,237,13440
20,225,13441
8,184,13442
6,145,13443
12,108,13444
33,61,13445
41,50,13446
91,10,13447
135,163,13448
134,163,13449
131,159,13450
131,154,13451
130,155,13452
133,149,13453
134,147,13454
138,145,13455
144,145,13456
144,144,13457
151,148,13458
153,150,13459
155,153,13460
158,162,13461
158,169,13462
157,173,13463
155,180,13464
151,184,13465
149,187,13466
142,191,13467
132,193,13468
128,193,13469
121,190,13470
114,185,13471
110,180,13472
104,167,13473
103,158,13474
102,155,13475
104,143,13476
108,133,13477
115,123,13478
121,118,13479
132,113,13480
148,112,13481
153,113,13482
163,118,13483
170,123,13484
180,137,13485
186,156,13486
187,165,13487
184,183,13488
181,193,13489
172,207,13490
168,212,13491
150,223,13492
139,226,13493
130,226,13494
109,220,13495
100,214,13496
96,211,13497
83,193,13498
75,168,13499
74,152,13500
75,140,13501
82,119,13502
87,110,13503
98,96,13504
118,83,13505
126,80,13506
153,79,13507
164,82,13508
183,93,13509
203,117,13510
209,130,13511
214,149,13512
215,174,13513
214,182,13514
209,202,13515
196,226,13516
186,238,13517
159,255,13518
142,259,13519
122,259,13520
107,255,13521
91,247,13522
70,228,13523
53,198,13524
49,186,13525
46,171,13526
52,116,13527
62,93,13528
63,91,13529
94,59,13530
101,55,13531
135,45,13532
150,45,13533
179,53,13534
195,62,13535
226,97,13536
233,111,13537
243,148,13538
244,163,13539
240,201,13540
225,237,13541
220,245,13542
193,273,13543
172,285,13544
158,290,13545
118,292,13546
87,282,13547
67,269,13548
38,235,13549
34,228,13550
18,176,13551
17,144,13552
19,128,13553
32,86,13554
48,60,13555
60,46,13556
92,23,13557
121,13,13558
157,12,13559
198,26,13560
225,46,13561
249,77,13562
263,107,13563
266,117,13564
273,167,13565
268,206,13566
137,158,13567
139,156,13568
142,156,13569
145,157,13570
146,159,13571
147,167,13572
148,167,13573
146,173,13574
144,176,13575
139,179,13576
137,180,13577
130,180,13578
129,180,13579
122,176,13580
118,171,13581
117,170,13582
114,163,13583
114,150,13584
114,149,13585
116,142,13586
124,131,13587
128,128,13588
134,125,13589
143,124,13590
149,125,13591
156,128,13592
163,133,13593
170,142,13594
175,158,13595
176,164,13596
175,176,13597
174,180,13598
167,194,13599
164,199,13600
148,210,13601
139,213,13602
132,214,13603
119,211,13604
108,205,13605
102,200,13606
93,187,13607
86,168,13608
85,153,13609
86,143,13610
88,134,13611
97,115,13612
105,106,13613
122,95,13614
131,92,13615
147,91,13616
157,93,13617
175,102,13618
188,115,13619
192,120,13620
203,150,13621
204,171,13622
202,187,13623
196,204,13624
187,219,13625
169,236,13626
158,242,13627
134,247,13628
133,247,13629
102,239,13630
84,226,13631
72,211,13632
68,204,13633
61,187,13634
56,154,13635
57,141,13636
67,108,13637
78,90,13638
97,72,13639
101,69,13640
122,60,13641
159,59,13642
183,69,13643
188,72,13644
211,95,13645
220,110,13646
232,148,13647
233,162,13648
231,190,13649
218,226,13650
216,230,13651
180,267,13652
170,272,13653
149,279,13654
125,280,13655
93,271,13656
67,253,13657
46,226,13658
44,223,13659
30,181,13660
28,145,13661
29,135,13662
46,84,13663
54,71,13664
67,56,13665
100,33,13666
138,24,13667
167,27,13668
184,33,13669
217,55,13670
241,86,13671
248,100,13672
260,141,13673
262,167,13674
257,206,13675
249,230,13676
222,273,13677
215,280,13678
177,305,13679
137,314,13680
118,313,13681
94,307,13682
46,276,13683
33,261,13684
17,235,13685
139,162,13686
139,165,13687
136,168,13688
134,169,13689
131,168,13690
127,165,13691
126,164,13692
124,159,13693
124,156,13694
126,148,13695
126,146,13696
132,140,13697
135,138,13698
139,137,13699
144,137,13700
149,138,13701
154,141,13702
158,145,13703
161,149,13704
164,159,13705
165,164,13706
163,178,13707
162,181,13708
157,189,13709
148,196,13710
146,198,13711
128,200,13712
130,201,13713
117,196,13714
110,191,13715
106,187,13716
99,174,13717
96,158,13718
96,151,13719
103,128,13720
104,126,13721
107,121,13722
120,110,13723
128,106,13724
152,105,13725
160,108,13726
171,114,13727
182,127,13728
187,135,13729
189,140,13730
193,159,13731
192,181,13732
189,191,13733
182,206,13734
176,214,13735
154,230,13736
135,234,13737
128,234,13738
109,229,13739
92,217,13740
85,209,13741
80,202,13742
69,173,13743
67,159,13744
69,137,13745
76,115,13746
89,95,13747
99,86,13748
105,81,13749
122,73,13750
141,70,13751
167,75,13752
191,90,13753
194,93,13754
213,121,13755
220,144,13756
222,162,13757
218,196,13758
209,219,13759
197,237,13760
179,253,13761
169,259,13762
149,266,13763
123,267,13764
90,255,13765
76,245,13766
59,225,13767
55,219,13768
41,181,13769
39,147,13770
44,117,13771
48,106,13772
69,71,13773
77,63,13774
102,46,13775
134,37,13776
149,37,13777
164,39,13778
202,58,13779
220,76,13780
234,97,13781
249,142,13782
250,148,13783
247,200,13784
238,227,13785
212,266,13786
206,272,13787
180,290,13788
138,301,13789
129,301,13790
74,283,13791
64,276,13792
34,242,13793
22,219,13794
13,188,13795
10,148,13796
13,122,13797
21,94,13798
43,54,13799
77,23,13800
109,8,13801
117,6,13802
157,4,13803
184,11,13804
136,161,13805
133,157,13806
134,154,13807
137,151,13808
138,150,13809
142,149,13810
144,149,13811
149,152,13812
150,153,13813
153,158,13814
154,163,13815
154,167,13816
153,174,13817
150,179,13818
148,182,13819
139,187,13820
138,188,13821
131,188,13822
123,186,13823
116,180,13824
111,173,13825
110,172,13826
107,162,13827
107,151,13828
109,142,13829
112,135,13830
121,124,13831
125,121,13832
129,119,13833
148,117,13834
153,118,13835
160,121,13836
169,129,13837
178,143,13838
180,149,13839
182,171,13840
183,165,13841
177,191,13842
173,199,13843
159,213,13844
149,218,13845
144,220,13846
129,221,13847
116,218,13848
106,213,13849
97,205,13850
85,187,13851
81,176,13852
79,168,13853
78,152,13854
85,123,13855
93,109,13856
102,99,13857
112,91,13858
131,84,13859
144,83,13860
163,87,13861
175,93,13862
192,108,13863
198,117,13864
210,150,13865
211,161,13866
207,194,13867
204,203,13868
199,214,13869
183,234,13870
163,248,13871
144,254,13872
132,255,13873
102,248,13874
83,235,13875
69,219,13876
61,206,13877
54,188,13878
50,165,13879
50,143,13880
58,111,13881
69,90,13882
97,63,13883
119,53,13884
132,50,13885
158,51,13886
163,52,13887
188,63,13888
220,96,13889
221,97,13890
238,144,13891
240,162,13892
238,189,13893
229,219,13894
220,237,13895
192,268,13896
170,281,13897
139,288,13898
127,288,13899
102,283,13900
84,275,13901
45,238,13902
35,220,13903
22,175,13904
21,160,13905
27,111,13906
30,102,13907
56,57,13908
68,45,13909
110,21,13910
138,16,13911
145,16,13912
175,21,13913
208,38,13914
238,68,13915
254,96,13916
265,130,13917
268,151,13918
262,214,13919
256,231,13920
228,277,13921
216,289,13922
190,307,13923
141,159,13924
143,161,13925
144,163,13926
144,166,13927
143,169,13928
140,173,13929
138,175,13930
135,176,13931
134,176,13932
127,174,13933
125,173,13934
122,170,13935
118,160,13936
117,157,13937
118,151,13938
121,142,13939
123,138,13940
128,134,13941
132,131,13942
141,129,13943
149,130,13944
153,131,13945
157,134,13946
164,141,13947
168,148,13948
171,160,13949
171,172,13950
171,176,13951
166,188,13952
156,200,13953
149,205,13954
144,207,13955
127,208,13956
126,208,13957
117,205,13958
103,194,13959
100,191,13960
92,174,13961
90,167,13962
90,144,13963
95,129,13964
98,122,13965
114,105,13966
116,103,13967
136,96,13968
147,96,13969
166,102,13970
175,108,13971
182,115,13972
189,124,13973
199,151,13974
200,162,13975
200,172,13976
196,193,13977
185,214,13978
166,232,13979
165,233,13980
144,241,13981
128,242,13982
111,238,13983
96,230,13984
82,217,13985
67,191,13986
65,186,13987
61,165,13988
63,132,13989
69,114,13990
83,91,13991
101,75,13992
107,71,13993
119,66,13994
158,64,13995
173,69,13996
179,72,13997
202,91,13998
213,106,13999
226,139,14000
229,162,14001
228,181,14002
215,222,14003
208,234,14004
188,256,14005
168,268,14006
149,274,14007
126,275,14008
100,269,14009
78,256,14010
53,229,14011
46,217,14012
39,200,14013
32,148,14014
33,136,14015
41,104,14016
51,84,14017
85,47,14018
93,42,14019
136,29,14020
158,30,14021
179,36,14022
201,48,14023
223,68,14024
248,111,14025
256,143,14026
257,178,14027
257,181,14028
241,237,14029
222,266,14030
209,279,14031
181,298,14032
162,305,14033
137,309,14034
79,295,14035
57,280,14036
37,259,14037
16,222,14038
7,193,14039
3,159,14040
8,113,14041
27,66,14042
137,164,14043
134,165,14044
131,164,14045
130,162,14046
128,158,14047
128,156,14048
128,153,14049
130,148,14050
132,145,14051
138,142,14052
141,141,14053
145,142,14054
147,142,14055
156,150,14056
157,151,14057
159,155,14058
161,163,14059
159,176,14060
156,182,14061
156,183,14062
152,188,14063
140,195,14064
137,196,14065
124,194,14066
123,194,14067
117,191,14068
109,183,14069
102,170,14070
100,158,14071
100,154,14072
102,141,14073
107,129,14074
112,123,14075
116,118,14076
137,109,14077
142,108,14078
150,109,14079
167,117,14080
175,125,14081
179,130,14082
188,154,14083
189,159,14084
189,171,14085
183,195,14086
178,204,14087
171,213,14088
159,222,14089
138,229,14090
128,229,14091
112,225,14092
98,216,14093
86,203,14094
79,191,14095
77,187,14096
72,149,14097
72,144,14098
75,130,14099
87,105,14100
95,95,14101
115,81,14102
126,77,14103
145,75,14104
169,81,14105
181,88,14106
200,107,14107
206,117,14108
215,141,14109
218,162,14110
217,180,14111
213,199,14112
205,217,14113
182,245,14114
159,258,14115
157,259,14116
121,262,14117
112,260,14118
89,249,14119
68,230,14120
61,220,14121
46,183,14122
44,173,14123
43,146,14124
48,118,14125
59,93,14126
77,69,14127
92,57,14128
136,42,14129
152,42,14130
180,50,14131
203,65,14132
217,79,14133
228,95,14134
242,128,14135
246,176,14136
244,194,14137
235,223,14138
215,256,14139
207,265,14140
175,287,14141
154,294,14142
129,296,14143
98,290,14144
69,274,14145
56,263,14146
35,235,14147
20,199,14148
14,150,14149
18,119,14150
29,86,14151
39,68,14152
59,43,14153
98,17,14154
127,9,14155
146,8,14156
184,16,14157
220,38,14158
243,63,14159
262,97,14160
269,118,14161
136,158,14162
136,156,14163
140,154,14164
142,153,14165
145,155,14166
148,158,14167
150,161,14168
150,163,14169
150,170,14170
147,175,14171
147,176,14172
143,180,14173
140,182,14174
131,183,14175
125,181,14176
122,180,14177
118,176,14178
114,170,14179
112,164,14180
111,153,14181
111,151,14182
114,140,14183
116,136,14184
122,129,14185
136,122,14186
141,121,14187
148,122,14188
157,125,14189
165,131,14190
171,139,14191
174,144,14192
178,158,14193
177,177,14194
175,185,14195
167,199,14196
164,203,14197
156,210,14198
139,216,14199
141,216,14200
122,215,14201
108,208,14202
99,201,14203
94,194,14204
88,184,14205
83,163,14206
82,156,14207
85,135,14208
93,117,14209
108,100,14210
110,98,14211
121,92,14212
145,88,14213
154,89,14214
166,93,14215
190,113,14216
195,121,14217
201,133,14218
207,163,14219
207,172,14220
198,206,14221
193,215,14222
183,228,14223
164,242,14224
145,249,14225
131,250,14226
107,245,14227
98,240,14228
82,228,14229
66,206,14230
56,179,14231
54,149,14232
54,148,14233
58,124,14234
67,102,14235
81,82,14236
106,63,14237
132,55,14238
142,54,14239
169,59,14240
192,72,14241
205,83,14242
221,106,14243
230,127,14244
235,155,14245
234,187,14246
225,218,14247
207,247,14248
198,257,14249
171,275,14250
157,280,14251
124,283,14252
102,278,14253
86,271,14254
63,253,14255
42,224,14256
28,185,14257
25,161,14258
25,150,14259
30,116,14260
45,80,14261
74,46,14262
95,32,14263
113,25,14264
157,22,14265
185,30,14266
196,36,14267
221,55,14268
240,79,14269
260,127,14270
264,175,14271
264,178,14272
248,239,14273
239,255,14274
213,286,14275
201,295,14276
166,312,14277
112,315,14278
107,314,14279
60,292,14280
141,162,14281
141,164,14282
140,168,14283
137,170,14284
134,171,14285
133,171,14286
130,171,14287
127,169,14288
123,163,14289
122,160,14290
121,155,14291
122,151,14292
123,147,14293
130,138,14294
133,136,14295
135,135,14296
144,134,14297
146,134,14298
156,139,14299
161,145,14300
164,150,14301
167,158,14302
168,165,14303
167,173,14304
164,182,14305
157,193,14306
150,199,14307
146,201,14308
134,204,14309
123,202,14310
114,198,14311
110,195,14312
103,187,14313
96,173,14314
94,161,14315
93,155,14316
96,136,14317
101,126,14318
109,115,14319
113,111,14320
138,101,14321
135,101,14322
159,104,14323
170,110,14324
180,119,14325
184,125,14326
192,141,14327
196,162,14328
196,169,14329
193,188,14330
184,208,14331
175,219,14332
162,229,14333
153,234,14334
135,237,14335
121,236,14336
102,228,14337
89,218,14338
76,201,14339
67,177,14340
66,172,14341
66,139,14342
68,130,14343
79,104,14344
86,94,14345
117,72,14346
126,69,14347
141,67,14348
162,70,14349
175,75,14350
196,91,14351
209,108,14352
220,133,14353
224,154,14354
224,181,14355
222,192,14356
201,236,14357
202,235,14358
173,260,14359
140,270,14360
133,271,14361
109,267,14362
87,257,14363
62,234,14364
47,208,14365
39,184,14366
36,152,14367
36,149,14368
47,101,14369
59,80,14370
75,61,14371
97,45,14372
120,36,14373
149,34,14374
183,43,14375
201,54,14376
217,68,14377
241,105,14378
249,129,14379
253,155,14380
253,176,14381
241,227,14382
225,255,14383
201,280,14384
178,294,14385
158,301,14386
129,304,14387
112,302,14388
85,293,14389
54,271,14390
38,253,14391
16,210,14392
8,170,14393
7,157,14394
12,114,14395
29,71,14396
59,33,14397
83,16,14398
103,7,14399
135,162,14400
132,160,14401
132,155,14402
132,154,14403
133,151,14404
135,149,14405
137,147,14406
143,146,14407
145,147,14408
147,147,14409
151,150,14410
155,157,14411
156,159,14412
157,166,14413
156,173,14414
150,183,14415
152,182,14416
139,190,14417
137,191,14418
133,191,14419
126,190,14420
121,188,14421
112,180,14422
107,171,14423
105,163,14424
104,154,14425
106,143,14426
109,134,14427
115,126,14428
123,119,14429
126,117,14430
140,113,14431
148,114,14432
163,120,14433
171,127,14434
178,137,14435
179,138,14436
185,161,14437
185,169,14438
181,188,14439
175,200,14440
170,207,14441
158,217,14442
151,221,14443
138,224,14444
126,224,14445
103,214,14446
94,206,14447
85,193,14448
84,192,14449
76,164,14450
76,149,14451
80,128,14452
84,118,14453
101,96,14454
114,87,14455
130,81,14456
144,80,14457
159,82,14458
180,93,14459
184,96,14460
200,115,14461
210,139,14462
213,155,14463
214,167,14464
211,190,14465
196,223,14466
190,231,14467
174,245,14468
150,256,14469
132,258,14470
117,256,14471
102,251,14472
69,224,14473
67,221,14474
50,183,14475
49,178,14476
48,138,14477
53,117,14478
65,92,14479
84,69,14480
90,64,14481
112,52,14482
131,47,14483
179,55,14484
193,63,14485
205,73,14486
219,89,14487
237,127,14488
242,156,14489
242,177,14490
229,226,14491
221,241,14492
208,257,14493
182,278,14494
158,288,14495
139,291,14496
98,285,14497
74,272,14498
55,255,14499
35,226,14500
31,218,14501
19,170,14502
18,155,14503
31,92,14504
35,84,14505
67,42,14506
82,31,14507
116,16,14508
140,13,14509
158,14,14510
198,28,14511
231,55,14512
246,75,14513
266,123,14514
271,158,14515
267,204,14516
266,209,14517
239,267,14518
139,157,14519
140,157,14520
143,158,14521
145,160,14522
146,164,14523
146,168,14524
145,172,14525
143,174,14526
140,177,14527
136,178,14528
133,179,14529
126,177,14530
122,174,14531
118,168,14532
116,163,14533
115,158,14534
115,152,14535
117,144,14536
121,137,14537
124,133,14538
132,128,14539
139,126,14540
145,126,14541
149,127,14542
158,131,14543
165,138,14544
170,146,14545
172,151,14546
174,163,14547
173,177,14548
168,190,14549
167,192,14550
157,203,14551
145,210,14552
128,211,14553
126,211,14554
116,208,14555
107,202,14556
100,195,14557
93,184,14558
87,160,14559
87,146,14560
89,137,14561
95,122,14562
101,113,14563
116,100,14564
124,96,14565
138,93,14566
154,94,14567
163,97,14568
177,106,14569
190,121,14570
199,140,14571
202,151,14572
202,178,14573
201,184,14574
187,216,14575
183,221,14576
170,233,14577
160,239,14578
129,245,14579
121,244,14580
94,232,14581
77,215,14582
71,206,14583
63,188,14584
59,171,14585
58,150,14586
66,114,14587
73,100,14588
82,88,14589
107,68,14590
122,62,14591
140,59,14592
153,60,14593
176,67,14594
195,80,14595
215,104,14596
226,129,14597
231,159,14598
229,191,14599
224,209,14600
219,221,14601
193,255,14602
180,265,14603
154,276,14604
140,278,14605
105,274,14606
81,262,14607
62,245,14608
44,219,14609
38,205,14610
31,180,14611
31,131,14612
36,111,14613
45,89,14614
63,63,14615
94,38,14616
110,31,14617
148,26,14618
174,31,14619
199,43,14620
213,54,14621
243,93,14622
250,109,14623
260,159,14624
260,174,14625
250,223,14626
241,243,14627
223,269,14628
203,288,14629
166,307,14630
137,312,14631
103,308,14632
78,298,14633
54,281,14634
20,237,14635
5,196,14636
2,178,14637
138,161,14638
137,166,14639
134,167,14640
132,167,14641
128,163,14642
127,162,14643
126,160,14644
125,155,14645
126,151,14646
128,147,14647
131,142,14648
136,140,14649
138,139,14650
145,139,14651
152,142,14652
154,143,14653
159,149,14654
162,156,14655
163,163,14656
163,171,14657
162,176,14658
157,186,14659
152,192,14660
146,196,14661
134,199,14662
132,199,14663
121,196,14664
113,192,14665
104,180,14666
103,179,14667
99,169,14668
97,154,14669
99,143,14670
104,129,14671
110,121,14672
120,112,14673
122,110,14674
137,106,14675
149,106,14676
161,110,14677
175,121,14678
179,125,14679
189,146,14680
191,154,14681
192,167,14682
188,190,14683
183,201,14684
168,219,14685
167,220,14686
152,229,14687
129,232,14688
122,231,14689
114,229,14690
94,217,14691
82,202,14692
73,182,14693
70,170,14694
69,151,14695
71,134,14696
83,106,14697
87,100,14698
109,81,14699
131,73,14700
139,72,14701
158,74,14702
170,78,14703
188,90,14704
207,113,14705
211,121,14706
219,146,14707
220,176,14708
211,211,14709
200,230,14710
201,229,14711
179,251,14712
167,258,14713
145,265,14714
122,265,14715
93,255,14716
65,230,14717
66,232,14718
47,197,14719
42,178,14720
40,155,14721
46,116,14722
60,86,14723
70,73,14724
87,57,14725
117,42,14726
157,40,14727
167,42,14728
195,55,14729
213,70,14730
231,95,14731
244,127,14732
246,135,14733
248,185,14734
243,209,14735
234,232,14736
218,257,14737
175,290,14738
162,295,14739
138,299,14740
117,298,14741
82,286,14742
41,249,14743
40,248,14744
24,219,14745
13,179,14746
14,126,14747
18,108,14748
27,84,14749
48,51,14750
78,24,14751
98,14,14752
145,5,14753
162,7,14754
187,14,14755
238,52,14756
135,159,14757
135,155,14758
136,153,14759
139,151,14760
141,151,14761
146,152,14762
148,153,14763
150,156,14764
151,157,14765
153,165,14766
152,171,14767
150,176,14768
148,179,14769
145,182,14770
140,185,14771
136,186,14772
129,186,14773
124,184,14774
120,182,14775
113,173,14776
109,162,14777
108,158,14778
108,154,14779
112,138,14780
117,131,14781
124,124,14782
125,123,14783
140,118,14784
142,118,14785
157,122,14786
158,122,14787
172,135,14788
176,143,14789
179,151,14790
181,165,14791
180,177,14792
178,185,14793
172,197,14794
156,213,14795
148,217,14796
131,219,14797
124,219,14798
116,216,14799
99,205,14800
91,195,14801
85,183,14802
80,162,14803
80,151,14804
85,127,14805
84,129,14806
92,113,14807
119,90,14808
130,86,14809
129,86,14810
161,88,14811
175,95,14812
181,100,14813
191,110,14814
202,128,14815
208,148,14816
209,177,14817
203,201,14818
196,215,14819
185,230,14820
169,243,14821
158,248,14822
135,253,14823
110,249,14824
107,248,14825
78,228,14826
74,223,14827
56,188,14828
54,181,14829
51,154,14830
53,133,14831
60,110,14832
75,85,14833
91,69,14834
118,55,14835
149,52,14836
163,54,14837
186,64,14838
206,80,14839
215,91,14840
230,120,14841
237,147,14842
237,183,14843
230,213,14844
221,232,14845
196,262,14846
193,265,14847
158,283,14848
145,286,14849
117,285,14850
78,269,14851
56,249,14852
47,238,14853
32,209,14854
23,169,14855
24,132,14856
27,118,14857
46,73,14858
62,53,14859
81,37,14860
104,25,14861
139,18,14862
158,19,14863
183,26,14864
221,51,14865
240,74,14866
249,89,14867
266,147,14868
267,164,14869
263,204,14870
249,243,14871
220,283,14872
211,291,14873
180,310,14874
148,319,14875
141,160,14876
142,161,14877
143,164,14878
142,168,14879
140,171,14880
137,173,14881
135,174,14882
132,174,14883
127,172,14884
124,170,14885
123,169,14886
120,160,14887
119,157,14888
120,148,14889
123,142,14890
125,139,14891
130,134,14892
138,131,14893
140,131,14894
153,134,14895
154,134,14896
161,140,14897
166,147,14898
168,152,14899
170,164,14900
170,169,14901
166,184,14902
165,187,14903
158,196,14904
144,205,14905
136,207,14906
131,207,14907
122,205,14908
106,195,14909
98,184,14910
94,175,14911
92,169,14912
91,151,14913
93,138,14914
96,130,14915
103,118,14916
114,107,14917
131,99,14918
137,98,14919
151,98,14920
166,104,14921
178,113,14922
184,120,14923
195,142,14924
195,141,14925
199,166,14926
194,193,14927
187,208,14928
184,213,14929
169,228,14930
144,239,14931
137,240,14932
118,238,14933
102,232,14934
95,227,14935
80,212,14936
69,192,14937
63,168,14938
62,154,14939
64,134,14940
72,111,14941
88,88,14942
104,75,14943
119,68,14944
137,64,14945
168,69,14946
182,76,14947
198,89,14948
213,109,14949
223,134,14950
225,142,14951
227,174,14952
225,190,14953
215,219,14954
189,252,14955
192,250,14956
154,271,14957
145,273,14958
116,272,14959
94,264,14960
78,254,14961
61,237,14962
46,213,14963
36,183,14964
35,135,14965
36,128,14966
51,87,14967
60,73,14968
84,50,14969
103,39,14970
148,31,14971
171,35,14972
195,46,14973
214,61,14974
237,91,14975
243,103,14976
251,126,14977
256,167,14978
252,202,14979
235,245,14980
213,273,14981
209,277,14982
162,303,14983
139,307,14984
104,303,14985
91,299,14986
48,269,14987
28,243,14988
12,206,14989
5,166,14990
5,145,14991
9,116,14992
28,67,14993
60,29,14994
136,163,14995
133,163,14996
131,162,14997
130,158,14998
129,155,14999
130,152,15000
132,148,15001
134,146,15002
138,144,15003
143,143,15004
146,144,15005
150,146,15006
155,151,15007
158,158,15008
159,160,15009
159,167,15010
159,171,15011
156,179,15012
149,188,15013
145,191,15014
140,193,15015
136,194,15016
125,193,15017
119,190,15018
112,184,15019
105,173,15020
103,166,15021
102,162,15022
102,148,15023
106,135,15024
112,125,15025
117,120,15026
131,112,15027
135,111,15028
142,110,15029
153,112,15030
164,117,15031
173,125,15032
182,139,15033
185,147,15034
187,171,15035
186,181,15036
182,193,15037
176,204,15038
159,220,15039
151,224,15040
138,227,15041
128,227,15042
112,223,15043
97,213,15044
84,197,15045
81,191,15046
75,174,15047
73,160,15048
74,142,15049
80,121,15050
93,100,15051
99,94,15052
115,83,15053
130,78,15054
146,77,15055
167,82,15056
187,95,15057
197,106,15058
210,130,15059
216,157,15060
216,172,15061
213,193,15062
202,219,15063
192,233,15064
184,241,15065
153,258,15066
132,261,15067
116,259,15068
104,255,15069
73,233,15070
65,223,15071
50,193,15072
47,181,15073
45,146,15074
47,129,15075
56,102,15076
66,85,15077
97,56,15078
114,48,15079
134,44,15080
152,44,15081
184,54,15082
205,69,15083
226,95,15084
229,100,15085
241,132,15086
245,172,15087
243,190,15088
235,219,15089
219,248,15090
202,267,15091
175,285,15092
140,294,15093
104,290,15094
83,281,15095
68,271,15096
47,250,15097
27,215,15098
18,183,15099
18,128,15100
24,103,15101
41,68,15102
53,52,15103
71,35,15104
109,15,15105
147,10,15106
172,14,15107
195,23,15108
232,52,15109
238,59,15110
267,117,15111
273,149,15112
273,180,15113
137,157,15114
139,155,15115
142,155,15116
144,155,15117
146,158,15118
148,162,15119
149,164,15120
149,167,15121
148,171,15122
143,178,15123
140,180,15124
137,181,15125
134,182,15126
127,180,15127
122,177,15128
117,172,15129
115,169,15130
113,159,15131
113,149,15132
115,142,15133
119,135,15134
125,129,15135
127,127,15136
134,124,15137
144,123,15138
150,124,15139
162,131,15140
168,137,15141
173,147,15142
174,149,15143
177,163,15144
177,167,15145
173,185,15146
169,194,15147
161,203,15148
144,213,15149
146,213,15150
125,214,15151
121,213,15152
103,202,15153
97,195,15154
90,184,15155
85,167,15156
84,158,15157
87,134,15158
89,128,15159
100,110,15160
107,103,15161
127,92,15162
134,90,15163
157,92,15164
171,98,15165
179,104,15166
182,106,15167
195,124,15168
204,151,15169
205,174,15170
204,182,15171
199,200,15172
185,223,15173
175,233,15174
160,242,15175
136,248,15176
121,247,15177
110,244,15178
88,231,15179
75,217,15180
61,190,15181
57,175,15182
55,158,15183
58,131,15184
72,97,15185
80,86,15186
91,75,15187
110,63,15188
130,57,15189
159,58,15190
180,66,15191
191,73,15192
220,108,15193
227,123,15194
233,149,15195
234,161,15196
231,194,15197
221,223,15198
209,242,15199
195,257,15200
158,278,15201
149,280,15202
112,279,15203
92,272,15204
60,247,15205
50,235,15206
35,204,15207
31,191,15208
27,145,15209
31,119,15210
37,100,15211
56,67,15212
82,42,15213
100,32,15214
126,24,15215
171,27,15216
191,35,15217
214,51,15218
230,68,15219
251,104,15220
261,141,15221
263,168,15222
260,196,15223
251,228,15224
237,255,15225
210,286,15226
178,306,15227
159,312,15228
118,314,15229
78,301,15230
53,284,15231
26,253,15232
139,161,15233
139,166,15234
138,168,15235
137,169,15236
132,169,15237
129,168,15238
127,167,15239
125,164,15240
123,158,15241
123,155,15242
123,152,15243
126,145,15244
128,142,15245
133,138,15246
140,136,15247
142,135,15248
153,139,15249
157,142,15250
158,143,15251
165,159,15252
166,163,15253
166,167,15254
164,179,15255
162,183,15256
154,193,15257
146,199,15258
140,201,15259
130,202,15260
120,199,15261
111,193,15262
110,193,15263
101,181,15264
96,166,15265
95,152,15266
98,137,15267
100,131,15268
100,130,15269
118,110,15270
121,108,15271
131,104,15272
152,104,15273
162,107,15274
168,111,15275
183,126,15276
188,135,15277
194,158,15278
194,174,15279
193,180,15280
190,192,15281
179,212,15282
164,226,15283
147,233,15284
149,233,15285
124,235,15286
107,229,15287
94,220,15288
86,212,15289
71,185,15290
68,175,15291
66,157,15292
70,128,15293
78,109,15294
95,88,15295
103,81,15296
118,73,15297
141,69,15298
154,70,15299
170,75,15300
189,87,15301
195,92,15302
213,119,15303
222,150,15304
223,169,15305
221,188,15306
211,218,15307
205,228,15308
178,255,15309
163,263,15310
149,267,15311
113,266,15312
98,261,15313
82,251,15314
58,226,15315
55,221,15316
40,180,15317
38,167,15318
43,118,15319
51,96,15320
60,81,15321
79,60,15322
108,42,15323
133,36,15324
161,37,15325
187,47,15326
218,72,15327
223,78,15328
237,100,15329
249,136,15330
252,168,15331
247,204,15332
239,227,15333
228,248,15334
191,285,15335
171,295,15336
140,302,15337
101,297,15338
90,293,15339
70,282,15340
32,241,15341
22,221,15342
12,189,15343
9,150,15344
12,122,15345
15,108,15346
40,57,15347
64,31,15348
81,19,15349
140,2,15350
163,4,15351
135,161,15352
133,159,15353
133,155,15354
134,153,15355
136,150,15356
139,149,15357
143,148,15358
144,148,15359
151,153,15360
152,154,15361
154,158,15362
155,167,15363
156,166,15364
153,176,15365
150,181,15366
145,185,15367
142,188,15368
135,189,15369
129,189,15370
122,186,15371
116,182,15372
114,180,15373
110,174,15374
106,160,15375
106,153,15376
107,145,15377
114,130,15378
116,127,15379
123,121,15380
135,116,15381
144,115,15382
147,115,15383
161,121,15384
173,132,15385
179,143,15386
182,152,15387
183,156,15388
183,173,15389
181,184,15390
173,200,15391
162,212,15392
150,219,15393
144,221,15394
126,222,15395
120,221,15396
109,216,15397
90,198,15398
85,190,15399
78,167,15400
77,160,15401
80,134,15402
82,128,15403
89,113,15404
107,93,15405
114,89,15406
137,82,15407
147,82,15408
170,89,15409
173,90,15410
198,115,15411
206,131,15412
208,137,15413
212,163,15414
211,181,15415
204,206,15416
192,226,15417
178,240,15418
164,249,15419
145,255,15420
129,256,15421
107,251,15422
93,244,15423
69,221,15424
58,202,15425
51,179,15426
49,168,15427
50,136,15428
58,108,15429
74,82,15430
100,60,15431
101,59,15432
131,49,15433
141,48,15434
170,53,15435
195,67,15436
213,84,15437
234,123,15438
240,150,15439
241,163,15440
237,198,15441
233,212,15442
212,250,15443
200,263,15444
174,280,15445
149,288,15446
126,289,15447
89,279,15448
62,260,15449
52,249,15450
39,230,15451
26,199,15452
20,162,15453
22,129,15454
32,94,15455
49,64,15456
71,41,15457
109,20,15458
137,15,15459
164,17,15460
194,28,15461
203,33,15462
237,65,15463
253,91,15464
266,130,15465
269,152,15466
268,189,15467
259,226,15468
241,262,15469
199,303,15470
138,159,15471
141,158,15472
144,161,15473
145,164,15474
145,166,15475
143,171,15476
142,173,15477
138,176,15478
134,177,15479
132,177,15480
128,176,15481
121,170,15482
120,168,15483
117,161,15484
117,153,15485
117,150,15486
120,141,15487
125,135,15488
130,131,15489
132,130,15490
144,128,15491
148,128,15492
156,132,15493
160,135,15494
167,144,15495
170,150,15496
172,162,15497
173,167,15498
170,182,15499
164,193,15500
161,197,15501
147,207,15502
140,209,15503
133,210,15504
125,209,15505
110,202,15506
102,195,15507
96,186,15508
89,166,15509
89,167,15510
91,137,15511
93,130,15512
101,116,15513
104,112,15514
127,97,15515
130,96,15516
148,95,15517
160,98,15518
173,105,15519
182,113,15520
195,134,15521
200,152,15522
201,161,15523
201,175,15524
190,208,15525
184,217,15526
170,231,15527
155,239,15528
153,240,15529
129,243,15530
108,238,15531
100,234,15532
79,215,15533
74,208,15534
65,189,15535
60,145,15536
63,128,15537
65,121,15538
74,102,15539
85,87,15540
105,71,15541
131,62,15542
141,61,15543
163,64,15544
197,84,15545
199,86,15546
217,111,15547
227,139,15548
230,163,15549
223,206,15550
218,219,15551
206,239,15552
195,251,15553
166,270,15554
143,276,15555
116,275,15556
100,270,15557
89,265,15558
67,248,15559
44,215,15560
33,181,15561
31,149,15562
31,144,15563
44,95,15564
65,63,15565
70,58,15566
89,43,15567
132,28,15568
158,29,15569
192,41,15570
207,51,15571
218,61,15572
245,101,15573
256,137,15574
258,151,15575
257,188,15576
245,231,15577
218,272,15578
197,290,15579
172,303,15580
163,306,15581
103,306,15582
84,299,15583
73,293,15584
39,263,15585
14,220,15586
8,201,15587
2,151,15588
7,114,15589
138,163,15590
136,165,15591
132,165,15592
130,164,15593
128,160,15594
127,156,15595
127,153,15596
128,150,15597
131,145,15598
134,143,15599
136,141,15600
145,141,15601
144,140,15602
153,145,15603
157,149,15604
158,151,15605
161,157,15606
162,165,15607
160,176,15608
157,183,15609
155,186,15610
150,191,15611
144,195,15612
134,197,15613
125,196,15614
122,195,15615
111,187,15616
108,184,15617
100,164,15618
100,166,15619
99,153,15620
102,137,15621
107,128,15622
110,123,15623
126,111,15624
135,108,15625
140,107,15626
150,108,15627
163,113,15628
174,122,15629
181,132,15630
188,148,15631
190,169,15632
190,172,15633
188,184,15634
184,196,15635
173,212,15636
151,227,15637
139,230,15638
125,230,15639
112,226,15640
96,216,15641
84,202,15642
80,196,15643
72,172,15644
71,163,15645
72,138,15646
78,119,15647
80,114,15648
97,92,15649
107,84,15650
137,74,15651
145,74,15652
167,79,15653
188,92,15654
193,97,15655
205,113,15656
218,152,15657
219,169,15658
216,192,15659
205,219,15660
193,236,15661
188,241,15662
169,255,15663
145,263,15664
135,264,15665
106,259,15666
93,253,15667
72,236,15668
49,197,15669
47,192,15670
42,149,15671
44,130,15672
51,107,15673
64,83,15674
86,60,15675
118,44,15676
120,43,15677
159,42,15678
188,53,15679
206,66,15680
213,73,15681
229,94,15682
246,145,15683
247,179,15684
242,206,15685
231,234,15686
224,246,15687
205,268,15688
190,280,15689
154,295,15690
124,297,15691
95,290,15692
77,281,15693
43,249,15694
25,217,15695
16,187,15696
13,151,15697
16,123,15698
28,86,15699
37,69,15700
63,38,15701
93,18,15702
125,8,15703
140,7,15704
199,22,15705
226,42,15706
234,50,15707
260,90,15708
136,159,15709
136,155,15710
140,153,15711
141,152,15712
144,153,15713
148,156,15714
149,157,15715
151,162,15716
151,164,15717
150,172,15718
149,175,15719
143,181,15720
142,182,15721
137,184,15722
130,184,15723
128,184,15724
123,182,15725
116,175,15726
113,171,15727
111,163,15728
110,153,15729
110,150,15730
112,142,15731
116,134,15732
128,124,15733
134,121,15734
141,120,15735
146,120,15736
155,123,15737
167,132,15738
172,138,15739
176,146,15740
179,162,15741
178,178,15742
176,185,15743
174,190,15744
169,199,15745
152,213,15746
145,216,15747
133,218,15748
120,215,15749
115,214,15750
101,204,15751
91,192,15752
87,184,15753
82,164,15754
83,139,15755
86,129,15756
95,112,15757
107,99,15758
118,92,15759
138,87,15760
149,87,15761
155,88,15762
176,98,15763
191,113,15764
200,128,15765
207,153,15766
208,159,15767
206,185,15768
202,199,15769
191,220,15770
183,229,15771
161,245,15772
154,248,15773
121,250,15774
110,247,15775
94,239,15776
69,213,15777
64,205,15778
57,186,15779
53,161,15780
55,132,15781
61,112,15782
69,96,15783
93,70,15784
102,64,15785
117,57,15786
142,53,15787
176,61,15788
192,70,15789
205,82,15790
224,109,15791
230,124,15792
236,177,15793
232,201,15794
225,220,15795
218,234,15796
196,260,15797
169,277,15798
144,284,15799
123,284,15800
98,278,15801
74,264,15802
59,250,15803
37,216,15804
31,201,15805
24,149,15806
28,120,15807
39,89,15808
60,58,15809
77,42,15810
89,34,15811
134,20,15812
164,22,15813
191,32,15814
216,49,15815
233,67,15816
250,95,15817
262,132,15818
265,155,15819
264,188,15820
257,219,15821
238,259,15822
214,286,15823
197,299,15824
148,317,15825
136,318,15826
79,305,15827
141,161,15828
141,163,15829
142,165,15830
139,170,15831
137,171,15832
134,172,15833
130,172,15834
127,170,15835
124,167,15836
122,163,15837
121,160,15838
121,152,15839
122,147,15840
124,143,15841
128,138,15842
131,136,15843
137,133,15844
146,133,15845
150,134,15846
160,142,15847
161,143,15848
166,151,15849
167,154,15850
168,172,15851
167,176,15852
162,188,15853
161,190,15854
156,196,15855
140,204,15856
134,205,15857
130,205,15858
121,203,15859
110,196,15860
101,186,15861
95,173,15862
93,163,15863
92,153,15864
95,137,15865
102,122,15866
106,117,15867
119,106,15868
127,102,15869
148,100,15870
162,104,15871
171,109,15872
180,118,15873
189,131,15874
195,148,15875
197,161,15876
197,170,15877
192,194,15878
185,208,15879
171,224,15880
162,231,15881
152,235,15882
129,238,15883
114,235,15884
103,230,15885
89,220,15886
72,195,15887
66,177,15888
64,149,15889
66,134,15890
73,113,15891
80,100,15892
94,85,15893
106,76,15894
121,69,15895
140,66,15896
155,67,15897
190,84,15898
200,94,15899
218,124,15900
220,129,15901
225,154,15902
223,192,15903
221,199,15904
200,239,15905
180,257,15906
167,264,15907
158,268,15908
133,272,15909
102,266,15910
85,257,15911
53,222,15912
46,209,15913
37,178,15914
36,173,15915
35,148,15916
48,97,15917
61,75,15918
80,55,15919
98,43,15920
117,36,15921
151,33,15922
181,41,15923
207,57,15924
223,73,15925
235,91,15926
246,115,15927
254,157,15928
250,203,15929
246,217,15930
233,245,15931
205,278,15932
174,297,15933
166,300,15934
117,304,15935
111,303,15936
71,286,15937
51,270,15938
32,246,15939
10,192,15940
6,155,15941
9,124,15942
24,78,15943
25,76,15944
70,23,15945
109,4,15946
134,162,15947
133,162,15948
131,158,15949
131,155,15950
131,152,15951
135,148,15952
134,148,15953
139,145,15954
141,145,15955
145,145,15956
150,148,15957
153,151,15958
157,160,15959
158,164,15960
158,166,15961
154,179,15962
156,177,15963
144,189,15964
145,189,15965
135,192,15966
131,192,15967
127,192,15968
115,185,15969
110,179,15970
105,168,15971
104,163,15972
104,147,15973
105,141,15974
110,131,15975
116,123,15976
117,122,15977
134,113,15978
142,112,15979
156,115,15980
162,118,15981
174,129,15982
176,131,15983
183,146,15984
186,161,15985
186,168,15986
181,190,15987
176,201,15988
164,214,15989
166,213,15990
140,225,15991
132,226,15992
113,221,15993
101,214,15994
91,204,15995
89,202,15996
78,179,15997
75,161,15998
75,146,15999
76,138,16000
89,108,16001
103,93,16002
113,86,16003
129,80,16004
149,79,16005
167,84,16006
182,93,16007
195,106,16008
201,115,16009
211,138,16010
213,146,16011
213,186,16012
210,197,16013
204,212,16014
181,241,16015
175,246,16016
145,258,16017
134,259,16018
106,254,16019
85,242,16020
67,223,16021
59,210,16022
54,199,16023
46,163,16024
46,150,16025
53,115,16026
66,88,16027
77,74,16028
91,62,16029
114,50,16030
152,46,16031
173,51,16032
187,58,16033
206,72,16034
231,108,16035
238,127,16036
243,156,16037
240,197,16038
240,198,16039
223,239,16040
205,262,16041
179,281,16042
142,292,16043
122,292,16044
98,286,16045
83,279,16046
58,260,16047
40,237,16048
26,208,16049
18,172,16050
21,120,16051
25,106,16052
41,71,16053
74,35,16054
81,30,16055
112,16,16056
136,12,16057
172,16,16058
216,39,16059
228,50,16060
260,101,16061
269,132,16062
272,172,16063
270,194,16064
255,242,16065
137,159,16066
141,156,16067
144,157,16068
146,160,16069
147,163,16070
147,166,16071
147,169,16072
145,173,16073
142,177,16074
137,179,16075
134,180,16076
133,180,16077
124,177,16078
122,175,16079
117,168,16080
115,164,16081
114,158,16082
115,147,16083
117,142,16084
121,135,16085
124,132,16086
134,126,16087
137,125,16088
144,125,16089
155,128,16090
162,133,16091
169,142,16092
171,145,16093
174,155,16094
175,168,16095
174,177,16096
170,189,16097
165,196,16098
158,204,16099
139,212,16100
134,213,16101
124,212,16102
116,209,16103
102,199,16104
98,194,16105
89,176,16106
86,164,16107
86,148,16108
91,128,16109
99,114,16110
107,105,16111
119,97,16112
130,93,16113
149,92,16114
150,92,16115
167,98,16116
181,108,16117
192,122,16118
197,131,16119
203,157,16120
203,179,16121
199,195,16122
189,215,16123
178,228,16124
166,237,16125
146,245,16126
129,246,16127
113,243,16128
95,234,16129
83,224,16130
71,208,16131
60,181,16132
57,161,16133
57,150,16134
64,116,16135
79,90,16136
85,83,16137
98,72,16138
129,59,16139
144,58,16140
160,60,16141
178,67,16142
199,82,16143
211,96,16144
228,133,16145
232,155,16146
230,191,16147
228,200,16148
206,243,16149
201,249,16150
177,268,16151
142,279,16152
132,280,16153
99,273,16154
78,261,16155
67,252,16156
44,221,16157
37,206,16158
29,169,16159
31,126,16160
37,105,16161
44,89,16162
58,67,16163
90,39,16164
116,28,16165
150,25,16166
185,34,16167
205,46,16168
221,60,16169
242,89,16170
258,134,16171
261,157,16172
257,203,16173
255,211,16174
226,267,16175
206,287,16176
202,290,16177
167,308,16178
139,313,16179
99,308,16180
71,295,16181
45,274,16182
25,248,16183
3,191,16184
139,164,16185
138,166,16186
136,167,16187
133,168,16188
129,166,16189
128,165,16190
125,160,16191
125,159,16192
125,151,16193
127,147,16194
128,144,16195
133,140,16196
137,138,16197
145,138,16198
149,139,16199
150,139,16200
158,146,16201
160,149,16202
163,156,16203
164,163,16204
164,172,16205
163,176,16206
158,187,16207
151,194,16208
143,198,16209
137,200,16210
123,198,16211
121,198,16212
109,189,16213
108,188,16214
100,175,16215
97,164,16216
97,150,16217
97,147,16218
107,123,16219
113,116,16220
111,117,16221
135,105,16222
133,105,16223
154,106,16224
170,115,16225
177,121,16226
182,128,16227
188,139,16228
192,155,16229
193,164,16230
191,183,16231
181,206,16232
171,218,16233
164,224,16234
146,232,16235
137,233,16236
120,232,16237
113,230,16238
92,216,16239
77,195,16240
75,191,16241
69,170,16242
69,139,16243
76,117,16244
83,104,16245
90,95,16246
109,80,16247
116,76,16248
146,71,16249
149,71,16250
172,78,16251
196,96,16252
203,105,16253
218,137,16254
220,148,16255
219,189,16256
218,194,16257
202,229,16258
196,237,16259
178,253,16260
150,265,16261
136,267,16262
121,266,16263
80,247,16264
77,245,16265
50,207,16266
50,208,16267
40,170,16268
40,140,16269
43,123,16270
56,91,16271
79,62,16272
101,47,16273
114,42,16274
130,38,16275
164,40,16276
184,47,16277
215,71,16278
231,93,16279
239,109,16280
250,157,16281
250,174,16282
244,209,16283
236,230,16284
208,269,16285
195,280,16286
163,296,16287
125,300,16288
116,299,16289
84,288,16290
57,269,16291
36,244,16292
19,209,16293
13,184,16294
13,125,16295
17,108,16296
42,57,16297
40,59,16298
85,19,16299
97,13,16300
139,4,16301
185,12,16302
205,22,16303
134,159,16304
134,156,16305
135,153,16306
136,152,16307
140,150,16308
143,150,16309
146,150,16310
148,152,16311
150,154,16312
153,160,16313
154,166,16314
153,170,16315
151,177,16316
149,179,16317
143,185,16318
140,186,16319
134,188,16320
129,187,16321
123,185,16322
116,179,16323
110,169,16324
108,164,16325
107,158,16326
108,147,16327
113,135,16328
117,129,16329
123,123,16330
131,119,16331
139,117,16332
149,118,16333
156,120,16334
163,124,16335
170,131,16336
176,140,16337
181,157,16338
182,164,16339
181,178,16340
173,197,16341
168,204,16342
155,215,16343
138,220,16344
142,220,16345
118,218,16346
106,212,16347
103,210,16348
92,198,16349
84,183,16350
80,169,16351
79,150,16352
83,129,16353
88,118,16354
98,104,16355
116,90,16356
115,90,16357
138,84,16358
155,85,16359
175,94,16360
188,105,16361
191,108,16362
203,128,16363
209,148,16364
210,176,16365
204,201,16366
192,223,16367
196,218,16368
161,248,16369
145,253,16370
129,254,16371
112,251,16372
90,240,16373
72,222,16374
69,218,16375
59,200,16376
51,170,16377
50,158,16378
55,121,16379
73,86,16380
75,83,16381
95,65,16382
122,53,16383
139,50,16384
175,57,16385
190,65,16386
210,83,16387
218,94,16388
236,136,16389
238,148,16390
237,191,16391
235,200,16392
211,248,16393
213,246,16394
188,270,16395
175,278,16396
142,287,16397
116,286,16398
86,275,16399
55,250,16400
37,223,16401
33,214,16402
23,178,16403
22,143,16404
26,117,16405
37,87,16406
52,63,16407
82,35,16408
101,25,16409
149,17,16410
181,24,16411
201,34,16412
234,64,16413
242,75,16414
257,105,16415
267,147,16416
268,170,16417
256,230,16418
250,243,16419
233,270,16420
209,294,16421
163,317,16422
139,159,16423
142,160,16424
143,163,16425
143,168,16426
142,170,16427
139,173,16428
137,175,16429
132,175,16430
131,175,16431
125,172,16432
122,169,16433
120,165,16434
119,162,16435
118,154,16436
119,149,16437
123,140,16438
123,139,16439
129,134,16440
134,131,16441
143,130,16442
150,131,16443
153,132,16444
160,137,16445
166,145,16446
169,153,16447
171,164,16448
170,175,16449
169,180,16450
164,190,16451
154,201,16452
151,203,16453
142,207,16454
122,206,16455
119,205,16456
109,199,16457
98,186,16458
97,185,16459
91,168,16460
90,151,16461
92,138,16462
96,128,16463
100,120,16464
120,102,16465
129,98,16466
134,97,16467
150,97,16468
168,104,16469
175,109,16470
188,124,16471
196,141,16472
197,145,16473
199,175,16474
194,196,16475
188,209,16476
181,218,16477
163,233,16478
153,238,16479
129,241,16480
123,241,16481
104,234,16482
93,227,16483
72,201,16484
64,179,16485
63,175,16486
61,159,16487
63,135,16488
71,111,16489
80,96,16490
111,70,16491
124,65,16492
139,63,16493
154,64,16494
181,74,16495
191,81,16496
209,101,16497
222,127,16498
226,142,16499
228,175,16500
224,198,16501
204,238,16502
202,241,16503
184,258,16504
164,269,16505
146,274,16506
117,273,16507
93,265,16508
59,236,16509
58,235,16510
38,195,16511
34,176,16512
33,142,16513
40,109,16514
42,103,16515
64,67,16516
98,40,16517
125,31,16518
151,30,16519
172,34,16520
182,38,16521
222,68,16522
227,74,16523
245,105,16524
254,135,16525
257,162,16526
252,206,16527
234,248,16528
227,259,16529
202,284,16530
175,300,16531
138,308,16532
123,308,16533
70,289,16534
59,281,16535
30,248,16536
12,209,16537
4,166,16538
7,121,16539
14,95,16540
35,55,16541
136,164,16542
133,164,16543
131,163,16544
130,161,16545
129,159,16546
129,153,16547
129,151,16548
131,148,16549
135,144,16550
140,142,16551
141,142,16552
146,143,16553
151,145,16554
157,153,16555
157,152,16556
160,162,16557
160,170,16558
159,174,16559
156,181,16560
150,189,16561
144,193,16562
141,194,16563
129,195,16564
123,193,16565
118,191,16566
108,181,16567
107,179,16568
101,162,16569
101,151,16570
101,149,16571
104,137,16572
109,127,16573
122,115,16574
127,112,16575
135,110,16576
142,109,16577
157,112,16578
163,115,16579
180,133,16580
185,144,16581
188,159,16582
189,165,16583
187,181,16584
179,201,16585
176,206,16586
170,213,16587
154,224,16588
138,228,16589
125,228,16590
114,225,16591
100,217,16592
83,197,16593
81,194,16594
73,171,16595
72,156,16596
74,136,16597
81,116,16598
87,106,16599
106,87,16600
122,79,16601
137,76,16602
149,76,16603
165,80,16604
185,92,16605
196,103,16606
210,127,16607
216,149,16608
216,183,16609
213,196,16610
204,218,16611
195,231,16612
172,251,16613
150,260,16614
137,262,16615
112,259,16616
103,256,16617
82,243,16618
65,225,16619
52,201,16620
44,165,16621
44,140,16622
45,134,16623
62,89,16624
70,78,16625
98,54,16626
111,48,16627
133,43,16628
154,43,16629
188,55,16630
216,79,16631
220,84,16632
233,106,16633
245,146,16634
246,164,16635
239,211,16636
233,226,16637
219,250,16638
194,275,16639
171,288,16640
124,295,16641
111,293,16642
90,286,16643
65,270,16644
42,245,16645
23,207,16646
16,176,16647
17,127,16648
23,103,16649
39,69,16650
43,63,16651
73,32,16652
120,11,16653
149,9,16654
173,13,16655
201,25,16656
236,55,16657
253,80,16658
267,113,16659
274,151,16660
137,160,16661
138,154,16662
141,154,16663
141,153,16664
147,158,16665
148,159,16666
149,161,16667
150,165,16668
150,167,16669
145,177,16670
145,178,16671
142,180,16672
135,183,16673
128,182,16674
123,179,16675
122,179,16676
117,174,16677
114,168,16678
112,160,16679
112,149,16680
114,142,16681
117,136,16682
118,134,16683
127,126,16684
140,122,16685
145,122,16686
155,125,16687
162,129,16688
168,136,16689
175,149,16690
175,148,16691
178,163,16692
174,185,16693
174,186,16694
167,198,16695
157,208,16696
149,213,16697
141,215,16698
133,216,16699
116,212,16700
104,204,16701
93,192,16702
91,188,16703
84,168,16704
83,158,16705
85,137,16706
88,128,16707
97,112,16708
115,96,16709
116,95,16710
137,89,16711
155,90,16712
168,95,16713
172,97,16714
195,122,16715
202,138,16716
204,145,16717
206,173,16718
205,183,16719
200,200,16720
182,228,16721
168,239,16722
156,245,16723
128,249,16724
127,249,16725
109,245,16726
89,233,16727
76,220,16728
62,196,16729
56,176,16730
55,142,16731
60,120,16732
62,114,16733
86,78,16734
97,69,16735
121,58,16736
140,55,16737
155,56,16738
177,63,16739
197,77,16740
205,84,16741
226,118,16742
234,148,16743
235,163,16744
233,189,16745
223,221,16746
208,245,16747
181,269,16748
162,278,16749
124,282,16750
107,279,16751
94,274,16752
68,257,16753
46,230,16754
35,207,16755
26,166,16756
26,144,16757
33,108,16758
47,78,16759
63,57,16760
79,43,16761
109,27,16762
150,22,16763
152,22,16764
197,37,16765
228,64,16766
244,87,16767
256,115,16768
263,149,16769
263,182,16770
254,223,16771
242,249,16772
221,277,16773
212,286,16774
159,313,16775
155,314,16776
96,310,16777
90,308,16778
56,288,16779
140,161,16780
140,166,16781
140,167,16782
136,170,16783
134,170,16784
131,170,16785
128,169,16786
126,167,16787
124,164,16788
122,157,16789
122,154,16790
124,147,16791
126,143,16792
131,138,16793
138,135,16794
136,135,16795
146,135,16796
150,136,16797
154,138,16798
164,152,16799
165,154,16800
166,156,16801
167,167,16802
164,181,16803
161,186,16804
157,192,16805
147,200,16806
142,202,16807
132,203,16808
116,198,16809
115,198,16810
106,190,16811
100,181,16812
96,171,16813
94,157,16814
96,139,16815
96,138,16816
108,117,16817
116,110,16818
122,106,16819
146,102,16820
143,101,16821
162,106,16822
175,115,16823
183,124,16824
187,131,16825
194,151,16826
195,172,16827
192,189,16828
190,195,16829
177,216,16830
162,228,16831
159,230,16832
143,236,16833
127,236,16834
116,234,16835
97,224,16836
76,199,16837
71,189,16838
66,168,16839
65,157,16840
70,125,16841
80,104,16842
88,93,16843
101,81,16844
119,72,16845
137,68,16846
155,69,16847
173,75,16848
182,80,16849
207,106,16850
218,129,16851
221,139,16852
224,162,16853
222,189,16854
211,220,16855
191,246,16856
189,248,16857
170,261,16858
143,269,16859
115,268,16860
87,256,16861
81,252,16862
59,229,16863
49,211,16864
39,181,16865
38,137,16866
40,124,16867
46,105,16868
72,65,16869
83,55,16870
110,40,16871
140,34,16872
164,37,16873
191,48,16874
204,57,16875
218,70,16876
239,102,16877
251,142,16878
253,167,16879
243,220,16880
231,245,16881
208,273,16882
206,275,16883
166,298,16884
139,303,16885
116,302,16886
81,290,16887
48,264,16888
31,241,16889
16,208,16890
9,176,16891
8,160,16892
12,116,16893
23,84,16894
44,50,16895
66,28,16896
102,8,16897
146,1,16898
134,161,16899
132,159,16900
132,157,16901
133,153,16902
134,151,16903
136,149,16904
139,147,16905
144,147,16906
148,149,16907
149,149,16908
152,152,16909
155,160,16910
156,163,16911
155,173,16912
155,174,16913
149,183,16914
147,186,16915
137,190,16916
130,190,16917
126,189,16918
118,185,16919
113,180,16920
110,176,16921
106,166,16922
105,158,16923
105,151,16924
108,139,16925
113,129,16926
116,126,16927
128,117,16928
138,114,16929
139,114,16930
158,118,16931
167,124,16932
170,127,16933
178,138,16934
183,151,16935
184,171,16936
184,175,16937
180,189,16938
168,208,16939
160,215,16940
155,218,16941
146,222,16942
132,224,16943
120,222,16944
96,207,16945
94,205,16946
84,190,16947
80,181,16948
76,157,16949
79,134,16950
86,116,16951
87,114,16952
110,90,16953
126,83,16954
135,81,16955
154,82,16956
170,87,16957
186,99,16958
196,110,16959
202,120,16960
212,151,16961
213,169,16962
211,188,16963
205,206,16964
196,222,16965
173,245,16966
164,250,16967
140,257,16968
116,255,16969
104,251,16970
82,237,16971
69,223,16972
58,204,16973
52,188,16974
48,144,16975
50,130,16976
63,96,16977
69,87,16978
94,62,16979
111,53,16980
129,48,16981
160,49,16982
190,62,16983
210,79,16984
218,89,16985
231,112,16986
241,150,16987
242,166,16988
239,194,16989
232,218,16990
212,252,16991
200,264,16992
159,287,16993
149,289,16994
121,290,16995
95,283,16996
70,268,16997
54,253,16998
29,211,16999
24,196,17000
19,151,17001
21,128,17002
30,96,17003
65,45,17004
68,42,17005
92,26,17006
132,14,17007
172,18,17008
195,27,17009
220,45,17010
237,63,17011
261,108,17012
266,126,17013
270,180,17014
267,201,17015
246,256,17016
223,285,17017
138,158,17018
141,157,17019
144,159,17020
145,161,17021
146,165,17022
145,170,17023
144,172,17024
140,176,17025
139,177,17026
132,178,17027
131,178,17028
124,175,17029
120,170,17030
117,164,17031
116,160,17032
116,151,17033
116,150,17034
121,138,17035
122,137,17036
128,131,17037
134,128,17038
138,127,17039
146,127,17040
158,132,17041
165,139,17042
167,142,17043
171,150,17044
173,158,17045
173,174,17046
170,184,17047
164,195,17048
156,203,17049
153,205,17050
145,209,17051
134,211,17052
116,207,17053
114,206,17054
100,194,17055
96,188,17056
89,171,17057
88,147,17058
89,139,17059
92,130,17060
101,114,17061
114,102,17062
121,98,17063
134,94,17064
150,94,17065
155,95,17066
176,106,17067
188,119,17068
195,132,17069
201,151,17070
202,172,17071
200,185,17072
193,205,17073
187,215,17074
174,229,17075
164,236,17076
140,244,17077
120,243,17078
113,241,17079
90,228,17080
77,214,17081
68,199,17082
60,173,17083
59,145,17084
59,144,17085
71,105,17086
78,94,17087
103,71,17088
121,63,17089
138,60,17090
155,61,17091
174,67,17092
189,76,17093
213,102,17094
216,107,17095
229,144,17096
230,179,17097
228,193,17098
223,210,17099
212,232,17100
191,256,17101
175,267,17102
144,277,17103
111,275,17104
84,263,17105
72,254,17106
61,243,17107
47,223,17108
35,194,17109
30,147,17110
36,113,17111
38,107,17112
55,74,17113
87,43,17114
116,30,17115
120,29,17116
152,27,17117
187,37,17118
199,44,17119
236,82,17120
246,101,17121
257,137,17122
259,179,17123
253,212,17124
238,247,17125
228,262,17126
196,292,17127
167,306,17128
150,310,17129
124,311,17130
76,296,17131
71,293,17132
33,257,17133
13,220,17134
4,188,17135
1,156,17136
138,165,17137
137,165,17138
132,166,17139
130,165,17140
128,162,17141
127,160,17142
126,157,17143
126,153,17144
128,148,17145
132,143,17146
131,143,17147
139,140,17148
140,139,17149
149,141,17150
151,142,17151
156,146,17152
159,150,17153
162,160,17154
163,166,17155
161,177,17156
157,185,17157
153,190,17158
151,192,17159
144,196,17160
130,198,17161
129,198,17162
114,191,17163
112,190,17164
104,179,17165
100,169,17166
98,160,17167
98,152,17168
104,131,17169
103,132,17170
120,113,17171
123,111,17172
128,108,17173
143,106,17174
155,108,17175
170,117,17176
179,127,17177
182,131,17178
190,153,17179
191,161,17180
189,184,17181
185,196,17182
181,203,17183
163,222,17184
154,227,17185
150,229,17186
126,231,17187
114,228,17188
102,222,17189
90,212,17190
81,199,17191
72,176,17192
70,166,17193
70,145,17194
73,129,17195
89,99,17196
93,94,17197
119,77,17198
136,73,17199
148,73,17200
170,79,17201
185,88,17202
201,105,17203
210,120,17204
218,145,17205
220,171,17206
218,186,17207
209,214,17208
204,223,17209
182,248,17210
161,260,17211
146,264,17212
131,265,17213
108,261,17214
85,249,17215
69,234,17216
49,201,17217
47,195,17218
41,162,17219
42,137,17220
52,102,17221
68,76,17222
82,62,17223
113,44,17224
130,40,17225
154,40,17226
168,43,17227
203,62,17228
213,71,17229
241,119,17230
248,154,17231
248,179,17232
244,203,17233
230,238,17234
227,243,17235
209,266,17236
171,291,17237
143,298,17238
116,297,17239
80,284,17240
68,276,17241
35,239,17242
32,234,17243
14,181,17244
12,161,17245
20,104,17246
23,95,17247
34,72,17248
56,43,17249
94,16,17250
136,6,17251
149,6,17252
201,22,17253
211,28,17254
239,54,17255
136,160,17256
135,156,17257
137,153,17258
138,152,17259
144,152,17260
146,153,17261
147,153,17262
150,157,17263
152,162,17264
152,165,17265
152,169,17266
148,178,17267
144,182,17268
141,184,17269
136,185,17270
134,186,17271
123,183,17272
118,179,17273
115,176,17274
112,169,17275
109,159,17276
109,153,17277
109,150,17278
112,140,17279
122,127,17280
125,124,17281
133,120,17282
139,119,17283
146,119,17284
159,124,17285
164,127,17286
172,136,17287
179,154,17288
180,161,17289
180,170,17290
176,188,17291
171,198,17292
159,210,17293
148,216,17294
141,218,17295
128,218,17296
117,216,17297
108,211,17298
98,203,17299
86,184,17300
83,175,17301
81,166,17302
83,135,17303
87,124,17304
92,114,17305
102,102,17306
127,88,17307
129,87,17308
141,85,17309
164,90,17310
175,96,17311
191,111,17312
198,122,17313
206,141,17314
209,162,17315
208,180,17316
202,202,17317
188,225,17318
175,238,17319
171,241,17320
138,252,17321
116,250,17322
107,247,17323
92,239,17324
78,227,17325
66,210,17326
54,178,17327
52,149,17328
54,132,17329
59,114,17330
65,101,17331
82,78,17332
114,57,17333
139,52,17334
153,53,17335
164,55,17336
196,72,17337
202,77,17338
219,98,17339
232,128,17340
236,143,17341
232,204,17342
226,221,17343
216,239,17344
186,269,17345
170,278,17346
159,282,17347
130,286,17348
101,280,17349
70,262,17350
55,247,17351
36,217,17352
25,180,17353
23,160,17354
27,120,17355
39,87,17356
54,63,17357
74,43,17358
101,27,17359
132,19,17360
158,20,17361
181,26,17362
204,38,17363
221,52,17364
251,95,17365
260,119,17366
266,174,17367
261,209,17368
250,240,17369
230,271,17370
219,283,17371
189,305,17372
160,316,17373
117,318,17374
138,160,17375
142,163,17376
142,167,17377
140,170,17378
139,171,17379
135,173,17380
133,174,17381
130,173,17382
128,172,17383
123,167,17384
121,164,17385
120,157,17386
119,155,17387
120,150,17388
123,143,17389
128,137,17390
133,133,17391
138,132,17392
147,132,17393
152,134,17394
158,138,17395
164,145,17396
167,151,17397
169,159,17398
169,170,17399
168,177,17400
162,190,17401
161,192,17402
147,203,17403
141,205,17404
130,206,17405
123,205,17406
117,202,17407
106,194,17408
97,181,17409
95,176,17410
91,159,17411
92,145,17412
97,129,17413
101,122,17414
108,113,17415
124,102,17416
130,100,17417
142,98,17418
156,100,17419
172,109,17420
184,121,17421
191,133,17422
196,148,17423
198,160,17424
197,179,17425
190,201,17426
185,210,17427
171,226,17428
163,231,17429
139,239,17430
120,238,17431
114,236,17432
107,234,17433
89,221,17434
70,193,17435
65,177,17436
63,160,17437
63,146,17438
69,119,17439
76,105,17440
98,80,17441
107,74,17442
137,65,17443
149,65,17444
166,69,17445
195,87,17446
197,89,17447
208,102,17448
224,141,17449
227,165,17450
225,186,17451
220,206,17452
211,225,17453
187,253,17454
181,258,17455
151,271,17456
136,273,17457
93,263,17458
85,258,17459
61,236,17460
51,221,17461
40,196,17462
34,149,17463
40,115,17464
48,94,17465
53,85,17466
65,68,17467
113,36,17468
116,35,17469
159,33,17470
182,40,17471
204,53,17472
217,65,17473
239,96,17474
247,115,17475
255,157,17476
250,207,17477
241,232,17478
233,247,17479
211,274,17480
177,297,17481
141,306,17482
115,305,17483
103,302,17484
80,293,17485
48,268,17486
32,248,17487
7,180,17488
6,173,17489
8,124,17490
14,100,17491
27,70,17492
71,21,17493
137,162,17494
132,162,17495
131,160,17496
130,156,17497
130,153,17498
132,150,17499
132,149,17500
135,146,17501
141,144,17502
145,144,17503
147,145,17504
152,148,17505
155,152,17506
158,160,17507
159,164,17508
158,170,17509
158,173,17510
151,185,17511
147,189,17512
141,192,17513
135,193,17514
132,194,17515
122,191,17516
112,183,17517
111,182,17518
107,176,17519
103,160,17520
102,153,17521
103,146,17522
107,134,17523
112,126,17524
119,119,17525
134,112,17526
141,111,17527
151,112,17528
159,115,17529
174,127,17530
181,138,17531
183,143,17532
187,162,17533
186,175,17534
185,183,17535
175,204,17536
165,215,17537
154,222,17538
146,225,17539
125,226,17540
110,221,17541
106,219,17542
99,214,17543
82,192,17544
78,182,17545
74,149,17546
74,144,17547
82,118,17548
83,116,17549
101,93,17550
117,83,17551
125,80,17552
149,78,17553
165,82,17554
185,94,17555
191,100,17556
204,118,17557
213,142,17558
216,166,17559
215,177,17560
212,194,17561
203,216,17562
183,241,17563
172,249,17564
137,260,17565
120,259,17566
115,258,17567
97,251,17568
68,226,17569
53,199,17570
52,197,17571
45,150,17572
49,125,17573
53,111,17574
68,83,17575
92,60,17576
102,54,17577
120,47,17578
142,44,17579
173,50,17580
188,57,17581
211,76,17582
227,98,17583
238,123,17584
244,157,17585
244,180,17586
235,217,17587
219,247,17588
202,266,17589
173,285,17590
166,288,17591
115,292,17592
103,289,17593
63,266,17594
53,256,17595
32,225,17596
18,179,17597
16,156,17598
17,140,17599
25,102,17600
55,51,17601
53,53,17602
79,30,17603
133,11,17604
151,11,17605
197,25,17606
204,29,17607
237,59,17608
256,89,17609
268,123,17610
273,158,17611
265,219,17612
138,156,17613
140,155,17614
143,156,17615
144,156,17616
147,161,17617
148,164,17618
148,168,17619
147,171,17620
147,172,17621
143,177,17622
138,180,17623
134,181,17624
131,181,17625
126,179,17626
118,172,17627
116,169,17628
115,167,17629
113,154,17630
114,147,17631
116,141,17632
119,136,17633
127,128,17634
130,126,17635
139,124,17636
146,124,17637
157,128,17638
161,131,17639
170,141,17640
174,152,17641
176,161,17642
176,169,17643
175,178,17644
167,195,17645
167,196,17646
147,211,17647
148,211,17648
136,214,17649
118,211,17650
115,210,17651
105,203,17652
92,186,17653
89,180,17654
85,160,17655
86,141,17656
89,130,17657
90,127,17658
108,103,17659
112,100,17660
126,93,17661
144,90,17662
161,94,17663
178,104,17664
185,111,17665
191,118,17666
201,140,17667
204,156,17668
203,184,17669
199,198,17670
189,217,17671
184,223,17672
165,239,17673
139,247,17674
127,247,17675
103,240,17676
93,234,17677
75,216,17678
67,203,17679
59,181,17680
57,171,17681
56,148,17682
61,122,17683
74,95,17684
90,77,17685
96,72,17686
120,60,17687
155,58,17688
160,59,17689
184,69,17690
210,93,17691
224,118,17692
231,140,17693
233,157,17694
233,178,17695
226,209,17696
212,237,17697
193,258,17698
164,275,17699
146,280,17700
132,281,17701
92,271,17702
80,264,17703
55,240,17704
53,238,17705
31,188,17706
28,172,17707
28,140,17708
40,95,17709
55,69,17710
60,63,17711
93,36,17712
120,26,17713
154,24,17714
175,29,17715
207,46,17716
225,63,17717
239,82,17718
253,111,17719
262,173,17720
262,174,17721
248,233,17722
245,240,17723
226,269,17724
173,307,17725
168,309,17726
140,314,17727
106,311,17728
66,293,17729
39,269,17730
25,250,17731
140,163,17732
138,167,17733
136,168,17734
135,169,17735
130,168,17736
129,167,17737
127,166,17738
124,160,17739
124,157,17740
125,149,17741
124,150,17742
130,141,17743
131,140,17744
137,137,17745
146,137,17746
148,137,17747
155,141,17748
160,147,17749
161,148,17750
165,162,17751
165,169,17752
164,176,17753
162,182,17754
161,184,17755
149,196,17756
142,200,17757
131,201,17758
127,201,17759
116,196,17760
112,193,17761
108,190,17762
101,180,17763
96,162,17764
96,148,17765
100,133,17766
104,125,17767
105,123,17768
119,110,17769
134,104,17770
141,103,17771
163,109,17772
170,113,17773
177,120,17774
183,127,17775
191,145,17776
193,154,17777
194,166,17778
191,186,17779
186,200,17780
179,211,17781
167,223,17782
139,234,17783
132,235,17784
123,234,17785
96,221,17786
87,212,17787
74,191,17788
69,175,17789
68,172,17790
69,135,17791
71,127,17792
76,114,17793
101,84,17794
106,80,17795
113,76,17796
137,70,17797
155,71,17798
180,81,17799
199,98,17800
201,100,17801
220,142,17802
222,174,17803
222,176,17804
218,198,17805
208,222,17806
199,235,17807
168,260,17808
155,265,17809
130,268,17810
103,262,17811
87,254,17812
60,227,17813
49,208,17814
47,203,17815
39,170,17816
41,127,17817
48,105,17818
55,90,17819
66,74,17820
89,53,17821
116,40,17822
143,36,17823
156,37,17824
191,50,17825
218,73,17826
235,98,17827
246,126,17828
250,146,17829
250,185,17830
241,221,17831
217,261,17832
211,268,17833
181,290,17834
169,295,17835
122,301,17836
107,298,17837
70,281,17838
44,257,17839
34,243,17840
16,202,17841
10,169,17842
10,141,17843
16,108,17844
29,75,17845
63,33,17846
86,17,17847
125,4,17848
148,3,17849
190,13,17850
134,160,17851
133,158,17852
133,156,17853
136,151,17854
137,150,17855
141,149,17856
142,148,17857
147,150,17858
150,152,17859
152,155,17860
154,161,17861
154,169,17862
154,172,17863
151,178,17864
150,180,17865
144,185,17866
140,188,17867
133,189,17868
128,188,17869
119,183,17870
113,177,17871
112,176,17872
108,168,17873
106,156,17874
108,144,17875
112,134,17876
118,126,17877
120,124,17878
128,119,17879
144,116,17880
146,116,17881
155,118,17882
163,123,17883
177,140,17884
181,151,17885
182,156,17886
183,169,17887
179,187,17888
174,198,17889
171,202,17890
158,214,17891
141,221,17892
132,222,17893
125,221,17894
110,216,17895
98,207,17896
87,192,17897
84,186,17898
78,161,17899
78,148,17900
84,124,17901
86,120,17902
99,101,17903
108,93,17904
135,83,17905
150,83,17906
164,87,17907
181,97,17908
184,99,17909
196,113,17910
206,133,17911
211,156,17912
211,175,17913
204,204,17914
202,209,17915
192,225,17916
171,244,17917
160,250,17918
128,255,17919
108,251,17920
90,241,17921
73,225,17922
69,220,17923
52,182,17924
51,177,17925
49,153,17926
58,110,17927
62,101,17928
89,68,17929
98,62,17930
111,55,17931
140,49,17932
161,51,17933
182,59,17934
210,82,17935
227,107,17936
234,125,17937
240,156,17938
237,196,17939
234,206,17940
227,225,17941
194,267,17942
189,271,17943
155,286,17944
146,288,17945
111,286,17946
80,273,17947
58,255,17948
37,225,17949
24,189,17950
22,176,17951
23,126,17952
34,91,17953
45,71,17954
53,60,17955
96,26,17956
119,18,17957
151,16,17958
179,22,17959
198,31,17960
227,54,17961
249,85,17962
260,110,17963
265,128,17964
269,167,17965
253,239,17966
248,249,17967
220,286,17968
173,315,17969
140,158,17970
143,160,17971
144,162,17972
144,167,17973
144,168,17974
142,171,17975
140,174,17976
136,176,17977
131,176,17978
128,175,17979
127,175,17980
121,169,17981
118,161,17982
117,158,17983
118,149,17984
119,145,17985
120,142,17986
125,136,17987
134,130,17988
138,129,17989
146,129,17990
149,129,17991
159,135,17992
162,138,17993
168,147,17994
171,156,17995
172,165,17996
171,177,17997
168,185,17998
160,197,17999
153,203,18000
150,205,18001
131,209,18002
130,209,18003
116,205,18004
105,197,18005
101,193,18006
93,178,18007
89,162,18008
89,151,18009
92,136,18010
97,123,18011
107,110,18012
110,107,18013
126,98,18014
141,95,18015
150,96,18016
173,106,18017
181,113,18018
183,115,18019
194,133,18020
200,157,18021
200,177,18022
198,188,18023
193,201,18024
178,223,18025
166,233,18026
150,240,18027
142,242,18028
110,238,18029
94,229,18030
88,224,18031
75,208,18032
68,195,18033
61,170,18034
60,156,18035
69,113,18036
78,97,18037
87,86,18038
93,80,18039
115,67,18040
139,62,18041
167,66,18042
178,71,18043
206,95,18044
211,102,18045
224,130,18046
229,156,18047
229,174,18048
216,221,18049
213,227,18050
200,245,18051
180,262,18052
151,274,18053
134,276,18054
99,269,18055
93,266,18056
65,245,18057
50,225,18058
39,201,18059
32,169,18060
32,142,18061
36,118,18062
53,80,18063
66,63,18064
92,42,18065
116,32,18066
143,28,18067
172,33,18068
207,52,18069
220,64,18070
242,96,18071
254,130,18072
258,163,18073
258,168,18074
252,209,18075
243,234,18076
217,272,18077
184,297,18078
170,303,18079
123,309,18080
102,305,18081
88,300,18082
60,283,18083
21,234,18084
8,199,18085
4,177,18086
5,126,18087
18,83,18088
138,162,18089
135,165,18090
133,165,18091
129,161,18092
128,159,18093
128,155,18094
128,152,18095
129,149,18096
131,146,18097
135,143,18098
139,141,18099
142,141,18100
150,143,18101
153,146,18102
158,152,18103
160,157,18104
161,161,18105
161,168,18106
159,177,18107
155,185,18108
149,191,18109
144,194,18110
139,196,18111
130,196,18112
124,195,18113
118,192,18114
111,186,18115
103,174,18116
100,161,18117
100,150,18118
100,148,18119
102,139,18120
114,120,18121
119,115,18122
128,111,18123
133,109,18124
152,109,18125
157,111,18126
174,123,18127
180,131,18128
187,148,18129
189,156,18130
189,174,18131
187,185,18132
183,196,18133
174,210,18134
160,222,18135
149,227,18136
133,230,18137
116,227,18138
104,221,18139
91,210,18140
81,196,18141
75,183,18142
72,167,18143
71,157,18144
73,136,18145
81,114,18146
99,91,18147
112,82,18148
116,80,18149
149,75,18150
150,75,18151
170,81,18152
188,93,18153
208,120,18154
209,122,18155
218,157,18156
216,188,18157
214,197,18158
206,216,18159
186,242,18160
169,254,18161
155,260,18162
137,263,18163
126,263,18164
93,252,18165
71,234,18166
54,208,18167
50,198,18168
43,169,18169
44,134,18170
46,124,18171
61,89,18172
67,80,18173
87,60,18174
117,45,18175
139,41,18176
168,45,18177
183,51,18178
205,66,18179
219,81,18180
240,120,18181
247,163,18182
247,168,18183
243,200,18184
223,246,18185
218,253,18186
180,285,18187
151,295,18188
143,296,18189
110,294,18190
77,280,18191
51,258,18192
37,239,18193
22,207,18194
15,177,18195
14,145,18196
18,117,18197
44,60,18198
64,38,18199
80,26,18200
99,16,18201
132,8,18202
160,9,18203
206,27,18204
232,49,18205
256,83,18206
267,110,18207
136,157,18208
136,156,18209
139,154,18210
142,152,18211
146,155,18212
148,157,18213
149,158,18214
151,163,18215
151,166,18216
149,172,18217
147,177,18218
145,179,18219
141,182,18220
133,184,18221
129,183,18222
123,181,18223
118,177,18224
116,174,18225
113,169,18226
111,159,18227
111,148,18228
112,144,18229
114,139,18230
120,130,18231
135,122,18232
133,122,18233
150,122,18234
154,123,18235
159,126,18236
172,140,18237
173,141,18238
176,148,18239
178,173,18240
177,180,18241
172,192,18242
167,200,18243
163,205,18244
145,215,18245
135,217,18246
125,216,18247
114,212,18248
109,210,18249
89,186,18250
86,180,18251
83,168,18252
82,159,18253
87,128,18254
92,118,18255
105,102,18256
112,96,18257
120,92,18258
136,88,18259
151,88,18260
169,94,18261
187,109,18262
196,122,18263
201,132,18264
205,145,18265
208,166,18266
201,200,18267
197,209,18268
187,224,18269
163,243,18270
157,246,18271
127,250,18272
124,250,18273
94,238,18274
86,232,18275
65,205,18276
58,188,18277
54,167,18278
55,136,18279
57,126,18280
70,96,18281
71,94,18282
90,73,18283
117,58,18284
147,54,18285
148,54,18286
194,73,18287
191,70,18288
223,109,18289
231,129,18290
236,161,18291
234,189,18292
232,199,18293
222,225,18294
208,247,18295
183,269,18296
167,277,18297
135,284,18298
115,282,18299
87,272,18300
58,248,18301
39,219,18302
30,195,18303
25,167,18304
26,134,18305
33,105,18306
49,73,18307
70,49,18308
81,40,18309
103,28,18310
132,21,18311
176,26,18312
200,38,18313
215,49,18314
232,67,18315
254,106,18316
264,150,18317
265,165,18318
255,223,18319
242,251,18320
233,265,18321
194,300,18322
164,313,18323
127,317,18324
105,314,18325
73,301,18326
139,160,18327
141,165,18328
141,166,18329
139,169,18330
135,171,18331
131,171,18332
132,172,18333
125,167,18334
123,164,18335
122,161,18336
121,157,18337
122,149,18338
124,144,18339
127,140,18340
132,136,18341
134,135,18342
141,133,18343
148,134,18344
154,137,18345
160,143,18346
163,147,18347
167,156,18348
168,162,18349
167,175,18350
163,185,18351
159,191,18352
157,194,18353
145,202,18354
137,204,18355
131,204,18356
124,203,18357
113,198,18358
101,185,18359
100,183,18360
95,170,18361
93,158,18362
94,142,18363
98,131,18364
106,118,18365
115,109,18366
125,104,18367
140,100,18368
150,101,18369
158,103,18370
170,109,18371
187,129,18372
192,140,18373
195,151,18374
196,175,18375
194,186,18376
185,207,18377
171,223,18378
170,224,18379
154,234,18380
127,237,18381
113,234,18382
101,228,18383
93,222,18384
78,205,18385
71,191,18386
67,179,18387
64,155,18388
66,137,18389
78,105,18390
83,97,18391
96,84,18392
111,74,18393
148,67,18394
156,68,18395
167,71,18396
200,95,18397
210,109,18398
217,123,18399
223,143,18400
225,170,18401
223,189,18402
213,218,18403
194,245,18404
172,261,18405
144,270,18406
128,271,18407
120,270,18408
99,264,18409
86,257,18410
52,219,18411
49,214,18412
37,174,18413
36,143,18414
39,124,18415
60,78,18416
64,72,18417
91,48,18418
109,39,18419
123,35,18420
160,35,18421
193,48,18422
201,53,18423
232,87,18424
240,102,18425
251,136,18426
253,182,18427
252,190,18428
235,240,18429
212,271,18430
204,278,18431
179,294,18432
142,304,18433
122,304,18434
93,297,18435
60,277,18436
39,255,18437
21,224,18438
10,189,18439
8,135,18440
15,102,18441
28,72,18442
54,37,18443
74,21,18444
120,2,18445
136,162,18446
132,160,18447
132,158,18448
132,153,18449
132,151,18450
136,148,18451
136,147,18452
140,146,18453
144,146,18454
148,147,18455
153,152,18456
155,156,18457
157,162,18458
157,167,18459
156,174,18460
152,181,18461
155,178,18462
146,187,18463
139,191,18464
130,191,18465
128,191,18466
121,189,18467
114,183,18468
107,172,18469
106,169,18470
104,158,18471
105,145,18472
106,140,18473
112,129,18474
117,123,18475
127,116,18476
137,113,18477
143,113,18478
154,115,18479
161,118,18480
176,133,18481
177,134,18482
184,152,18483
185,156,18484
185,174,18485
180,191,18486
176,200,18487
163,214,18488
158,218,18489
134,225,18490
132,225,18491
117,222,18492
106,217,18493
85,194,18494
83,191,18495
76,167,18496
75,155,18497
79,130,18498
83,119,18499
89,109,18500
104,93,18501
119,84,18502
148,80,18503
143,79,18504
165,84,18505
189,100,18506
201,116,18507
209,134,18508
212,145,18509
214,161,18510
212,187,18511
201,216,18512
188,234,18513
176,244,18514
167,250,18515
138,258,18516
127,258,18517
97,249,18518
76,233,18519
71,227,18520
55,200,18521
47,166,18522
47,169,18523
50,126,18524
60,100,18525
80,72,18526
92,62,18527
106,54,18528
146,46,18529
173,52,18530
171,51,18531
213,81,18532
224,96,18533
229,105,18534
241,143,18535
243,165,18536
241,189,18537
225,235,18538
217,247,18539
192,272,18540
171,284,18541
146,291,18542
120,291,18543
81,277,18544
59,260,18545
47,246,18546
32,221,18547
20,182,18548
18,149,18549
20,128,18550
34,85,18551
51,58,18552
69,40,18553
102,20,18554
134,13,18555
161,14,18556
182,20,18557
228,51,18558
250,81,18559
255,91,18560
271,152,18561
271,178,18562
269,196,18563
241,265,18564
138,157,18565
142,157,18566
144,158,18567
145,159,18568
146,163,18569
146,169,18570
146,170,18571
143,175,18572
141,177,18573
138,178,18574
132,179,18575
127,178,18576
124,176,18577
121,173,18578
118,169,18579
115,161,18580
114,155,18581
116,146,18582
118,141,18583
122,135,18584
129,129,18585
133,127,18586
143,125,18587
150,127,18588
160,132,18589
162,134,18590
169,143,18591
172,150,18592
174,158,18593
174,173,18594
170,187,18595
164,197,18596
161,200,18597
151,208,18598
134,212,18599
131,212,18600
123,211,18601
105,201,18602
96,190,18603
93,185,18604
87,164,18605
86,153,18606
87,145,18607
94,123,18608
102,111,18609
115,100,18610
123,96,18611
133,93,18612
152,93,18613
164,97,18614
182,110,18615
191,122,18616
198,136,18617
200,141,18618
203,163,18619
202,181,18620
192,209,18621
182,223,18622
178,227,18623
163,238,18624
141,245,18625
115,243,18626
101,237,18627
85,225,18628
71,207,18629
62,186,18630
58,165,18631
58,144,18632
63,121,18633
65,115,18634
87,82,18635
101,71,18636
110,66,18637
135,59,18638
148,59,18639
175,66,18640
191,76,18641
216,105,18642
224,122,18643
229,140,18644
232,168,18645
229,193,18646
219,222,18647
199,250,18648
179,266,18649
159,275,18650
146,278,18651
110,276,18652
94,270,18653
65,249,18654
57,240,18655
40,211,18656
32,187,18657
29,150,18658
33,120,18659
51,78,18660
66,59,18661
88,41,18662
99,35,18663
130,26,18664
165,28,18665
195,40,18666
220,60,18667
239,85,18668
244,94,18669
257,132,18670
260,150,18671
257,200,18672
242,242,18673
219,274,18674
212,281,18675
173,305,18676
151,311,18677
122,312,18678
98,307,18679
45,273,18680
34,260,18681
20,238,18682
2,181,18683
139,163,18684
137,167,18685
133,167,18686
131,167,18687
129,165,18688
128,164,18689
126,161,18690
125,157,18691
125,154,18692
129,145,18693
128,145,18694
133,141,18695
136,139,18696
142,138,18697
151,141,18698
152,141,18699
159,148,18700
160,150,18701
163,160,18702
164,166,18703
162,177,18704
160,182,18705
158,186,18706
151,193,18707
141,198,18708
128,199,18709
118,195,18710
115,194,18711
106,184,18712
101,175,18713
98,166,18714
97,159,18715
98,147,18716
102,132,18717
110,120,18718
111,119,18719
118,112,18720
140,105,18721
141,105,18722
162,110,18723
170,116,18724
176,121,18725
189,145,18726
190,147,18727
192,170,18728
192,174,18729
189,188,18730
181,205,18731
172,216,18732
161,225,18733
146,231,18734
124,232,18735
113,229,18736
101,223,18737
83,204,18738
75,189,18739
70,172,18740
69,145,18741
69,143,18742
78,114,18743
89,97,18744
102,85,18745
114,78,18746
134,72,18747
160,74,18748
175,80,18749
192,93,18750
205,109,18751
216,133,18752
219,144,18753
221,164,18754
220,180,18755
211,212,18756
204,225,18757
186,246,18758
168,258,18759
151,264,18760
127,266,18761
100,259,18762
81,247,18763
61,226,18764
47,198,18765
44,189,18766
40,150,18767
43,126,18768
48,109,18769
61,84,18770
89,55,18771
97,50,18772
129,39,18773
161,40,18774
177,45,18775
196,55,18776
231,94,18777
236,104,18778
245,129,18779
249,150,18780
246,199,18781
240,219,18782
215,261,18783
184,286,18784
172,292,18785
151,298,18786
120,299,18787
99,294,18788
56,267,18789
41,250,18790
28,229,18791
12,174,18792
11,157,18793
16,114,18794
27,83,18795
42,58,18796
66,32,18797
115,8,18798
119,7,18799
159,6,18800
202,21,18801
225,38,18802
135,160,18803
134,157,18804
135,154,18805
137,152,18806
143,151,18807
144,151,18808
146,151,18809
149,154,18810
151,156,18811
153,163,18812
153,167,18813
152,172,18814
150,177,18815
147,181,18816
141,185,18817
139,186,18818
132,187,18819
125,185,18820
117,180,18821
112,172,18822
111,170,18823
108,160,18824
108,151,18825
109,146,18826
114,134,18827
121,126,18828
126,122,18829
130,120,18830
145,118,18831
150,119,18832
157,121,18833
167,128,18834
174,138,18835
180,153,18836
181,163,18837
181,173,18838
177,189,18839
168,203,18840
158,212,18841
149,217,18842
138,219,18843
135,220,18844
115,216,18845
102,208,18846
94,200,18847
89,192,18848
81,171,18849
80,166,18850
80,145,18851
84,128,18852
93,111,18853
102,101,18854
125,87,18855
131,85,18856
151,85,18857
171,92,18858
187,105,18859
188,106,18860
199,121,18861
208,146,18862
210,169,18863
209,179,18864
197,214,18865
192,222,18866
176,239,18867
154,250,18868
139,253,18869
115,251,18870
106,248,18871
94,242,18872
72,221,18873
59,198,18874
52,173,18875
52,139,18876
53,131,18877
65,99,18878
78,81,18879
89,70,18880
109,58,18881
143,51,18882
156,52,18883
168,55,18884
198,72,18885
217,93,18886
230,119,18887
236,139,18888
238,178,18889
238,180,18890
231,211,18891
211,247,18892
191,267,18893
177,276,18894
153,285,18895
120,286,18896
91,277,18897
64,258,18898
54,248,18899
41,229,18900
24,180,18901
22,160,18902
24,131,18903
34,95,18904
47,71,18905
70,45,18906
98,27,18907
133,18,18908
153,18,18909
179,24,18910
216,46,18911
234,65,18912
245,81,18913
265,137,18914
267,158,18915
265,196,18916
250,242,18917
240,259,18918
208,294,18919
193,304,18920
139,320,18921
140,159,18922
143,162,18923
143,166,18924
143,167,18925
142,169,18926
138,173,18927
137,174,18928
133,175,18929
130,174,18930
126,172,18931
122,168,18932
120,162,18933
119,158,18934
119,150,18935
121,145,18936
123,141,18937
127,136,18938
134,132,18939
141,130,18940
146,131,18941
153,133,18942
160,138,18943
164,143,18944
168,151,18945
170,162,18946
170,171,18947
166,185,18948
166,186,18949
156,198,18950
154,200,18951
138,207,18952
128,207,18953
121,205,18954
113,201,18955
103,192,18956
98,185,18957
92,171,18958
91,166,18959
91,146,18960
96,129,18961
106,114,18962
113,107,18963
118,104,18964
132,98,18965
145,97,18966
165,103,18967
174,109,18968
183,118,18969
189,127,18970
197,147,18971
199,162,18972
198,178,18973
193,197,18974
190,204,18975
171,227,18976
150,238,18977
147,239,18978
120,239,18979
122,240,18980
92,225,18981
87,221,18982
69,193,18983
65,181,18984
62,150,18985
63,137,18986
67,122,18987
80,97,18988
100,77,18989
121,67,18990
133,64,18991
148,64,18992
176,72,18993
187,79,18994
204,95,18995
219,121,18996
224,136,18997
228,166,18998
224,196,18999
215,220,19000
193,249,19001
188,254,19002
162,269,19003
152,272,19004
129,274,19005
95,265,19006
86,260,19007
63,240,19008
46,214,19009
37,189,19010
33,153,19011
36,126,19012
41,108,19013
58,75,19014
86,48,19015
94,43,19016
124,32,19017
143,30,19018
185,40,19019
209,56,19020
223,70,19021
247,112,19022
254,138,19023
256,159,19024
255,188,19025
246,223,19026
232,250,19027
214,273,19028
177,298,19029
152,306,19030
106,304,19031
90,299,19032
58,279,19033
50,272,19034
26,240,19035
10,200,19036
5,174,19037
7,124,19038
19,84,19039
56,32,19040
137,163,19041
134,164,19042
132,163,19043
130,159,19044
129,157,19045
130,151,19046
131,149,19047
133,146,19048
137,144,19049
139,143,19050
147,144,19051
151,146,19052
154,149,19053
157,154,19054
159,159,19055
160,166,19056
159,173,19057
157,178,19058
151,187,19059
146,191,19060
144,192,19061
139,194,19062
127,194,19063
122,192,19064
112,185,19065
106,176,19066
103,168,19067
101,159,19068
101,155,19069
105,136,19070
110,127,19071
114,122,19072
120,117,19073
129,112,19074
145,110,19075
151,111,19076
160,114,19077
171,122,19078
181,136,19079
184,143,19080
188,165,19081
187,178,19082
184,189,19083
175,206,19084
169,213,19085
160,220,19086
142,227,19087
133,228,19088
111,223,19089
109,222,19090
88,204,19091
82,194,19092
75,176,19093
73,164,19094
75,135,19095
78,125,19096
87,107,19097
103,90,19098
112,84,19099
133,77,19100
156,78,19101
160,79,19102
174,85,19103
196,104,19104
204,116,19105
214,142,19106
217,166,19107
213,194,19108
203,218,19109
195,230,19110
180,245,19111
169,252,19112
139,261,19113
119,260,19114
111,258,19115
93,250,19116
65,224,19117
61,218,19118
48,187,19119
44,154,19120
48,123,19121
56,101,19122
64,87,19123
86,63,19124
96,56,19125
138,43,19126
143,43,19127
181,52,19128
190,57,19129
220,85,19130
231,103,19131
239,123,19132
245,177,19133
244,186,19134
232,227,19135
223,243,19136
206,264,19137
169,288,19138
152,293,19139
120,294,19140
106,291,19141
66,270,19142
48,252,19143
33,229,19144
19,190,19145
16,173,19146
19,120,19147
34,79,19148
43,64,19149
69,36,19150
97,19,19151
131,10,19152
166,12,19153
192,21,19154
209,31,19155
243,65,19156
257,89,19157
271,132,19158
274,162,19159
137,156,19160
138,155,19161
143,155,19162
143,154,19163
147,159,19164
148,161,19165
149,163,19166
149,168,19167
148,172,19168
145,176,19169
142,179,19170
139,181,19171
135,182,19172
127,181,19173
124,179,19174
118,174,19175
117,173,19176
113,162,19177
112,154,19178
113,147,19179
116,139,19180
120,133,19181
125,128,19182
130,125,19183
138,123,19184
151,124,19185
157,127,19186
166,134,19187
170,140,19188
174,148,19189
176,154,19190
177,171,19191
175,180,19192
168,196,19193
158,206,19194
157,207,19195
152,211,19196
135,215,19197
128,215,19198
107,206,19199
98,197,19200
90,185,19201
87,177,19202
84,161,19203
84,147,19204
89,127,19205
92,121,19206
104,105,19207
126,92,19208
131,90,19209
142,89,19210
159,92,19211
172,98,19212
179,103,19213
197,127,19214
204,149,19215
206,165,19216
204,184,19217
199,201,19218
195,209,19219
173,235,19220
159,243,19221
141,248,19222
119,247,19223
109,244,19224
100,240,19225
73,215,19226
71,212,19227
59,185,19228
56,172,19229
56,140,19230
65,109,19231
72,96,19232
87,78,19233
105,65,19234
128,57,19235
147,56,19236
175,63,19237
189,71,19238
208,89,19239
215,98,19240
230,132,19241
234,175,19242
234,177,19243
228,207,19244
211,240,19245
200,253,19246
183,267,19247
152,280,19248
134,282,19249
106,278,19250
81,266,19251
69,257,19252
44,225,19253
32,196,19254
26,156,19255
28,132,19256
41,90,19257
51,73,19258
76,46,19259
106,29,19260
129,23,19261
161,24,19262
176,28,19263
202,41,19264
239,80,19265
246,92,19266
254,111,19267
263,158,19268
262,185,19269
248,236,19270
244,244,19271
215,282,19272
202,293,19273
142,315,19274
115,314,19275
90,307,19276
57,288,19277
43,275,19278
140,162,19279
140,164,19280
139,167,19281
135,170,19282
131,169,19283
130,169,19284
126,166,19285
124,163,19286
123,159,19287
123,154,19288
124,148,19289
125,146,19290
129,140,19291
132,138,19292
138,136,19293
143,135,19294
152,138,19295
155,140,19296
157,141,19297
163,151,19298
166,161,19299
166,170,19300
166,172,19301
162,184,19302
155,193,19303
147,199,19304
145,200,19305
139,202,19306
124,201,19307
114,196,19308
112,195,19309
105,188,19310
96,168,19311
95,162,19312
96,143,19313
98,135,19314
98,134,19315
109,117,19316
124,106,19317
126,105,19318
149,103,19319
156,104,19320
166,109,19321
178,119,19322
188,134,19323
191,142,19324
195,164,19325
193,182,19326
192,187,19327
181,210,19328
171,221,19329
157,230,19330
153,232,19331
136,236,19332
119,234,19333
106,229,19334
89,216,19335
73,191,19336
71,187,19337
67,170,19338
66,149,19339
75,114,19340
79,107,19341
95,87,19342
98,84,19343
129,70,19344
156,70,19345
160,71,19346
177,78,19347
203,101,19348
213,118,19349
219,134,19350
223,158,19351
221,190,19352
218,202,19353
202,233,19354
195,241,19355
179,255,19356
138,269,19357
134,269,19358
104,264,19359
74,245,19360
62,232,19361
54,220,19362
42,190,19363
37,153,19364
38,142,19365
47,104,19366
63,76,19367
72,66,19368
100,45,19369
112,40,19370
137,35,19371
182,44,19372
203,57,19373
225,80,19374
230,87,19375
245,119,19376
252,173,19377
252,174,19378
244,215,19379
236,235,19380
200,279,19381
183,290,19382
167,297,19383
123,302,19384
102,298,19385
58,273,19386
39,252,19387
30,238,19388
13,195,19389
9,167,19390
9,141,19391
20,92,19392
38,59,19393
59,35,19394
74,23,19395
104,8,19396
165,4,19397
137,161,19398
133,160,19399
133,154,19400
135,151,19401
135,150,19402
140,148,19403
141,147,19404
147,149,19405
146,148,19406
152,153,19407
153,155,19408
155,163,19409
156,167,19410
155,171,19411
153,177,19412
148,183,19413
147,185,19414
138,189,19415
132,190,19416
121,186,19417
118,184,19418
112,178,19419
109,173,19420
106,163,19421
106,149,19422
108,140,19423
111,134,19424
113,130,19425
124,120,19426
133,116,19427
138,115,19428
150,115,19429
160,120,19430
170,128,19431
176,136,19432
181,147,19433
184,161,19434
183,177,19435
180,188,19436
177,194,19437
165,210,19438
157,216,19439
149,220,19440
131,223,19441
116,220,19442
105,214,19443
99,209,19444
90,199,19445
79,174,19446
77,164,19447
77,150,19448
80,133,19449
91,109,19450
93,106,19451
117,87,19452
134,82,19453
142,81,19454
159,84,19455
174,90,19456
184,98,19457
203,123,19458
210,143,19459
212,159,19460
212,176,19461
205,205,19462
202,211,19463
188,231,19464
170,246,19465
140,256,19466
144,256,19467
119,255,19468
94,245,19469
75,229,19470
62,211,19471
50,176,19472
48,159,19473
51,129,19474
52,124,19475
65,94,19476
81,74,19477
108,55,19478
113,53,19479
156,49,19480
161,50,19481
203,73,19482
215,86,19483
228,107,19484
236,128,19485
241,158,19486
238,195,19487
229,223,19488
224,233,19489
204,260,19490
175,280,19491
146,289,19492
121,289,19493
114,288,19494
72,269,19495
55,253,19496
44,239,19497
26,200,19498
21,177,19499
24,117,19500
25,113,19501
43,72,19502
57,54,19503
78,35,19504
124,16,19505
142,14,19506
173,19,19507
199,30,19508
241,70,19509
242,71,19510
261,110,19511
270,163,19512
267,198,19513
255,237,19514
246,255,19515
221,286,19516
139,158,19517
141,158,19518
143,159,19519
145,163,19520
145,167,19521
144,171,19522
143,172,19523
140,175,19524
136,177,19525
130,177,19526
126,175,19527
122,172,19528
120,169,19529
117,162,19530
116,157,19531
116,155,19532
117,148,19533
122,138,19534
124,135,19535
133,129,19536
138,128,19537
141,127,19538
151,129,19539
157,132,19540
165,140,19541
169,147,19542
172,158,19543
173,169,19544
171,180,19545
167,189,19546
164,194,19547
155,203,19548
148,207,19549
130,210,19550
120,208,19551
118,207,19552
110,203,19553
95,185,19554
93,181,19555
88,161,19556
89,144,19557
91,134,19558
96,123,19559
101,115,19560
117,101,19561
132,95,19562
144,94,19563
161,98,19564
164,99,19565
185,116,19566
188,120,19567
199,145,19568
201,157,19569
202,165,19570
195,199,19571
186,215,19572
185,217,19573
169,232,19574
151,241,19575
144,243,19576
115,241,19577
105,237,19578
81,218,19579
77,213,19580
65,190,19581
61,176,19582
61,135,19583
65,120,19584
74,101,19585
81,91,19586
101,73,19587
124,63,19588
135,61,19589
170,66,19590
193,80,19591
208,96,19592
211,100,19593
227,137,19594
229,148,19595
227,193,19596
224,205,19597
210,234,19598
190,256,19599
182,262,19600
162,272,19601
130,277,19602
107,273,19603
92,267,19604
74,255,19605
54,233,19606
34,188,19607
31,167,19608
30,155,19609
44,94,19610
55,75,19611
62,66,19612
81,48,19613
129,28,19614
143,27,19615
183,36,19616
205,49,19617
225,68,19618
240,90,19619
254,126,19620
259,161,19621
255,201,19622
253,210,19623
227,262,19624
224,266,19625
178,301,19626
161,307,19627
145,310,19628
98,305,19629
69,291,19630
36,260,19631
17,228,19632
9,206,19633
3,177,19634
3,135,19635
138,164,19636
135,166,19637
134,166,19638
131,165,19639
128,161,19640
127,158,19641
126,156,19642
127,152,19643
128,149,19644
132,144,19645
134,142,19646
141,140,19647
149,142,19648
146,140,19649
155,146,19650
158,150,19651
159,151,19652
162,164,19653
162,169,19654
160,178,19655
157,184,19656
153,189,19657
147,194,19658
137,197,19659
127,197,19660
121,195,19661
109,185,19662
110,187,19663
101,170,19664
100,167,19665
98,155,19666
101,139,19667
106,129,19668
111,121,19669
117,116,19670
129,109,19671
136,107,19672
146,107,19673
164,113,19674
169,117,19675
182,133,19676
185,138,19677
190,158,19678
190,176,19679
187,189,19680
180,204,19681
177,208,19682
166,219,19683
142,230,19684
136,231,19685
116,228,19686
98,218,19687
93,214,19688
83,202,19689
77,190,19690
72,174,19691
70,154,19692
72,136,19693
83,108,19694
89,100,19695
108,83,19696
121,77,19697
151,74,19698
156,75,19699
181,86,19700
184,88,19701
203,109,19702
214,132,19703
218,149,19704
218,184,19705
215,196,19706
205,220,19707
197,232,19708
175,252,19709
156,261,19710
139,264,19711
119,263,19712
94,254,19713
67,231,19714
53,208,19715
45,186,19716
43,175,19717
43,133,19718
46,121,19719
54,99,19720
76,68,19721
108,47,19722
115,44,19723
139,40,19724
161,42,19725
189,53,19726
202,62,19727
220,80,19728
240,118,19729
248,162,19730
246,190,19731
237,222,19732
231,235,19733
209,265,19734
186,283,19735
151,296,19736
134,298,19737
94,290,19738
89,288,19739
64,272,19740
37,241,19741
19,201,19742
13,166,19743
13,143,19744
20,106,19745
32,77,19746
44,58,19747
81,24,19748
117,9,19749
160,8,19750
170,10,19751
221,37,19752
230,45,19753
247,66,19754
135,158,19755
135,157,19756
139,153,19757
140,152,19758
145,153,19759
146,154,19760
149,156,19761
150,158,19762
152,164,19763
151,170,19764
150,173,19765
145,180,19766
143,182,19767
141,183,19768
133,185,19769
131,185,19770
126,184,19771
119,179,19772
113,172,19773
110,160,19774
110,151,19775
110,148,19776
112,141,19777
115,135,19778
124,126,19779
130,122,19780
138,120,19781
148,120,19782
154,122,19783
162,127,19784
168,132,19785
173,139,19786
179,158,19787
180,165,19788
176,186,19789
173,193,19790
167,202,19791
153,213,19792
146,216,19793
130,218,19794
116,214,19795
112,213,19796
106,209,19797
97,201,19798
88,187,19799
81,159,19800
81,157,19801
86,128,19802
93,114,19803
95,111,19804
104,101,19805
129,88,19806
144,86,19807
157,88,19808
167,92,19809
185,105,19810
199,125,19811
205,141,19812
207,148,19813
208,174,19814
205,191,19815
200,205,19816
188,224,19817
171,240,19818
152,249,19819
125,251,19820
119,250,19821
100,243,19822
81,229,19823
73,220,19824
62,201,19825
53,166,19826
54,135,19827
55,130,19828
64,104,19829
81,80,19830
103,63,19831
119,56,19832
147,53,19833
170,58,19834
190,68,19835
203,79,19836
212,89,19837
229,120,19838
237,163,19839
237,169,19840
225,221,19841
223,226,19842
210,246,19843
189,266,19844
163,280,19845
129,285,19846
125,285,19847
89,274,19848
54,245,19849
37,217,19850
33,208,19851
26,183,19852
26,128,19853
35,97,19854
50,70,19855
61,56,19856
90,33,19857
103,27,19858
143,19,19859
188,30,19860
196,34,19861
225,57,19862
247,88,19863
253,101,19864
264,141,19865
263,197,19866
258,217,19867
244,250,19868
222,279,19869
209,291,19870
179,309,19871
142,318,19872
105,315,19873
140,160,19874
142,164,19875
142,166,19876
140,169,19877
137,172,19878
135,172,19879
134,173,19880
128,171,19881
126,170,19882
123,166,19883
121,161,19884
120,155,19885
121,149,19886
122,146,19887
125,141,19888
134,134,19889
133,134,19890
143,132,19891
148,133,19892
154,136,19893
158,139,19894
162,143,19895
167,153,19896
169,164,19897
168,173,19898
166,181,19899
159,193,19900
153,199,19901
149,201,19902
137,205,19903
127,205,19904
122,204,19905
106,193,19906
100,185,19907
95,174,19908
93,167,19909
92,150,19910
94,139,19911
101,123,19912
110,112,19913
120,105,19914
126,102,19915
140,99,19916
151,100,19917
164,104,19918
176,113,19919
186,125,19920
192,137,19921
195,146,19922
198,166,19923
192,195,19924
184,210,19925
174,222,19926
166,229,19927
153,235,19928
133,239,19929
124,238,19930
108,233,19931
93,224,19932
74,200,19933
72,196,19934
64,167,19935
64,144,19936
70,119,19937
77,104,19938
89,89,19939
102,78,19940
123,68,19941
149,66,19942
152,66,19943
181,77,19944
198,91,19945
213,112,19946
219,125,19947
226,161,19948
225,182,19949
222,197,19950
216,214,19951
196,244,19952
166,265,19953
162,267,19954
128,272,19955
124,272,19956
83,256,19957
62,236,19958
54,225,19959
44,205,19960
35,167,19961
36,134,19962
41,114,19963
46,100,19964
62,73,19965
90,47,19966
112,37,19967
140,32,19968
172,37,19969
194,47,19970
204,54,19971
233,87,19972
250,127,19973
254,151,19974
254,183,19975
242,228,19976
231,249,19977
217,267,19978
198,284,19979
152,304,19980
145,305,19981
109,303,19982
84,294,19983
57,276,19984
31,245,19985
24,233,19986
7,176,19987
6,150,19988
12,109,19989
19,88,19990
49,41,19991
94,9,19992
135,163,19993
134,163,19994
131,159,19995
131,154,19996
130,155,19997
133,150,19998
135,147,19999
136,146,20000
143,145,20001
146,145,20002
149,147,20003
152,149,20004
156,155,20005
158,163,20006
158,167,20007
156,175,20008
157,175,20009
150,185,20010
144,190,20011
138,192,20012
128,192,20013
125,192,20014
117,187,20015
112,182,20016
106,172,20017
104,166,20018
103,157,20019
103,148,20020
106,138,20021
113,126,20022
120,119,20023
123,117,20024
139,112,20025
146,112,20026
155,114,20027
172,126,20028
175,129,20029
183,145,20030
184,148,20031
186,173,20032
184,182,20033
182,190,20034
170,209,20035
163,216,20036
154,221,20037
137,226,20038
120,224,20039
114,222,20040
103,216,20041
90,204,20042
78,180,20043
76,172,20044
74,156,20045
76,136,20046
81,122,20047
95,100,20048
103,92,20049
121,82,20050
141,78,20051
151,79,20052
168,84,20053
185,95,20054
202,116,20055
205,121,20056
214,150,20057
215,170,20058
212,191,20059
205,211,20060
190,233,20061
181,242,20062
155,256,20063
127,259,20064
124,259,20065
90,246,20066
73,231,20067
65,221,20068
54,200,20069
49,185,20070
47,136,20071
57,104,20072
60,97,20073
72,79,20074
84,67,20075
119,48,20076
138,45,20077
174,51,20078
198,65,20079
213,79,20080
217,84,20081
239,129,20082
242,143,20083
243,182,20084
242,190,20085
228,231,20086
211,256,20087
194,272,20088
160,289,20089
136,293,20090
120,292,20091
73,273,20092
53,255,20093
48,249,20094
24,203,20095
20,187,20096
18,136,20097
21,119,20098
30,91,20099
65,42,20100
85,27,20101
114,15,20102
129,12,20103
177,17,20104
201,28,20105
219,41,20106
237,60,20107
262,105,20108
272,153,20109
271,190,20110
262,226,20111
137,158,20112
140,156,20113
142,156,20114
145,158,20115
147,162,20116
147,167,20117
148,166,20118
147,170,20119
145,174,20120
138,179,20121
135,180,20122
131,180,20123
125,178,20124
123,176,20125
117,169,20126
115,165,20127
114,161,20128
114,151,20129
115,146,20130
119,137,20131
123,132,20132
127,129,20133
135,125,20134
147,125,20135
154,127,20136
160,131,20137
166,137,20138
169,141,20139
175,159,20140
175,156,20141
175,174,20142
173,183,20143
160,202,20144
161,202,20145
141,212,20146
137,213,20147
127,213,20148
115,209,20149
110,206,20150
99,196,20151
88,174,20152
86,167,20153
85,155,20154
89,132,20155
95,119,20156
99,113,20157
113,100,20158
128,93,20159
141,91,20160
144,91,20161
168,98,20162
178,105,20163
193,123,20164
197,130,20165
204,161,20166
204,169,20167
202,186,20168
197,201,20169
188,217,20170
170,235,20171
155,243,20172
141,246,20173
124,246,20174
93,233,20175
94,234,20176
73,212,20177
63,192,20178
57,166,20179
57,145,20180
59,131,20181
65,113,20182
77,92,20183
96,73,20184
105,67,20185
128,59,20186
165,61,20187
179,67,20188
194,77,20189
206,89,20190
227,128,20191
232,150,20192
233,167,20193
226,208,20194
213,234,20195
206,244,20196
176,269,20197
151,278,20198
138,280,20199
106,276,20200
83,265,20201
77,261,20202
52,235,20203
39,212,20204
30,180,20205
30,130,20206
37,104,20207
44,88,20208
59,65,20209
86,41,20210
111,29,20211
142,24,20212
166,27,20213
200,42,20214
211,50,20215
244,92,20216
251,108,20217
256,123,20218
261,180,20219
256,209,20220
236,254,20221
233,259,20222
209,285,20223
165,309,20224
153,312,20225
101,309,20226
85,303,20227
40,269,20228
27,252,20229
15,230,20230
139,162,20231
139,165,20232
135,168,20233
132,168,20234
130,167,20235
128,166,20236
125,161,20237
125,162,20238
124,155,20239
126,149,20240
126,147,20241
131,141,20242
136,138,20243
141,137,20244
147,138,20245
151,139,20246
155,142,20247
161,150,20248
163,154,20249
164,161,20250
165,165,20251
162,180,20252
159,186,20253
153,193,20254
141,199,20255
139,200,20256
130,200,20257
122,199,20258
113,193,20259
106,186,20260
104,184,20261
97,166,20262
96,154,20263
98,140,20264
100,135,20265
105,125,20266
114,114,20267
124,108,20268
138,104,20269
144,104,20270
168,113,20271
173,116,20272
183,129,20273
188,138,20274
192,152,20275
193,161,20276
192,180,20277
185,200,20278
178,211,20279
174,216,20280
151,231,20281
141,233,20282
131,234,20283
112,230,20284
96,220,20285
87,211,20286
72,184,20287
68,165,20288
67,157,20289
71,130,20290
73,123,20291
83,103,20292
110,79,20293
115,76,20294
133,71,20295
152,71,20296
180,82,20297
186,86,20298
208,112,20299
211,117,20300
220,145,20301
222,165,20302
217,199,20303
213,210,20304
200,233,20305
184,249,20306
166,260,20307
140,267,20308
107,263,20309
98,259,20310
88,254,20311
55,218,20312
51,211,20313
41,180,20314
39,150,20315
40,136,20316
51,100,20317
72,68,20318
93,51,20319
105,45,20320
138,37,20321
169,41,20322
173,42,20323
199,56,20324
225,83,20325
241,113,20326
247,133,20327
250,149,20328
247,199,20329
234,235,20330
224,251,20331
193,282,20332
157,298,20333
133,301,20334
109,298,20335
70,280,20336
71,281,20337
39,249,20338
25,225,20339
12,181,20340
10,159,20341
16,110,20342
26,83,20343
50,46,20344
64,33,20345
101,11,20346
133,4,20347
154,4,20348
197,17,20349
136,161,20350
134,158,20351
134,155,20352
137,151,20353
139,150,20354
144,150,20355
144,149,20356
147,151,20357
151,155,20358
152,156,20359
154,165,20360
153,172,20361
153,173,20362
148,181,20363
145,184,20364
141,186,20365
136,188,20366
127,187,20367
122,185,20368
117,181,20369
110,170,20370
110,171,20371
107,161,20372
107,153,20373
109,143,20374
114,132,20375
117,128,20376
124,122,20377
136,117,20378
145,117,20379
152,118,20380
158,120,20381
172,133,20382
177,141,20383
181,154,20384
182,162,20385
182,175,20386
178,188,20387
171,201,20388
165,208,20389
153,216,20390
143,220,20391
132,221,20392
114,217,20393
101,209,20394
93,200,20395
84,184,20396
80,171,20397
78,155,20398
81,134,20399
86,121,20400
92,111,20401
107,95,20402
118,88,20403
133,84,20404
157,85,20405
171,91,20406
176,94,20407
189,105,20408
205,132,20409
209,146,20410
211,168,20411
207,193,20412
202,207,20413
197,217,20414
168,245,20415
151,252,20416
141,254,20417
118,253,20418
105,249,20419
91,241,20420
70,220,20421
60,203,20422
52,179,20423
50,162,20424
54,123,20425
67,94,20426
78,79,20427
89,69,20428
117,54,20429
134,50,20430
165,53,20431
169,54,20432
206,78,20433
221,98,20434
234,127,20435
236,135,20436
240,165,20437
234,205,20438
226,225,20439
212,248,20440
201,260,20441
176,278,20442
135,288,20443
114,286,20444
77,270,20445
63,259,20446
46,239,20447
27,198,20448
24,186,20449
21,157,20450
27,112,20451
42,77,20452
59,54,20453
77,38,20454
100,25,20455
118,19,20456
155,17,20457
187,26,20458
222,50,20459
227,55,20460
250,88,20461
265,131,20462
268,176,20463
267,188,20464
245,253,20465
238,264,20466
200,301,20467
179,312,20468
141,159,20469
143,161,20470
144,164,20471
144,165,20472
143,169,20473
141,172,20474
139,174,20475
136,175,20476
133,176,20477
126,173,20478
124,172,20479
121,168,20480
118,159,20481
118,153,20482
119,147,20483
122,141,20484
120,143,20485
130,133,20486
133,131,20487
146,130,20488
148,130,20489
152,131,20490
162,139,20491
163,140,20492
169,151,20493
171,162,20494
171,171,20495
169,182,20496
164,191,20497
157,199,20498
150,204,20499
139,208,20500
124,207,20501
118,205,20502
107,198,20503
105,196,20504
96,184,20505
90,164,20506
89,156,20507
90,146,20508
94,132,20509
104,114,20510
107,111,20511
115,104,20512
128,98,20513
152,97,20514
161,100,20515
178,111,20516
185,119,20517
193,132,20518
196,140,20519
200,164,20520
198,184,20521
193,200,20522
179,221,20523
164,233,20524
159,236,20525
141,241,20526
135,242,20527
107,236,20528
95,229,20529
85,220,20530
68,193,20531
62,172,20532
61,148,20533
63,133,20534
72,108,20535
76,101,20536
103,74,20537
104,73,20538
134,63,20539
164,66,20540
170,68,20541
194,83,20542
212,105,20543
222,126,20544
226,140,20545
229,167,20546
223,203,20547
213,225,20548
199,245,20549
186,257,20550
165,269,20551
140,275,20552
107,271,20553
92,265,20554
68,247,20555
59,237,20556
38,196,20557
33,172,20558
32,159,20559
38,114,20560
39,110,20561
67,63,20562
80,51,20563
99,39,20564
128,30,20565
162,31,20566
183,38,20567
219,64,20568
220,65,20569
247,109,20570
255,138,20571
257,157,20572
255,194,20573
238,242,20574
220,268,20575
200,286,20576
168,303,20577
144,308,20578
132,309,20579
95,302,20580
61,283,20581
45,268,20582
18,226,20583
5,180,20584
4,173,20585
6,124,20586
20,80,20587
137,164,20588
133,164,20589
132,164,20590
129,160,20591
128,157,20592
129,152,20593
129,150,20594
131,147,20595
134,144,20596
136,143,20597
143,142,20598
147,143,20599
149,143,20600
154,148,20601
159,156,20602
160,160,20603
161,167,20604
160,172,20605
158,178,20606
154,185,20607
148,191,20608
139,195,20609
134,196,20610
122,193,20611
116,190,20612
114,188,20613
104,174,20614
102,169,20615
101,165,20616
101,146,20617
104,136,20618
106,131,20619
115,120,20620
119,116,20621
139,109,20622
146,109,20623
153,110,20624
162,114,20625
173,123,20626
181,134,20627
187,150,20628
189,169,20629
186,186,20630
180,200,20631
174,209,20632
166,217,20633
155,224,20634
143,228,20635
131,229,20636
122,228,20637
96,214,20638
92,210,20639
78,188,20640
78,189,20641
72,151,20642
73,139,20643
76,127,20644
92,99,20645
100,91,20646
124,78,20647
132,76,20648
142,75,20649
166,80,20650
188,94,20651
194,100,20652
210,126,20653
214,138,20654
217,151,20655
217,178,20656
208,211,20657
197,229,20658
185,242,20659
158,258,20660
142,262,20661
125,262,20662
113,260,20663
91,250,20664
71,233,20665
50,197,20666
46,182,20667
43,150,20668
45,132,20669
50,113,20670
73,74,20671
94,56,20672
99,53,20673
140,42,20674
148,42,20675
169,46,20676
205,67,20677
219,82,20678
233,105,20679
240,122,20680
246,173,20681
244,193,20682
236,220,20683
213,258,20684
189,279,20685
164,291,20686
161,292,20687
109,293,20688
96,289,20689
61,267,20690
46,251,20691
22,205,20692
15,170,20693
14,157,20694
17,125,20695
35,75,20696
42,64,20697
78,28,20698
92,20,20699
129,9,20700
163,10,20701
200,24,20702
223,41,20703
242,62,20704
253,79,20705
267,112,20706
136,158,20707
137,155,20708
142,154,20709
142,153,20710
146,156,20711
147,157,20712
149,159,20713
150,164,20714
150,169,20715
148,173,20716
144,179,20717
141,181,20718
136,183,20719
132,183,20720
124,180,20721
124,181,20722
120,178,20723
114,169,20724
112,163,20725
111,154,20726
112,147,20727
113,143,20728
120,131,20729
128,125,20730
137,122,20731
142,121,20732
151,123,20733
160,127,20734
166,133,20735
173,143,20736
176,150,20737
178,160,20738
177,176,20739
174,187,20740
169,196,20741
160,206,20742
157,209,20743
137,216,20744
129,216,20745
117,213,20746
101,202,20747
96,197,20748
90,187,20749
86,178,20750
83,161,20751
83,145,20752
85,136,20753
92,119,20754
105,103,20755
119,93,20756
132,89,20757
143,88,20758
165,93,20759
177,100,20760
187,110,20761
198,127,20762
205,148,20763
207,165,20764
205,185,20765
201,198,20766
194,213,20767
172,237,20768
151,247,20769
148,248,20770
123,249,20771
113,247,20772
91,235,20773
78,223,20774
68,209,20775
58,186,20776
54,159,20777
55,140,20778
60,118,20779
78,86,20780
92,72,20781
111,61,20782
123,57,20783
150,55,20784
162,57,20785
193,73,20786
213,93,20787
219,103,20788
232,135,20789
235,158,20790
232,196,20791
221,226,20792
205,249,20793
192,262,20794
160,279,20795
152,281,20796
128,283,20797
100,277,20798
80,267,20799
58,247,20800
37,213,20801
27,178,20802
25,157,20803
26,139,20804
33,107,20805
54,67,20806
71,49,20807
105,28,20808
114,25,20809
143,21,20810
174,26,20811
217,52,20812
227,62,20813
254,108,20814
260,128,20815
264,160,20816
259,208,20817
256,218,20818
234,262,20819
222,277,20820
181,306,20821
165,312,20822
101,312,20823
82,305,20824
71,299,20825
141,162,20826
141,164,20827
140,168,20828
138,169,20829
132,170,20830
133,171,20831
130,171,20832
126,168,20833
124,165,20834
122,158,20835
122,153,20836
124,146,20837
126,142,20838
127,141,20839
132,137,20840
139,134,20841
142,134,20842
151,136,20843
153,137,20844
162,147,20845
165,153,20846
167,159,20847
167,170,20848
166,176,20849
161,187,20850
153,196,20851
151,198,20852
143,202,20853
129,203,20854
124,202,20855
120,201,20856
107,192,20857
102,185,20858
97,175,20859
94,159,20860
94,147,20861
97,134,20862
103,123,20863
113,112,20864
123,105,20865
134,102,20866
139,101,20867
152,102,20868
168,109,20869
178,117,20870
185,127,20871
191,139,20872
196,165,20873
194,183,20874
193,187,20875
186,204,20876
166,226,20877
158,231,20878
157,232,20879
133,237,20880
112,233,20881
93,221,20882
86,214,20883
80,207,20884
68,180,20885
65,161,20886
67,135,20887
74,114,20888
82,100,20889
93,87,20890
113,74,20891
120,71,20892
157,69,20893
174,75,20894
178,77,20895
204,101,20896
211,112,20897
223,147,20898
224,158,20899
221,195,20900
218,205,20901
199,238,20902
192,246,20903
159,266,20904
146,269,20905
118,269,20906
110,267,20907
79,251,20908
71,244,20909
49,212,20910
39,183,20911
36,155,20912
37,139,20913
49,97,20914
60,79,20915
81,56,20916
94,47,20917
126,35,20918
145,34,20919
169,38,20920
208,60,20921
213,64,20922
238,99,20923
248,126,20924
253,173,20925
247,209,20926
245,216,20927
220,261,20928
213,269,20929
175,295,20930
152,302,20931
133,304,20932
82,291,20933
66,281,20934
44,260,20935
31,242,20936
13,199,20937
8,166,20938
9,130,20939
17,98,20940
31,68,20941
52,40,20942
80,18,20943
124,2,20944
135,162,20945
133,161,20946
132,155,20947
133,152,20948
133,151,20949
137,148,20950
138,147,20951
141,146,20952
147,148,20953
150,149,20954
154,155,20955
155,158,20956
156,160,20957
156,171,20958
155,175,20959
152,180,20960
150,184,20961
138,190,20962
140,190,20963
128,190,20964
124,189,20965
117,185,20966
113,181,20967
109,175,20968
105,161,20969
104,155,20970
106,144,20971
108,137,20972
117,124,20973
125,118,20974
129,116,20975
134,114,20976
157,117,20977
159,118,20978
169,125,20979
176,134,20980
182,146,20981
185,163,20982
185,165,20983
182,184,20984
174,201,20985
167,210,20986
154,219,20987
144,223,20988
129,224,20989
116,221,20990
108,217,20991
96,208,20992
84,191,20993
82,187,20994
76,161,20995
77,142,20996
79,132,20997
89,110,20998
99,98,20999
119,85,21000
121,84,21001
152,81,21002
158,82,21003
175,90,21004
186,98,21005
204,123,21006
209,136,21007
213,173,21008
212,185,21009
205,207,21010
192,228,21011
185,236,21012
158,253,21013
149,256,21014
125,257,21015
97,248,21016
86,241,21017
76,232,21018
58,205,21019
51,186,21020
47,153,21021
47,152,21022
58,105,21023
75,79,21024
78,75,21025
98,59,21026
134,47,21027
149,47,21028
171,52,21029
188,60,21030
214,83,21031
222,94,21032
240,141,21033
242,160,21034
242,174,21035
231,221,21036
220,242,21037
205,260,21038
188,274,21039
152,289,21040
129,291,21041
105,287,21042
79,275,21043
60,260,21044
38,231,21045
27,207,21046
19,145,21047
21,126,21048
33,88,21049
49,62,21050
58,51,21051
93,25,21052
128,14,21053
166,16,21054
190,24,21055
204,32,21056
228,52,21057
252,86,21058
262,110,21059
271,163,21060
270,183,21061
261,225,21062
229,279,21063
139,157,21064
140,157,21065
143,158,21066
145,160,21067
146,166,21068
146,167,21069
145,171,21070
142,175,21071
141,176,21072
135,178,21073
130,178,21074
125,176,21075
121,172,21076
120,171,21077
116,162,21078
115,157,21079
115,154,21080
117,145,21081
123,135,21082
126,132,21083
133,128,21084
141,126,21085
143,126,21086
157,131,21087
160,133,21088
164,137,21089
171,149,21090
173,155,21091
174,167,21092
171,183,21093
167,191,21094
162,198,21095
152,206,21096
149,208,21097
129,211,21098
127,211,21099
117,208,21100
102,197,21101
92,181,21102
90,176,21103
87,153,21104
88,142,21105
92,129,21106
97,119,21107
107,107,21108
118,99,21109
122,97,21110
140,93,21111
153,94,21112
170,101,21113
179,108,21114
189,120,21115
201,149,21116
202,154,21117
201,182,21118
198,194,21119
193,206,21120
181,223,21121
171,232,21122
148,243,21123
134,245,21124
118,243,21125
93,231,21126
86,225,21127
73,209,21128
61,180,21129
58,157,21130
58,153,21131
68,110,21132
74,99,21133
89,81,21134
114,65,21135
123,62,21136
152,60,21137
165,63,21138
179,69,21139
201,86,21140
220,114,21141
223,121,21142
231,170,21143
230,184,21144
221,216,21145
216,226,21146
200,248,21147
181,264,21148
148,277,21149
114,276,21150
106,274,21151
76,258,21152
68,251,21153
50,229,21154
39,207,21155
31,178,21156
30,142,21157
35,115,21158
53,76,21159
78,49,21160
103,34,21161
108,32,21162
140,26,21163
176,32,21164
190,38,21165
221,62,21166
249,107,21167
256,130,21168
258,140,21169
256,202,21170
246,232,21171
227,264,21172
213,279,21173
181,301,21174
171,305,21175
132,312,21176
104,308,21177
67,291,21178
45,272,21179
23,242,21180
7,203,21181
1,148,21182
138,161,21183
136,166,21184
134,167,21185
132,167,21186
129,164,21187
127,161,21188
126,159,21189
126,152,21190
127,149,21191
129,146,21192
132,142,21193
137,140,21194
139,139,21195
148,140,21196
153,143,21197
155,144,21198
160,151,21199
162,158,21200
163,164,21201
162,175,21202
161,178,21203
158,184,21204
153,191,21205
143,197,21206
138,198,21207
126,198,21208
116,193,21209
115,193,21210
106,183,21211
100,171,21212
98,163,21213
98,148,21214
101,137,21215
106,126,21216
114,117,21217
124,110,21218
121,111,21219
139,106,21220
148,106,21221
167,114,21222
179,126,21223
180,127,21224
190,151,21225
191,157,21226
191,176,21227
189,186,21228
179,207,21229
170,217,21230
155,227,21231
156,227,21232
131,232,21233
119,230,21234
106,225,21235
98,220,21236
80,198,21237
71,173,21238
69,159,21239
71,136,21240
72,131,21241
82,108,21242
90,97,21243
106,83,21244
133,73,21245
143,72,21246
169,78,21247
177,82,21248
190,92,21249
203,107,21250
214,129,21251
220,155,21252
218,188,21253
212,208,21254
209,215,21255
186,245,21256
180,250,21257
156,262,21258
124,265,21259
110,262,21260
90,253,21261
66,231,21262
52,209,21263
48,199,21264
42,176,21265
43,129,21266
44,124,21267
59,88,21268
73,70,21269
86,58,21270
118,42,21271
146,39,21272
162,41,21273
186,50,21274
218,76,21275
234,101,21276
242,121,21277
249,162,21278
246,196,21279
239,220,21280
231,237,21281
198,276,21282
172,291,21283
147,298,21284
135,299,21285
113,297,21286
79,284,21287
42,250,21288
26,223,21289
18,201,21290
12,167,21291
12,145,21292
23,94,21293
45,55,21294
62,37,21295
80,23,21296
131,6,21297
129,6,21298
177,11,21299
197,19,21300
224,38,21301
135,159,21302
135,155,21303
136,154,21304
140,151,21305
142,151,21306
145,152,21307
148,153,21308
151,158,21309
152,160,21310
152,168,21311
151,173,21312
149,177,21313
147,180,21314
142,184,21315
138,185,21316
135,186,21317
130,186,21318
121,182,21319
119,181,21320
111,168,21321
109,161,21322
108,156,21323
109,147,21324
114,135,21325
121,127,21326
126,123,21327
129,121,21328
135,119,21329
152,120,21330
158,123,21331
161,124,21332
171,134,21333
178,149,21334
179,152,21335
180,174,21336
178,184,21337
175,192,21338
162,208,21339
161,209,21340
152,215,21341
133,219,21342
127,219,21343
107,211,21344
95,200,21345
92,196,21346
86,185,21347
80,159,21348
80,155,21349
86,125,21350
88,120,21351
97,107,21352
112,94,21353
124,88,21354
138,85,21355
160,88,21356
173,94,21357
192,112,21358
201,127,21359
203,131,21360
209,157,21361
208,182,21362
207,187,21363
191,222,21364
178,236,21365
165,245,21366
142,252,21367
144,252,21368
118,251,21369
103,246,21370
87,236,21371
61,201,21372
55,184,21373
52,167,21374
52,142,21375
53,134,21376
68,95,21377
78,82,21378
108,59,21379
119,55,21380
155,53,21381
174,58,21382
187,65,21383
211,86,21384
225,108,21385
234,134,21386
236,142,21387
234,198,21388
233,203,21389
225,224,21390
205,253,21391
179,274,21392
153,284,21393
141,286,21394
109,283,21395
80,270,21396
53,245,21397
40,226,21398
27,192,21399
23,166,21400
23,144,21401
35,95,21402
52,65,21403
71,45,21404
83,36,21405
102,26,21406
155,19,21407
162,20,21408
206,39,21409
234,66,21410
248,88,21411
258,111,21412
265,142,21413
263,202,21414
257,224,21415
246,248,21416
208,293,21417
188,306,21418
152,318,21419
144,319,21420
141,160,21421
142,162,21422
143,165,21423
141,169,21424
140,171,21425
137,173,21426
134,174,21427
129,173,21428
126,171,21429
123,168,21430
121,165,21431
120,159,21432
119,154,21433
120,149,21434
122,144,21435
127,137,21436
128,136,21437
135,132,21438
141,131,21439
148,132,21440
155,135,21441
160,139,21442
167,150,21443
168,153,21444
170,165,21445
168,178,21446
163,189,21447
163,190,21448
154,199,21449
148,203,21450
139,206,21451
133,207,21452
116,202,21453
110,198,21454
100,187,21455
93,171,21456
92,168,21457
91,157,21458
93,139,21459
101,121,21460
111,110,21461
119,104,21462
123,102,21463
139,98,21464
157,100,21465
167,105,21466
174,110,21467
183,119,21468
196,146,21469
198,156,21470
197,181,21471
194,192,21472
191,200,21473
178,220,21474
167,229,21475
147,238,21476
135,240,21477
119,238,21478
104,233,21479
92,224,21480
75,204,21481
67,186,21482
63,165,21483
64,136,21484
66,127,21485
75,106,21486
84,93,21487
108,73,21488
120,68,21489
144,64,21490
157,66,21491
191,83,21492
190,82,21493
207,100,21494
223,135,21495
226,149,21496
227,170,21497
220,207,21498
209,229,21499
198,243,21500
187,254,21501
160,269,21502
141,273,21503
106,269,21504
91,262,21505
59,234,21506
45,210,21507
44,208,21508
34,167,21509
36,130,21510
44,102,21511
48,93,21512
68,64,21513
86,49,21514
118,34,21515
140,31,21516
176,37,21517
181,39,21518
208,56,21519
227,76,21520
249,120,21521
255,150,21522
255,181,21523
252,201,21524
241,233,21525
220,265,21526
200,284,21527
173,299,21528
130,307,21529
88,297,21530
81,294,21531
42,262,21532
29,244,21533
16,217,21534
5,162,21535
5,150,21536
18,88,21537
21,81,21538
64,26,21539
136,163,21540
133,163,21541
131,161,21542
130,158,21543
129,156,21544
131,150,21545
133,147,21546
136,145,21547
139,144,21548
141,143,21549
149,146,21550
151,147,21551
156,153,21552
158,159,21553
159,162,21554
159,166,21555
159,170,21556
153,183,21557
152,185,21558
146,190,21559
138,193,21560
135,194,21561
126,193,21562
114,186,21563
109,180,21564
106,175,21565
103,164,21566
102,151,21567
103,144,21568
105,138,21569
113,124,21570
115,122,21571
129,113,21572
138,111,21573
148,111,21574
160,115,21575
170,122,21576
178,132,21577
183,142,21578
186,152,21579
187,169,21580
185,184,21581
178,200,21582
168,213,21583
163,217,21584
155,222,21585
130,227,21586
119,225,21587
115,224,21588
94,210,21589
83,195,21590
77,180,21591
74,167,21592
73,158,21593
77,130,21594
82,117,21595
95,98,21596
112,85,21597
118,82,21598
144,77,21599
161,80,21600
176,87,21601
190,98,21602
196,105,21603
209,128,21604
215,150,21605
216,168,21606
213,192,21607
207,209,21608
189,236,21609
171,250,21610
161,255,21611
143,260,21612
107,256,21613
100,253,21614
77,237,21615
62,218,21616
54,203,21617
45,166,21618
46,138,21619
47,130,21620
61,93,21621
76,73,21622
101,54,21623
115,48,21624
137,44,21625
157,45,21626
187,56,21627
208,72,21628
219,85,21629
234,111,21630
242,138,21631
245,168,21632
240,203,21633
221,245,21634
206,263,21635
187,278,21636
161,290,21637
129,294,21638
105,290,21639
71,273,21640
58,262,21641
37,235,21642
25,209,21643
16,163,21644
16,151,21645
23,107,21646
37,75,21647
56,49,21648
74,33,21649
110,15,21650
144,10,21651
171,14,21652
188,20,21653
228,48,21654
247,72,21655
259,95,21656
272,142,21657
273,176,21658
137,157,21659
140,155,21660
141,155,21661
145,156,21662
147,160,21663
148,163,21664
149,166,21665
148,170,21666
147,173,21667
144,177,21668
139,180,21669
135,181,21670
129,181,21671
125,179,21672
120,175,21673
116,170,21674
114,166,21675
113,158,21676
113,150,21677
114,146,21678
120,134,21679
121,133,21680
126,128,21681
136,124,21682
143,123,21683
152,125,21684
163,132,21685
169,139,21686
171,143,21687
176,158,21688
177,166,21689
175,179,21690
170,191,21691
168,195,21692
154,208,21693
149,211,21694
141,214,21695
128,214,21696
114,210,21697
108,206,21698
94,190,21699
89,181,21700
85,165,21701
84,154,21702
85,144,21703
90,126,21704
105,105,21705
116,97,21706
120,95,21707
137,90,21708
152,91,21709
167,96,21710
175,101,21711
188,113,21712
199,133,21713
204,152,21714
205,170,21715
199,199,21716
197,204,21717
182,226,21718
177,231,21719
157,243,21720
133,248,21721
111,244,21722
106,242,21723
81,224,21724
76,218,21725
60,186,21726
56,166,21727
55,155,21728
62,118,21729
71,99,21730
77,90,21731
103,67,21732
113,62,21733
134,57,21734
151,57,21735
183,68,21736
199,80,21737
217,103,21738
227,124,21739
232,144,21740
234,167,21741
230,197,21742
218,228,21743
197,255,21744
176,270,21745
173,272,21746
139,281,21747
100,275,21748
95,273,21749
66,253,21750
58,245,21751
30,185,21752
28,174,21753
28,137,21754
32,116,21755
51,74,21756
69,53,21757
77,46,21758
111,28,21759
138,23,21760
170,27,21761
199,40,21762
222,59,21763
244,90,21764
255,116,21765
262,152,21766
262,181,21767
254,219,21768
238,253,21769
214,282,21770
199,294,21771
186,302,21772
153,313,21773
104,311,21774
75,299,21775
57,287,21776
22,246,21777
139,161,21778
139,166,21779
137,168,21780
136,169,21781
133,169,21782
128,167,21783
127,167,21784
124,161,21785
124,153,21786
124,151,21787
125,147,21788
127,144,21789
129,141,21790
136,137,21791
143,136,21792
145,136,21793
151,138,21794
158,144,21795
162,149,21796
165,160,21797
165,157,21798
166,166,21799
164,178,21800
158,189,21801
148,197,21802
143,200,21803
137,201,21804
131,202,21805
123,200,21806
110,192,21807
109,192,21808
99,176,21809
97,169,21810
95,157,21811
96,146,21812
99,134,21813
102,127,21814
112,115,21815
132,104,21816
138,103,21817
150,104,21818
165,109,21819
176,118,21820
184,128,21821
189,138,21822
194,160,21823
194,171,21824
193,179,21825
189,194,21826
177,214,21827
165,225,21828
155,230,21829
144,234,21830
127,235,21831
110,230,21832
89,215,21833
78,200,21834
71,184,21835
70,182,21836
67,145,21837
69,133,21838
80,106,21839
93,90,21840
97,86,21841
110,77,21842
132,70,21843
161,72,21844
179,80,21845
196,94,21846
200,98,21847
219,136,21848
221,146,21849
223,166,21850
218,199,21851
213,213,21852
201,233,21853
179,254,21854
167,261,21855
140,268,21856
114,266,21857
101,262,21858
81,250,21859
66,236,21860
50,211,21861
40,179,21862
39,137,21863
45,112,21864
54,91,21865
69,70,21866
93,50,21867
118,39,21868
136,36,21869
152,36,21870
178,43,21871
215,69,21872
225,81,21873
238,103,21874
251,151,21875
250,188,21876
248,199,21877
226,250,21878
216,263,21879
192,284,21880
173,294,21881
136,302,21882
96,295,21883
84,290,21884
59,273,21885
39,251,21886
15,200,21887
10,174,21888
9,157,21889
15,110,21890
29,74,21891
51,44,21892
87,16,21893
106,8,21894
129,3,21895
178,8,21896
134,160,21897
133,159,21898
133,155,21899
134,153,21900
136,150,21901
140,149,21902
141,148,21903
146,149,21904
149,151,21905
153,156,21906
154,160,21907
155,166,21908
155,169,21909
153,175,21910
149,182,21911
141,187,21912
141,188,21913
132,189,21914
126,188,21915
118,183,21916
115,180,21917
111,175,21918
108,169,21919
106,158,21920
107,147,21921
108,142,21922
115,129,21923
118,125,21924
127,119,21925
137,116,21926
142,115,21927
154,117,21928
167,126,21929
171,130,21930
177,139,21931
183,160,21932
183,159,21933
182,178,21934
180,186,21935
168,206,21936
164,210,21937
152,218,21938
143,221,21939
129,222,21940
118,220,21941
105,213,21942
94,203,21943
81,179,21944
78,165,21945
77,153,21946
79,139,21947
85,121,21948
92,109,21949
100,99,21950
124,85,21951
140,82,21952
157,84,21953
179,95,21954
180,95,21955
199,117,21956
204,127,21957
210,146,21958
212,166,21959
209,190,21960
203,208,21961
189,229,21962
181,237,21963
169,246,21964
143,255,21965
132,256,21966
97,246,21967
88,240,21968
74,227,21969
55,194,21970
51,178,21971
49,147,21972
54,120,21973
60,104,21974
72,85,21975
94,64,21976
115,53,21977
135,49,21978
163,51,21979
181,58,21980
203,74,21981
215,87,21982
235,127,21983
237,134,21984
240,181,21985
236,201,21986
227,226,21987
209,253,21988
205,258,21989
157,286,21990
128,289,21991
114,287,21992
94,281,21993
76,271,21994
47,242,21995
31,213,21996
21,172,21997
20,152,21998
24,120,21999
38,82,22000
48,66,22001
84,32,22002
107,21,22003
141,15,22004
157,16,22005
197,30,22006
207,36,22007
243,74,22008
261,112,22009
267,137,22010
268,187,22011
264,209,22012
253,240,22013
234,271,22014
190,308,22015
140,158,22016
142,159,22017
144,161,22018
145,165,22019
144,169,22020
142,172,22021
141,174,22022
137,176,22023
133,177,22024
129,176,22025
124,173,22026
122,171,22027
119,166,22028
117,160,22029
117,154,22030
118,147,22031
118,146,22032
127,134,22033
129,132,22034
133,130,22035
143,128,22036
146,128,22037
154,131,22038
161,136,22039
165,141,22040
170,151,22041
172,163,22042
173,166,22043
168,186,22044
163,194,22045
159,199,22046
154,203,22047
143,208,22048
123,208,22049
115,205,22050
108,200,22051
105,198,22052
93,179,22053
90,170,22054
88,156,22055
93,132,22056
94,128,22057
100,118,22058
113,104,22059
120,100,22060
137,95,22061
145,95,22062
166,101,22063
175,107,22064
180,111,22065
192,128,22066
199,148,22067
201,168,22068
201,173,22069
193,202,22070
181,220,22071
179,223,22072
148,241,22073
137,243,22074
122,242,22075
99,233,22076
96,231,22077
81,217,22078
64,185,22079
62,177,22080
60,148,22081
63,129,22082
73,104,22083
79,95,22084
88,84,22085
119,65,22086
134,62,22087
162,64,22088
168,66,22089
188,77,22090
208,97,22091
222,123,22092
227,140,22093
230,166,22094
223,205,22095
211,231,22096
208,236,22097
189,256,22098
170,268,22099
127,276,22100
113,274,22101
96,268,22102
83,261,22103
49,224,22104
37,196,22105
36,193,22106
31,158,22107
32,136,22108
42,100,22109
58,72,22110
77,52,22111
111,33,22112
136,28,22113
170,32,22114
195,43,22115
204,49,22116
231,77,22117
243,97,22118
258,156,22119
257,187,22120
251,214,22121
236,248,22122
232,254,22123
192,293,22124
162,306,22125
154,308,22126
104,306,22127
87,300,22128
48,273,22129
37,260,22130
22,237,22131
7,196,22132
3,174,22133
9,107,22134
138,162,22135
136,165,22136
132,165,22137
130,163,22138
129,162,22139
127,156,22140
127,154,22141
129,148,22142
130,147,22143
136,142,22144
138,141,22145
144,141,22146
147,141,22147
152,145,22148
155,147,22149
159,153,22150
161,158,22151
161,171,22152
159,178,22153
158,181,22154
151,190,22155
145,194,22156
141,196,22157
133,197,22158
123,195,22159
117,192,22160
108,183,22161
105,179,22162
100,163,22163
99,156,22164
100,145,22165
101,141,22166
111,123,22167
115,118,22168
127,111,22169
137,108,22170
143,107,22171
156,110,22172
164,114,22173
178,127,22174
182,134,22175
187,145,22176
190,164,22177
189,178,22178
182,199,22179
181,201,22180
171,214,22181
155,225,22182
137,230,22183
122,229,22184
115,227,22185
103,221,22186
87,206,22187
82,199,22188
74,179,22189
71,150,22190
71,146,22191
80,115,22192
88,102,22193
95,94,22194
111,82,22195
140,74,22196
153,75,22197
171,81,22198
177,84,22199
197,102,22200
207,117,22201
214,134,22202
219,166,22203
216,191,22204
203,222,22205
197,231,22206
175,251,22207
172,253,22208
143,263,22209
116,262,22210
107,259,22211
76,240,22212
62,223,22213
47,190,22214
44,179,22215
42,152,22216
47,119,22217
51,108,22218
75,70,22219
85,61,22220
103,50,22221
133,41,22222
149,41,22223
182,50,22224
210,70,22225
218,79,22226
234,104,22227
244,135,22228
247,175,22229
240,212,22230
235,225,22231
211,262,22232
191,279,22233
181,285,22234
130,297,22235
128,297,22236
83,284,22237
70,276,22238
48,255,22239
23,211,22240
18,195,22241
13,155,22242
15,131,22243
35,73,22244
54,47,22245
68,34,22246
84,23,22247
138,7,22248
175,12,22249
186,16,22250
219,36,22251
252,75,22252
261,93,22253
136,157,22254
137,154,22255
140,153,22256
141,152,22257
145,154,22258
147,155,22259
149,157,22260
150,159,22261
151,167,22262
150,171,22263
149,174,22264
144,180,22265
140,183,22266
135,184,22267
132,184,22268
126,183,22269
122,181,22270
115,173,22271
114,172,22272
111,162,22273
110,154,22274
112,143,22275
113,140,22276
118,132,22277
127,125,22278
135,121,22279
147,121,22280
153,122,22281
160,126,22282
166,131,22283
174,142,22284
177,150,22285
179,168,22286
178,177,22287
174,189,22288
171,195,22289
167,201,22290
149,214,22291
139,217,22292
123,216,22293
113,212,22294
104,207,22295
96,198,22296
89,188,22297
85,178,22298
82,162,22299
84,136,22300
86,130,22301
96,111,22302
104,102,22303
115,94,22304
140,87,22305
153,88,22306
158,89,22307
183,104,22308
196,121,22309
201,131,22310
206,148,22311
208,162,22312
204,192,22313
198,208,22314
190,221,22315
176,235,22316
158,246,22317
149,249,22318
134,251,22319
98,241,22320
83,230,22321
68,211,22322
66,208,22323
54,171,22324
53,158,22325
57,125,22326
66,102,22327
79,83,22328
92,71,22329
113,59,22330
126,55,22331
162,56,22332
173,60,22333
199,76,22334
219,101,22335
228,119,22336
231,128,22337
236,174,22338
235,186,22339
218,233,22340
206,250,22341
200,256,22342
166,278,22343
141,284,22344
113,282,22345
94,276,22346
80,268,22347
47,234,22348
39,220,22349
30,197,22350
24,158,22351
29,117,22352
43,82,22353
65,53,22354
75,44,22355
107,26,22356
117,23,22357
146,20,22358
184,29,22359
219,52,22360
231,65,22361
254,105,22362
264,146,22363
265,159,22364
263,193,22365
255,224,22366
239,257,22367
198,298,22368
172,311,22369
162,314,22370
112,316,22371
74,302,22372
139,160,22373
141,163,22374
141,167,22375
138,170,22376
137,171,22377
133,172,22378
131,172,22379
126,169,22380
125,168,22381
123,165,22382
121,158,22383
121,153,22384
122,148,22385
125,142,22386
127,139,22387
133,135,22388
139,133,22389
145,133,22390
149,134,22391
159,141,22392
164,148,22393
165,149,22394
167,155,22395
168,170,22396
166,179,22397
164,184,22398
159,192,22399
150,200,22400
143,203,22401
127,204,22402
122,203,22403
119,202,22404
106,192,22405
102,187,22406
96,175,22407
93,150,22408
92,156,22409
98,130,22410
100,126,22411
116,108,22412
129,102,22413
131,101,22414
152,101,22415
156,102,22416
166,106,22417
177,115,22418
190,134,22419
194,145,22420
196,153,22421
196,178,22422
192,193,22423
182,212,22424
174,221,22425
163,230,22426
136,238,22427
134,238,22428
115,235,22429
91,221,22430
84,214,22431
71,192,22432
65,171,22433
64,151,22434
65,141,22435
77,106,22436
76,107,22437
91,88,22438
112,73,22439
126,68,22440
142,66,22441
159,68,22442
193,87,22443
206,102,22444
210,108,22445
223,141,22446
225,157,22447
225,178,22448
217,210,22449
203,235,22450
181,256,22451
159,267,22452
149,270,22453
124,271,22454
92,261,22455
75,249,22456
57,228,22457
48,213,22458
36,169,22459
35,158,22460
37,132,22461
53,88,22462
57,81,22463
77,58,22464
95,45,22465
122,35,22466
147,33,22467
185,43,22468
210,60,22469
220,70,22470
233,88,22471
248,122,22472
254,161,22473
250,202,22474
240,231,22475
223,259,22476
209,274,22477
168,299,22478
162,301,22479
134,305,22480
100,300,22481
70,285,22482
35,250,22483
27,237,22484
10,191,22485
7,169,22486
12,111,22487
27,73,22488
34,61,22489
57,34,22490
91,11,22491
136,162,22492
132,161,22493
131,157,22494
131,156,22495
131,153,22496
134,149,22497
137,146,22498
140,145,22499
142,145,22500
147,146,22501
151,149,22502
154,153,22503
156,157,22504
157,168,22505
157,171,22506
155,176,22507
153,182,22508
148,186,22509
143,190,22510
134,192,22511
132,192,22512
122,190,22513
118,187,22514
108,175,22515
105,167,22516
104,161,22517
104,149,22518
104,146,22519
109,133,22520
119,121,22521
126,116,22522
131,114,22523
147,113,22524
155,115,22525
158,116,22526
171,126,22527
177,133,22528
182,144,22529
186,163,22530
185,176,22531
180,192,22532
175,202,22533
161,216,22534
157,219,22535
138,225,22536
127,225,22537
119,223,22538
109,219,22539
87,198,22540
86,197,22541
78,178,22542
75,159,22543
76,141,22544
77,135,22545
88,110,22546
109,89,22547
107,90,22548
127,81,22549
138,79,22550
161,82,22551
176,89,22552
193,104,22553
203,119,22554
212,143,22555
214,175,22556
212,189,22557
209,199,22558
192,230,22559
184,238,22560
164,252,22561
143,258,22562
123,258,22563
113,256,22564
83,240,22565
64,218,22566
56,203,22567
50,186,22568
46,159,22569
48,134,22570
59,101,22571
67,87,22572
86,66,22573
112,51,22574
118,49,22575
149,46,22576
177,53,22577
204,71,22578
222,92,22579
225,97,22580
241,141,22581
243,172,22582
240,196,22583
238,205,22584
218,246,22585
199,267,22586
167,286,22587
148,291,22588
112,290,22589
105,288,22590
70,270,22591
48,248,22592
33,224,22593
20,184,22594
18,167,22595
20,126,22596
30,93,22597
40,73,22598
76,34,22599
92,24,22600
117,15,22601
145,12,22602
190,23,22603
198,27,22604
243,69,22605
255,90,22606
266,120,22607
272,168,22608
267,208,22609
249,253,22610
138,157,22611
141,156,22612
143,157,22613
146,160,22614
146,162,22615
147,165,22616
147,168,22617
144,174,22618
144,175,22619
139,178,22620
135,179,22621
129,179,22622
126,178,22623
121,174,22624
116,165,22625
116,166,22626
114,157,22627
116,145,22628
118,140,22629
119,138,22630
128,129,22631
135,126,22632
139,125,22633
148,126,22634
152,127,22635
165,137,22636
170,144,22637
171,146,22638
175,163,22639
175,165,22640
172,183,22641
168,192,22642
163,198,22643
155,206,22644
146,210,22645
127,212,22646
126,212,22647
111,206,22648
97,192,22649
96,191,22650
89,175,22651
86,162,22652
88,138,22653
89,134,22654
94,122,22655
105,107,22656
116,99,22657
137,92,22658
145,92,22659
154,93,22660
177,105,22661
189,118,22662
194,126,22663
200,140,22664
203,172,22665
203,176,22666
200,191,22667
188,216,22668
174,231,22669
160,240,22670
149,244,22671
131,246,22672
102,238,22673
97,235,22674
75,214,22675
69,204,22676
59,175,22677
57,158,22678
59,135,22679
65,114,22680
77,93,22681
96,74,22682
116,63,22683
131,59,22684
153,59,22685
169,63,22686
181,69,22687
206,90,22688
214,101,22689
229,138,22690
232,173,22691
230,190,22692
226,206,22693
204,245,22694
190,259,22695
166,273,22696
138,279,22697
124,279,22698
95,271,22699
77,260,22700
52,234,22701
40,212,22702
32,189,22703
29,165,22704
30,133,22705
40,98,22706
54,73,22707
67,57,22708
98,35,22709
117,28,22710
145,25,22711
174,30,22712
212,52,22713
233,75,22714
240,86,22715
259,141,22716
260,147,22717
255,210,22718
253,217,22719
239,248,22720
216,278,22721
194,295,22722
154,311,22723
135,313,22724
82,301,22725
60,287,22726
32,258,22727
19,237,22728
2,184,22729
139,163,22730
137,167,22731
135,167,22732
134,168,22733
130,166,22734
128,165,22735
125,160,22736
125,159,22737
125,153,22738
127,148,22739
127,146,22740
134,140,22741
138,138,22742
144,138,22743
148,139,22744
153,141,22745
157,145,22746
162,154,22747
163,158,22748
164,164,22749
164,170,22750
160,183,22751
159,185,22752
153,192,22753
139,199,22754
135,200,22755
124,198,22756
122,198,22757
108,187,22758
104,182,22759
101,177,22760
98,168,22761
98,144,22762
100,136,22763
108,122,22764
116,114,22765
119,111,22766
137,105,22767
148,105,22768
153,106,22769
167,113,22770
173,117,22771
181,127,22772
187,137,22773
192,159,22774
192,178,22775
190,186,22776
180,207,22777
167,221,22778
165,223,22779
154,229,22780
135,233,22781
121,232,22782
109,228,22783
84,206,22784
80,200,22785
72,182,22786
68,153,22787
68,149,22788
73,125,22789
78,113,22790
92,93,22791
106,82,22792
130,72,22793
141,71,22794
170,77,22795
177,81,22796
193,93,22797
211,119,22798
213,123,22799
221,172,22800
221,173,22801
211,213,22802
198,234,22803
189,244,22804
169,258,22805
153,264,22806
133,267,22807
101,260,22808
83,249,22809
71,239,22810
52,211,22811
45,194,22812
40,145,22813
40,142,22814
50,103,22815
58,88,22816
72,69,22817
104,46,22818
122,40,22819
150,38,22820
170,42,22821
187,49,22822
220,77,22823
236,103,22824
248,142,22825
250,170,22826
248,191,22827
240,220,22828
222,253,22829
193,281,22830
187,285,22831
154,298,22832
118,299,22833
112,298,22834
61,272,22835
45,256,22836
24,221,22837
15,194,22838
11,147,22839
14,121,22840
20,99,22841
38,63,22842
50,47,22843
98,13,22844
106,10,22845
156,5,22846
189,14,22847
201,20,22848
135,160,22849
134,156,22850
135,154,22851
138,151,22852
140,150,22853
142,150,22854
145,150,22855
149,153,22856
152,158,22857
153,161,22858
153,168,22859
152,173,22860
152,174,22861
145,183,22862
142,185,22863
136,187,22864
130,187,22865
126,186,22866
119,182,22867
114,176,22868
112,173,22869
108,163,22870
107,156,22871
109,144,22872
112,137,22873
118,128,22874
121,125,22875
135,118,22876
141,117,22877
148,118,22878
153,119,22879
164,125,22880
175,139,22881
179,148,22882
181,160,22883
182,166,22884
181,177,22885
170,201,22886
164,208,22887
156,214,22888
146,218,22889
139,220,22890
119,218,22891
105,211,22892
96,203,22893
91,196,22894
85,185,22895
79,158,22896
79,153,22897
82,133,22898
94,109,22899
100,102,22900
113,92,22901
125,86,22902
140,84,22903
161,87,22904
176,95,22905
192,110,22906
200,122,22907
204,131,22908
210,158,22909
208,187,22910
202,205,22911
194,220,22912
180,236,22913
158,249,22914
143,253,22915
132,254,22916
113,251,22917
89,239,22918
80,231,22919
68,216,22920
55,188,22921
51,165,22922
51,140,22923
60,108,22924
71,89,22925
78,80,22926
97,64,22927
128,52,22928
142,50,22929
158,52,22930
191,66,22931
207,80,22932
228,113,22933
235,133,22934
238,149,22935
236,195,22936
230,215,22937
221,233,22938
200,260,22939
176,277,22940
162,283,22941
127,287,22942
90,277,22943
69,263,22944
52,246,22945
40,228,22946
26,192,22947
22,165,22948
27,115,22949
26,118,22950
41,80,22951
60,54,22952
97,27,22953
107,23,22954
139,17,22955
171,21,22956
208,39,22957
221,50,22958
243,77,22959
256,103,22960
266,142,22961
268,165,22962
259,221,22963
243,255,22964
218,286,22965
192,305,22966
145,320,22967
140,159,22968
142,160,22969
143,163,22970
143,168,22971
141,171,22972
140,172,22973
138,174,22974
134,175,22975
129,174,22976
127,173,22977
124,171,22978
120,164,22979
119,161,22980
118,156,22981
120,146,22982
124,139,22983
125,137,22984
133,132,22985
139,130,22986
148,131,22987
149,131,22988
154,133,22989
163,141,22990
168,150,22991
170,158,22992
171,165,22993
169,178,22994
166,187,22995
157,198,22996
156,199,22997
144,206,22998
135,208,22999
127,207,23000
112,201,23001
107,197,23002
97,184,23003
96,183,23004
90,159,23005
90,154,23006
94,133,23007
103,117,23008
105,114,23009
117,104,23010
130,98,23011
148,97,23012
157,99,23013
164,102,23014
177,111,23015
190,128,23016
196,142,23017
199,158,23018
197,185,23019
197,186,23020
190,205,23021
179,220,23022
159,235,23023
149,239,23024
134,241,23025
120,240,23026
101,232,23027
84,218,23028
74,204,23029
65,182,23030
62,165,23031
61,154,23032
66,124,23033
75,104,23034
92,83,23035
106,73,23036
130,64,23037
142,63,23038
158,65,23039
177,72,23040
206,97,23041
210,103,23042
221,125,23043
226,143,23044
228,171,23045
219,212,23046
208,232,23047
192,251,23048
168,267,23049
163,269,23050
122,274,23051
113,272,23052
85,260,23053
60,237,23054
47,217,23055
38,194,23056
33,163,23057
35,129,23058
41,107,23059
43,101,23060
73,58,23061
103,38,23062
108,36,23063
157,31,23064
174,35,23065
198,47,23066
219,65,23067
240,95,23068
253,131,23069
256,152,23070
257,166,23071
251,209,23072
227,258,23073
220,267,23074
188,293,23075
154,306,23076
134,308,23077
89,299,23078
61,282,23079
44,266,23080
31,249,23081
15,217,23082
4,162,23083
8,117,23084
11,105,23085
39,50,23086
137,163,23087
135,164,23088
131,163,23089
130,160,23090
129,158,23091
129,154,23092
130,149,23093
132,147,23094
134,145,23095
137,143,23096
145,143,23097
150,145,23098
152,146,23099
155,150,23100
158,155,23101
160,164,23102
160,169,23103
157,179,23104
153,185,23105
151,188,23106
143,193,23107
136,195,23108
131,195,23109
121,192,23110
116,189,23111
110,183,23112
106,177,23113
103,170,23114
101,153,23115
102,144,23116
107,131,23117
111,125,23118
117,119,23119
130,111,23120
147,110,23121
156,112,23122
159,113,23123
174,125,23124
175,126,23125
186,148,23126
188,161,23127
188,173,23128
184,190,23129
180,199,23130
173,209,23131
159,221,23132
148,226,23133
136,228,23134
127,228,23135
108,222,23136
91,208,23137
81,193,23138
76,181,23139
73,169,23140
74,138,23141
74,137,23142
86,108,23143
100,92,23144
105,88,23145
120,80,23146
145,76,23147
154,77,23148
173,84,23149
187,94,23150
208,123,23151
214,140,23152
217,160,23153
217,171,23154
213,195,23155
200,224,23156
184,242,23157
168,253,23158
159,257,23159
134,262,23160
104,256,23161
86,246,23162
72,233,23163
66,226,23164
46,180,23165
44,161,23166
44,144,23167
49,118,23168
56,100,23169
73,75,23170
92,58,23171
126,44,23172
136,43,23173
170,47,23174
184,53,23175
213,76,23176
224,90,23177
239,122,23178
243,136,23179
244,189,23180
239,210,23181
220,248,23182
212,258,23183
177,285,23184
149,294,23185
138,295,23186
108,292,23187
69,273,23188
52,257,23189
31,226,23190
22,203,23191
15,161,23192
15,148,23193
27,93,23194
34,78,23195
65,39,23196
86,24,23197
106,15,23198
145,9,23199
172,13,23200
191,20,23201
222,41,23202
248,72,23203
269,121,23204
274,155,23205
137,156,23206
138,154,23207
141,154,23208
144,154,23209
146,157,23210
148,160,23211
149,161,23212
150,166,23213
149,171,23214
147,174,23215
144,178,23216
140,181,23217
136,182,23218
129,182,23219
122,178,23220
119,176,23221
118,175,23222
113,165,23223
112,158,23224
112,151,23225
115,140,23226
118,135,23227
123,129,23228
129,125,23229
135,123,23230
142,122,23231
158,127,23232
159,127,23233
167,135,23234
174,147,23235
177,157,23236
178,165,23237
176,178,23238
171,192,23239
160,205,23240
159,206,23241
148,213,23242
138,215,23243
121,214,23244
109,208,23245
102,202,23246
94,193,23247
86,175,23248
84,166,23249
83,156,23250
85,138,23251
90,124,23252
99,110,23253
114,97,23254
126,91,23255
139,89,23256
153,90,23257
171,97,23258
184,107,23259
193,119,23260
201,136,23261
206,160,23262
206,170,23263
201,197,23264
192,215,23265
190,218,23266
164,241,23267
152,246,23268
130,249,23269
117,247,23270
105,243,23271
86,230,23272
65,202,23273
64,200,23274
55,168,23275
57,132,23276
61,118,23277
68,102,23278
74,92,23279
92,73,23280
126,57,23281
131,56,23282
169,60,23283
182,66,23284
199,79,23285
218,102,23286
224,114,23287
234,150,23288
234,182,23289
225,216,23290
218,230,23291
195,258,23292
177,271,23293
169,275,23294
127,282,23295
108,279,23296
85,269,23297
63,252,23298
51,237,23299
30,190,23300
27,174,23301
26,149,23302
29,124,23303
41,89,23304
54,68,23305
92,35,23306
107,28,23307
157,23,23308
163,24,23309
193,35,23310
225,61,23311
239,79,23312
256,116,23313
261,136,23314
262,188,23315
257,213,23316
245,243,23317
210,287,23318
208,289,23319
158,313,23320
131,316,23321
97,310,23322
74,300,23323
54,286,23324
140,162,23325
140,165,23326
139,168,23327
136,170,23328
133,170,23329
131,170,23330
127,168,23331
125,165,23332
123,161,23333
122,156,23334
123,150,23335
125,145,23336
127,142,23337
130,139,23338
135,136,23339
139,135,23340
145,135,23341
153,138,23342
159,143,23343
162,148,23344
166,159,23345
167,163,23346
166,174,23347
163,183,23348
158,190,23349
151,197,23350
148,199,23351
136,203,23352
126,202,23353
118,199,23354
117,199,23355
108,192,23356
99,178,23357
96,170,23358
94,155,23359
96,140,23360
97,136,23361
106,120,23362
115,111,23363
125,105,23364
140,102,23365
154,103,23366
165,108,23367
170,111,23368
182,123,23369
191,141,23370
194,152,23371
195,169,23372
190,194,23373
186,203,23374
183,208,23375
158,230,23376
154,232,23377
146,235,23378
122,235,23379
105,229,23380
86,213,23381
82,208,23382
71,188,23383
66,166,23384
66,143,23385
70,126,23386
83,100,23387
92,89,23388
106,78,23389
123,71,23390
140,68,23391
153,69,23392
170,74,23393
193,89,23394
201,98,23395
219,133,23396
223,152,23397
224,165,23398
219,200,23399
215,211,23400
199,237,23401
185,251,23402
165,263,23403
126,269,23404
103,264,23405
83,253,23406
80,251,23407
53,219,23408
47,206,23409
37,164,23410
37,152,23411
43,114,23412
59,81,23413
84,55,23414
92,49,23415
117,38,23416
131,35,23417
176,41,23418
187,46,23419
207,60,23420
233,91,23421
246,121,23422
251,144,23423
251,188,23424
248,203,23425
232,243,23426
212,269,23427
202,278,23428
158,300,23429
130,303,23430
112,301,23431
78,288,23432
51,267,23433
32,242,23434
25,230,23435
12,192,23436
8,156,23437
14,109,23438
36,61,23439
41,54,23440
69,26,23441
122,3,23442
128,2,23443
137,161,23444
132,159,23445
132,156,23446
134,152,23447
134,151,23448
138,148,23449
140,147,23450
143,147,23451
149,150,23452
150,150,23453
154,156,23454
155,161,23455
156,168,23456
155,172,23457
153,178,23458
148,184,23459
149,184,23460
140,189,23461
135,190,23462
122,187,23463
123,188,23464
114,181,23465
109,174,23466
106,165,23467
105,154,23468
105,152,23469
109,137,23470
114,128,23471
118,124,23472
129,117,23473
134,115,23474
144,114,23475
161,120,23476
163,121,23477
177,137,23478
181,146,23479
184,158,23480
184,168,23481
183,179,23482
177,195,23483
171,204,23484
158,216,23485
144,222,23486
138,223,23487
121,222,23488
115,220,23489
102,212,23490
87,195,23491
83,187,23492
77,167,23493
77,145,23494
79,135,23495
88,113,23496
95,103,23497
114,88,23498
127,83,23499
138,81,23500
157,83,23501
159,83,23502
180,94,23503
199,115,23504
209,138,23505
211,147,23506
213,165,23507
208,198,23508
203,210,23509
193,226,23510
174,244,23511
149,255,23512
137,257,23513
117,255,23514
95,246,23515
77,232,23516
67,220,23517
55,196,23518
48,164,23519
48,148,23520
50,131,23521
65,93,23522
75,80,23523
83,71,23524
107,55,23525
131,48,23526
153,48,23527
194,65,23528
207,76,23529
214,84,23530
237,130,23531
238,134,23532
239,192,23533
239,193,23534
230,222,23535
217,245,23536
185,275,23537
167,284,23538
128,290,23539
101,285,23540
87,279,23541
58,257,23542
37,228,23543
30,213,23544
24,195,23545
19,156,23546
26,108,23547
32,92,23548
61,49,23549
85,30,23550
99,23,23551
136,14,23552
167,17,23553
203,32,23554
223,48,23555
248,80,23556
260,106,23557
268,137,23558
270,175,23559
258,231,23560
247,254,23561
210,296,23562
139,158,23563
142,158,23564
144,160,23565
145,162,23566
145,168,23567
145,169,23568
143,173,23569
141,175,23570
138,177,23571
133,178,23572
129,177,23573
125,175,23574
119,168,23575
118,166,23576
116,159,23577
116,152,23578
117,146,23579
120,140,23580
126,133,23581
127,132,23582
135,128,23583
145,127,23584
152,129,23585
156,131,23586
163,137,23587
168,144,23588
171,151,23589
173,160,23590
173,173,23591
168,188,23592
167,190,23593
159,200,23594
144,209,23595
139,210,23596
125,210,23597
122,209,23598
107,201,23599
102,196,23600
93,182,23601
89,170,23602
88,151,23603
89,140,23604
95,124,23605
103,112,23606
113,103,23607
127,96,23608
137,94,23609
157,96,23610
167,100,23611
173,104,23612
183,113,23613
193,128,23614
199,143,23615
202,170,23616
201,179,23617
191,208,23618
186,216,23619
176,227,23620
149,242,23621
137,244,23622
129,244,23623
106,238,23624
83,221,23625
72,206,23626
65,191,23627
60,172,23628
59,149,23629
63,125,23630
73,102,23631
84,87,23632
96,76,23633
126,62,23634
142,60,23635
166,64,23636
181,71,23637
190,77,23638
210,98,23639
218,111,23640
228,140,23641
228,190,23642
227,196,23643
218,221,23644
206,240,23645
184,261,23646
166,271,23647
125,277,23648
112,275,23649
93,268,23650
70,252,23651
58,239,23652
45,219,23653
31,172,23654
30,150,23655
33,126,23656
46,89,23657
65,62,23658
79,49,23659
110,32,23660
136,27,23661
158,28,23662
197,43,23663
214,56,23664
237,84,23665
253,121,23666
257,138,23667
259,174,23668
257,194,23669
244,235,23670
232,256,23671
194,293,23672
169,305,23673
129,311,23674
107,308,23675
73,294,23676
44,270,23677
34,258,23678
8,204,23679
5,192,23680
4,125,23681
138,164,23682
137,165,23683
133,166,23684
130,165,23685
129,163,23686
127,159,23687
126,157,23688
126,154,23689
129,147,23690
131,144,23691
133,142,23692
140,140,23693
141,139,23694
150,142,23695
152,143,23696
158,149,23697
160,152,23698
162,162,23699
162,171,23700
160,179,23701
156,186,23702
151,191,23703
148,194,23704
140,197,23705
131,198,23706
125,197,23707
117,193,23708
111,189,23709
101,171,23710
99,164,23711
99,166,23712
99,145,23713
106,128,23714
109,123,23715
114,118,23716
128,109,23717
129,108,23718
149,107,23719
154,108,23720
174,121,23721
178,126,23722
187,142,23723
190,154,23724
191,163,23725
188,187,23726
186,193,23727
178,207,23728
164,221,23729
148,229,23730
140,231,23731
118,229,23732
106,224,23733
96,217,23734
92,214,23735
74,183,23736
70,161,23737
70,148,23738
71,140,23739
76,121,23740
87,102,23741
104,85,23742
111,81,23743
140,73,23744
145,73,23745
177,83,23746
183,87,23747
200,104,23748
214,131,23749
219,153,23750
220,168,23751
216,194,23752
206,219,23753
201,227,23754
180,249,23755
154,262,23756
145,264,23757
109,261,23758
99,257,23759
70,235,23760
66,230,23761
50,203,23762
43,178,23763
41,151,23764
45,123,23765
59,89,23766
66,79,23767
89,57,23768
98,51,23769
134,40,23770
170,44,23771
173,45,23772
200,60,23773
219,78,23774
240,117,23775
248,156,23776
247,185,23777
239,218,23778
232,234,23779
214,260,23780
202,272,23781
153,296,23782
140,298,23783
112,296,23784
84,286,23785
51,260,23786
42,249,23787
30,230,23788
17,195,23789
12,157,23790
19,108,23791
31,78,23792
40,63,23793
77,26,23794
108,11,23795
141,6,23796
163,8,23797
210,28,23798
223,38,23799
236,51,23800
135,158,23801
135,157,23802
138,153,23803
139,152,23804
143,152,23805
147,154,23806
148,154,23807
151,160,23808
152,163,23809
152,166,23810
150,174,23811
148,177,23812
145,181,23813
142,183,23814
132,185,23815
129,185,23816
128,185,23817
120,180,23818
117,178,23819
111,166,23820
109,157,23821
109,156,23822
111,142,23823
113,138,23824
120,129,23825
124,125,23826
135,120,23827
144,119,23828
155,122,23829
160,125,23830
167,130,23831
174,140,23832
178,151,23833
180,163,23834
177,184,23835
177,185,23836
170,199,23837
161,208,23838
154,213,23839
144,217,23840
120,216,23841
113,214,23842
102,206,23843
92,195,23844
88,188,23845
83,174,23846
81,148,23847
82,141,23848
88,122,23849
96,109,23850
107,98,23851
128,88,23852
136,86,23853
155,87,23854
161,89,23855
181,101,23856
188,108,23857
202,131,23858
206,142,23859
209,167,23860
208,178,23861
200,206,23862
185,228,23863
176,237,23864
159,247,23865
134,252,23866
113,249,23867
103,245,23868
77,225,23869
81,230,23870
58,192,23871
53,170,23872
52,152,23873
53,139,23874
60,112,23875
73,89,23876
89,72,23877
100,64,23878
132,53,23879
157,54,23880
181,62,23881
208,84,23882
214,91,23883
227,114,23884
237,157,23885
237,177,23886
234,195,23887
228,216,23888
212,244,23889
184,270,23890
167,279,23891
149,284,23892
120,285,23893
90,275,23894
67,259,23895
41,226,23896
34,212,23897
25,179,23898
23,157,23899
26,126,23900
37,92,23901
56,61,23902
73,44,23903
95,30,23904
135,19,23905
156,20,23906
195,33,23907
202,37,23908
234,67,23909
253,100,23910
264,138,23911
265,185,23912
264,193,23913
256,225,23914
235,264,23915
203,296,23916
180,309,23917
132,319,23918
103,315,23919
140,160,23920
142,163,23921
142,167,23922
141,168,23923
139,171,23924
136,172,23925
132,173,23926
131,173,23927
127,171,23928
122,165,23929
121,163,23930
120,154,23931
120,151,23932
122,145,23933
126,139,23934
131,135,23935
134,133,23936
139,132,23937
145,132,23938
153,135,23939
159,139,23940
165,147,23941
168,155,23942
169,161,23943
169,168,23944
166,182,23945
163,188,23946
159,194,23947
146,203,23948
140,205,23949
131,206,23950
124,205,23951
114,200,23952
103,190,23953
99,184,23954
94,172,23955
92,165,23956
92,147,23957
95,135,23958
102,121,23959
113,109,23960
125,102,23961
131,100,23962
153,100,23963
155,100,23964
173,110,23965
187,126,23966
192,136,23967
196,149,23968
198,169,23969
195,187,23970
187,206,23971
184,211,23972
168,228,23973
159,233,23974
137,239,23975
129,239,23976
107,233,23977
96,227,23978
79,209,23979
69,190,23980
65,176,23981
63,153,23982
64,140,23983
69,120,23984
81,98,23985
97,81,23986
104,76,23987
141,65,23988
145,65,23989
168,70,23990
190,83,23991
208,103,23992
217,119,23993
225,148,23994
226,154,23995
225,185,23996
220,205,23997
200,240,23998
189,251,23999
168,265,24000
143,272,24001
132,273,24002
100,266,24003
74,249,24004
59,233,24005
49,217,24006
36,178,24007
34,152,24008
40,116,24009
51,89,24010
60,75,24011
85,50,24012
101,41,24013
134,32,24014
157,33,24015
174,37,24016
195,47,24017
229,80,24018
246,113,24019
249,122,24020
255,171,24021
248,213,24022
243,227,24023
232,248,24024
193,288,24025
174,298,24026
154,304,24027
117,305,24028
83,294,24029
69,286,24030
27,239,24031
24,234,24032
12,203,24033
6,168,24034
13,104,24035
17,92,24036
44,46,24037
73,20,24038
135,163,24039
134,163,24040
131,160,24041
130,156,24042
130,154,24043
132,150,24044
133,148,24045
137,145,24046
142,144,24047
144,144,24048
151,148,24049
154,151,24050
156,154,24051
158,161,24052
159,165,24053
157,174,24054
157,176,24055
148,187,24056
145,190,24057
140,192,24058
134,193,24059
127,193,24060
123,191,24061
113,184,24062
108,177,24063
105,171,24064
103,159,24065
102,154,24066
106,137,24067
111,128,24068
114,124,24069
124,116,24070
136,112,24071
149,112,24072
150,112,24073
165,119,24074
169,122,24075
179,135,24076
186,155,24077
187,164,24078
183,187,24079
184,185,24080
176,202,24081
167,213,24082
157,220,24083
145,225,24084
122,225,24085
118,224,24086
105,218,24087
93,208,24088
84,195,24089
77,178,24090
74,151,24091
74,147,24092
79,126,24093
92,103,24094
99,95,24095
120,82,24096
136,78,24097
158,80,24098
173,86,24099
188,97,24100
195,105,24101
208,127,24102
213,143,24103
215,176,24104
213,188,24105
210,200,24106
194,229,24107
185,239,24108
168,251,24109
144,259,24110
132,260,24111
94,249,24112
85,243,24113
69,227,24114
62,217,24115
47,177,24116
45,153,24117
54,110,24118
59,98,24119
69,82,24120
79,71,24121
99,56,24122
126,46,24123
152,45,24124
172,50,24125
186,56,24126
225,95,24127
229,102,24128
240,131,24129
244,171,24130
243,186,24131
234,219,24132
215,252,24133
207,261,24134
177,283,24135
142,293,24136
112,291,24137
101,288,24138
72,273,24139
49,251,24140
26,210,24141
18,177,24142
17,169,24143
21,117,24144
25,103,24145
58,48,24146
63,43,24147
109,16,24148
136,11,24149
147,11,24150
200,27,24151
202,28,24152
248,75,24153
258,94,24154
270,134,24155
273,162,24156
269,202,24157
137,158,24158
139,156,24159
143,156,24160
145,157,24161
146,159,24162
148,165,24163
148,168,24164
146,173,24165
145,175,24166
141,178,24167
137,180,24168
133,181,24169
128,180,24170
122,176,24171
120,174,24172
115,166,24173
114,164,24174
113,155,24175
115,145,24176
118,138,24177
121,134,24178
125,130,24179
131,126,24180
141,124,24181
145,124,24182
155,127,24183
162,132,24184
169,140,24185
175,157,24186
175,155,24187
176,166,24188
175,177,24189
168,193,24190
159,204,24191
151,209,24192
140,213,24193
131,214,24194
116,210,24195
109,206,24196
101,199,24197
91,183,24198
87,173,24199
85,152,24200
85,150,24201
91,126,24202
92,123,24203
102,109,24204
124,94,24205
127,93,24206
150,91,24207
167,97,24208
180,106,24209
181,107,24210
195,125,24211
201,141,24212
204,173,24213
203,183,24214
199,197,24215
192,212,24216
178,229,24217
168,237,24218
136,247,24219
131,247,24220
100,238,24221
86,228,24222
82,224,24223
65,198,24224
59,180,24225
56,158,24226
56,150,24227
62,120,24228
84,83,24229
87,80,24230
108,65,24231
125,59,24232
141,57,24233
176,65,24234
197,79,24235
203,85,24236
226,124,24237
227,126,24238
233,160,24239
233,176,24240
223,216,24241
208,242,24242
197,254,24243
157,277,24244
150,279,24245
123,280,24246
97,273,24247
79,263,24248
63,249,24249
39,213,24250
33,195,24251
28,143,24252
33,115,24253
38,100,24254
45,85,24255
81,44,24256
90,38,24257
136,24,24258
158,25,24259
177,30,24260
214,52,24261
232,72,24262
253,112,24263
260,140,24264
262,162,24265
258,202,24266
243,243,24267
238,252,24268
202,291,24269
184,302,24270
167,309,24271
131,314,24272
84,303,24273
49,279,24274
43,273,24275
12,224,24276
139,162,24277
138,167,24278
136,168,24279
134,169,24280
131,168,24281
127,165,24282
126,164,24283
124,160,24284
124,154,24285
125,150,24286
126,146,24287
129,142,24288
133,139,24289
139,137,24290
145,137,24291
147,137,24292
153,140,24293
159,146,24294
163,153,24295
164,158,24296
165,168,24297
164,175,24298
160,185,24299
159,187,24300
147,197,24301
141,200,24302
133,201,24303
124,200,24304
118,197,24305
108,189,24306
103,183,24307
100,177,24308
96,159,24309
97,143,24310
100,134,24311
102,129,24312
111,116,24313
123,108,24314
131,105,24315
148,104,24316
158,107,24317
162,108,24318
175,118,24319
182,126,24320
192,150,24321
193,158,24322
192,182,24323
190,189,24324
185,201,24325
177,213,24326
157,229,24327
148,232,24328
127,234,24329
116,232,24330
94,219,24331
91,216,24332
77,197,24333
72,185,24334
67,161,24335
68,142,24336
73,122,24337
82,104,24338
104,82,24339
110,78,24340
129,71,24341
145,70,24342
165,74,24343
181,82,24344
196,95,24345
207,109,24346
218,135,24347
222,171,24348
221,183,24349
215,206,24350
204,228,24351
182,251,24352
160,263,24353
150,266,24354
121,267,24355
99,260,24356
89,255,24357
61,228,24358
51,212,24359
41,182,24360
39,145,24361
40,134,24362
54,93,24363
59,84,24364
79,61,24365
96,49,24366
117,40,24367
151,37,24368
160,38,24369
207,62,24370
221,77,24371
238,105,24372
249,141,24373
251,171,24374
248,196,24375
235,234,24376
220,257,24377
204,274,24378
184,288,24379
149,300,24380
117,300,24381
86,290,24382
69,280,24383
48,261,24384
25,226,24385
18,208,24386
11,176,24387
13,121,24388
29,76,24389
42,55,24390
71,27,24391
83,19,24392
116,6,24393
140,3,24394
182,10,24395
136,161,24396
133,157,24397
134,154,24398
136,151,24399
137,150,24400
142,149,24401
145,149,24402
148,151,24403
151,154,24404
153,157,24405
154,163,24406
154,168,24407
154,171,24408
152,176,24409
147,183,24410
142,186,24411
139,188,24412
130,188,24413
125,187,24414
115,179,24415
112,175,24416
111,174,24417
107,163,24418
107,149,24419
110,139,24420
113,133,24421
115,130,24422
123,122,24423
131,118,24424
143,116,24425
150,117,24426
157,119,24427
170,130,24428
174,135,24429
181,152,24430
182,159,24431
183,164,24432
178,189,24433
176,194,24434
163,210,24435
152,217,24436
140,221,24437
127,221,24438
113,217,24439
103,211,24440
95,203,24441
84,185,24442
80,173,24443
78,159,24444
78,151,24445
82,130,24446
96,105,24447
104,97,24448
107,94,24449
123,86,24450
146,83,24451
166,88,24452
172,91,24453
186,101,24454
197,115,24455
205,131,24456
211,172,24457
208,191,24458
207,195,24459
191,226,24460
181,236,24461
161,249,24462
146,254,24463
135,255,24464
112,252,24465
84,236,24466
71,222,24467
57,197,24468
52,181,24469
50,167,24470
50,141,24471
56,116,24472
71,87,24473
86,71,24474
106,58,24475
130,50,24476
154,50,24477
164,52,24478
185,61,24479
207,79,24480
231,117,24481
234,126,24482
240,160,24483
237,195,24484
226,226,24485
214,246,24486
191,269,24487
175,279,24488
154,286,24489
112,286,24490
86,276,24491
82,274,24492
49,244,24493
31,211,24494
24,188,24495
21,148,24496
25,118,24497
26,114,24498
55,58,24499
75,39,24500
87,31,24501
116,19,24502
148,16,24503
188,26,24504
204,35,24505
239,69,24506
246,80,24507
261,114,24508
268,148,24509
266,197,24510
257,229,24511
237,266,24512
214,291,24513
175,314,24514
141,159,24515
143,160,24516
144,163,24517
144,167,24518
143,170,24519
140,173,24520
141,173,24521
135,176,24522
132,176,24523
129,175,24524
125,173,24525
120,167,24526
119,164,24527
118,163,24528
118,150,24529
120,144,24530
122,139,24531
131,132,24532
130,132,24533
140,129,24534
144,129,24535
151,130,24536
156,133,24537
165,142,24538
170,153,24539
171,159,24540
171,174,24541
170,180,24542
165,190,24543
163,193,24544
151,204,24545
141,208,24546
133,209,24547
119,206,24548
115,204,24549
102,193,24550
99,190,24551
91,171,24552
89,160,24553
89,153,24554
94,131,24555
99,120,24556
110,108,24557
119,101,24558
135,96,24559
133,96,24560
162,100,24561
174,107,24562
184,117,24563
191,127,24564
197,142,24565
200,171,24566
199,181,24567
198,187,24568
183,217,24569
173,227,24570
167,232,24571
149,240,24572
139,242,24573
106,236,24574
102,234,24575
81,216,24576
68,194,24577
63,179,24578
61,168,24579
62,136,24580
65,124,24581
75,102,24582
94,80,24583
96,78,24584
130,63,24585
142,62,24586
163,65,24587
181,73,24588
204,93,24589
212,104,24590
221,122,24591
228,149,24592
228,182,24593
218,216,24594
203,241,24595
195,250,24596
184,259,24597
150,274,24598
124,275,24599
108,272,24600
74,253,24601
68,248,24602
44,213,24603
34,181,24604
32,164,24605
34,129,24606
38,112,24607
56,76,24608
61,69,24609
86,46,24610
134,29,24611
132,29,24612
184,38,24613
204,50,24614
229,75,24615
233,81,24616
254,131,24617
256,142,24618
255,196,24619
249,218,24620
237,245,24621
206,282,24622
177,300,24623
159,306,24624
139,309,24625
94,302,24626
59,282,24627
49,273,24628
28,246,24629
9,202,24630
3,161,24631
4,135,24632
23,73,24633
137,164,24634
134,165,24635
131,164,24636
130,162,24637
128,158,24638
128,155,24639
128,152,24640
130,148,24641
132,145,24642
138,142,24643
141,141,24644
145,142,24645
151,144,24646
154,147,24647
156,149,24648
160,158,24649
161,162,24650
160,174,24651
157,181,24652
153,187,24653
151,189,24654
143,194,24655
138,196,24656
126,195,24657
120,193,24658
113,188,24659
108,182,24660
104,176,24661
101,166,24662
100,153,24663
101,144,24664
105,132,24665
118,117,24666
117,117,24667
136,109,24668
141,108,24669
151,109,24670
159,112,24671
172,121,24672
182,135,24673
188,153,24674
189,158,24675
189,172,24676
184,193,24677
176,207,24678
168,216,24679
164,219,24680
151,226,24681
126,229,24682
114,226,24683
103,220,24684
93,212,24685
83,199,24686
75,182,24687
72,163,24688
73,137,24689
74,133,24690
83,111,24691
97,93,24692
117,80,24693
125,77,24694
138,75,24695
154,76,24696
184,90,24697
191,96,24698
202,110,24699
213,133,24700
218,160,24701
216,187,24702
214,196,24703
201,224,24704
190,238,24705
164,256,24706
154,260,24707
134,263,24708
120,262,24709
82,244,24710
74,237,24711
52,203,24712
45,179,24713
43,166,24714
44,136,24715
46,125,24716
66,82,24717
79,67,24718
100,52,24719
134,42,24720
129,42,24721
167,45,24722
197,60,24723
211,72,24724
233,104,24725
236,110,24726
246,178,24727
246,182,24728
232,230,24729
216,255,24730
205,267,24731
194,276,24732
168,290,24733
126,296,24734
116,295,24735
79,281,24736
54,261,24737
31,228,24738
21,203,24739
14,163,24740
14,149,24741
20,110,24742
33,78,24743
48,55,24744
91,20,24745
105,14,24746
148,8,24747
179,14,24748
197,22,24749
228,45,24750
260,92,24751
264,102,24752
136,158,24753
136,156,24754
140,154,24755
143,153,24756
145,155,24757
147,156,24758
150,161,24759
150,162,24760
150,170,24761
148,174,24762
147,176,24763
142,181,24764
140,182,24765
130,183,24766
127,182,24767
125,182,24768
117,175,24769
115,172,24770
112,165,24771
111,158,24772
111,150,24773
112,145,24774
118,133,24775
124,127,24776
130,124,24777
139,121,24778
152,123,24779
151,122,24780
166,132,24781
170,137,24782
176,149,24783
177,152,24784
178,170,24785
178,174,24786
170,195,24787
165,202,24788
159,208,24789
144,215,24790
142,216,24791
126,216,24792
111,210,24793
98,200,24794
92,191,24795
85,176,24796
83,165,24797
82,157,24798
88,126,24799
94,115,24800
103,104,24801
107,100,24802
126,90,24803
138,88,24804
161,91,24805
175,98,24806
183,105,24807
194,119,24808
205,146,24809
206,151,24810
207,173,24811
204,190,24812
189,221,24813
179,232,24814
166,241,24815
150,248,24816
136,250,24817
126,250,24818
93,237,24819
80,226,24820
70,213,24821
61,196,24822
54,163,24823
54,146,24824
57,127,24825
73,92,24826
88,75,24827
93,71,24828
118,58,24829
140,54,24830
172,60,24831
185,67,24832
206,84,24833
220,104,24834
233,138,24835
234,144,24836
234,188,24837
230,205,24838
214,238,24839
196,259,24840
187,266,24841
149,282,24842
144,283,24843
116,282,24844
98,277,24845
61,251,24846
37,214,24847
32,201,24848
27,181,24849
28,124,24850
34,103,24851
41,87,24852
64,55,24853
76,44,24854
109,26,24855
149,21,24856
159,22,24857
212,47,24858
234,70,24859
249,95,24860
253,104,24861
264,154,24862
262,196,24863
249,237,24864
245,245,24865
227,272,24866
182,306,24867
148,316,24868
131,317,24869
111,315,24870
81,305,24871
141,162,24872
141,164,24873
140,168,24874
139,169,24875
135,171,24876
132,171,24877
129,171,24878
127,169,24879
123,163,24880
122,160,24881
121,155,24882
122,151,24883
125,143,24884
128,139,24885
131,137,24886
138,134,24887
145,134,24888
150,135,24889
155,138,24890
162,146,24891
165,152,24892
167,157,24893
168,164,24894
167,174,24895
162,186,24896
161,188,24897
153,197,24898
144,202,24899
141,203,24900
126,203,24901
119,201,24902
115,199,24903
105,190,24904
99,181,24905
94,163,24906
93,154,24907
94,143,24908
102,124,24909
108,116,24910
120,106,24911
128,103,24912
133,101,24913
149,101,24914
164,106,24915
172,111,24916
186,128,24917
191,138,24918
195,152,24919
196,171,24920
194,185,24921
187,203,24922
173,221,24923
167,226,24924
160,231,24925
129,237,24926
111,233,24927
107,231,24928
91,220,24929
77,203,24930
69,185,24931
66,173,24932
66,138,24933
69,126,24934
76,109,24935
84,96,24936
112,74,24937
116,72,24938
139,67,24939
155,68,24940
182,79,24941
203,99,24942
212,113,24943
222,140,24944
223,145,24945
225,167,24946
220,200,24947
211,221,24948
199,239,24949
184,253,24950
142,270,24951
135,271,24952
116,269,24953
102,265,24954
66,239,24955
50,215,24956
42,196,24957
36,161,24958
36,146,24959
40,121,24960
51,93,24961
77,59,24962
90,49,24963
107,40,24964
151,34,24965
179,41,24966
200,53,24967
224,76,24968
233,89,24969
245,115,24970
253,153,24971
253,178,24972
242,225,24973
230,248,24974
223,258,24975
197,283,24976
149,303,24977
139,304,24978
111,302,24979
64,280,24980
56,273,24981
23,228,24982
20,221,24983
9,181,24984
7,151,24985
11,118,24986
37,58,24987
61,31,24988
76,20,24989
128,1,24990
135,162,24991
132,160,24992
132,158,24993
132,154,24994
132,152,24995
135,149,24996
138,146,24997
143,146,24998
146,147,24999
149,148,25000
151,150,25001
154,154,25002
156,158,25003
157,165,25004
157,169,25005
153,179,25006
153,181,25007
142,189,25008
141,190,25009
132,191,25010
123,189,25011
122,189,25012
111,179,25013
108,174,25014
106,168,25015
104,157,25016
105,146,25017
106,141,25018
114,127,25019
121,120,25020
124,118,25021
133,114,25022
149,114,25023
160,118,25024
166,122,25025
172,128,25026
180,140,25027
184,153,25028
185,171,25029
184,178,25030
178,195,25031
172,205,25032
160,216,25033
146,223,25034
140,224,25035
125,224,25036
109,218,25037
93,205,25038
89,200,25039
80,183,25040
76,165,25041
76,147,25042
77,139,25043
86,114,25044
94,103,25045
112,88,25046
115,86,25047
139,80,25048
151,80,25049
169,86,25050
193,105,25051
203,120,25052
211,142,25053
213,153,25054
214,163,25055
212,186,25056
199,219,25057
195,225,25058
181,240,25059
160,253,25060
135,258,25061
121,257,25062
88,243,25063
72,228,25064
58,206,25065
57,204,25066
48,173,25067
47,146,25068
50,127,25069
63,95,25070
74,79,25071
97,59,25072
114,51,25073
141,46,25074
158,48,25075
189,60,25076
203,71,25077
226,100,25078
239,134,25079
241,145,25080
240,193,25081
238,202,25082
229,227,25083
210,255,25084
193,271,25085
165,286,25086
141,291,25087
122,291,25088
85,279,25089
54,254,25090
37,230,25091
30,216,25092
20,180,25093
19,137,25094
30,94,25095
37,80,25096
52,57,25097
80,32,25098
100,21,25099
138,13,25100
176,18,25101
184,21,25102
233,57,25103
245,73,25104
262,109,25105
269,137,25106
269,194,25107
263,220,25108
244,260,25109
139,157,25110
140,157,25111
144,158,25112
146,161,25113
146,164,25114
146,168,25115
146,170,25116
144,173,25117
142,176,25118
137,178,25119
133,179,25120
128,178,25121
123,175,25122
119,170,25123
117,166,25124
115,159,25125
115,151,25126
116,147,25127
119,140,25128
123,134,25129
128,130,25130
138,126,25131
146,126,25132
152,128,25133
155,129,25134
166,139,25135
171,148,25136
173,154,25137
174,169,25138
172,181,25139
170,186,25140
166,194,25141
153,206,25142
152,207,25143
139,211,25144
125,211,25145
114,207,25146
109,204,25147
97,191,25148
90,177,25149
87,162,25150
86,156,25151
90,133,25152
98,117,25153
97,118,25154
111,103,25155
121,97,25156
137,93,25157
158,95,25158
169,100,25159
175,104,25160
188,118,25161
197,134,25162
200,142,25163
203,166,25164
200,189,25165
190,212,25166
188,215,25167
164,237,25168
158,240,25169
138,245,25170
116,243,25171
95,233,25172
80,219,25173
72,208,25174
65,194,25175
58,163,25176
58,148,25177
64,119,25178
67,111,25179
80,90,25180
97,74,25181
113,65,25182
146,59,25183
169,64,25184
185,72,25185
193,78,25186
212,99,25187
227,132,25188
231,156,25189
231,180,25190
229,192,25191
211,235,25192
191,257,25193
190,258,25194
171,270,25195
124,278,25196
122,278,25197
78,260,25198
73,256,25199
46,223,25200
34,193,25201
32,186,25202
29,154,25203
33,121,25204
42,95,25205
61,65,25206
87,42,25207
116,29,25208
134,26,25209
168,29,25210
187,36,25211
211,52,25212
230,72,25213
252,114,25214
257,133,25215
259,187,25216
257,199,25217
234,255,25218
225,267,25219
186,299,25220
163,308,25221
139,312,25222
106,309,25223
88,303,25224
61,287,25225
22,241,25226
9,211,25227
3,186,25228
138,161,25229
137,166,25230
133,167,25231
131,167,25232
128,163,25233
127,162,25234
126,160,25235
125,156,25236
126,150,25237
130,144,25238
131,142,25239
135,140,25240
140,138,25241
146,139,25242
149,140,25243
153,142,25244
157,146,25245
161,153,25246
163,162,25247
163,172,25248
161,179,25249
158,185,25250
156,188,25251
144,197,25252
135,199,25253
130,199,25254
117,194,25255
119,196,25256
105,182,25257
100,172,25258
100,173,25259
97,153,25260
100,139,25261
100,138,25262
108,123,25263
118,113,25264
126,108,25265
135,106,25266
150,106,25267
159,109,25268
176,122,25269
175,120,25270
185,135,25271
191,153,25272
192,168,25273
190,184,25274
182,203,25275
180,206,25276
158,226,25277
155,228,25278
138,232,25279
117,230,25280
107,226,25281
103,224,25282
87,209,25283
77,193,25284
70,171,25285
70,140,25286
71,133,25287
85,103,25288
93,93,25289
107,82,25290
130,73,25291
147,72,25292
165,76,25293
178,82,25294
198,100,25295
199,101,25296
214,128,25297
220,152,25298
219,185,25299
215,201,25300
203,226,25301
192,240,25302
188,244,25303
165,259,25304
131,266,25305
108,262,25306
91,254,25307
69,235,25308
58,221,25309
48,200,25310
43,184,25311
40,153,25312
45,119,25313
49,107,25314
68,75,25315
88,56,25316
113,43,25317
134,39,25318
164,41,25319
198,57,25320
215,72,25321
225,85,25322
238,109,25323
248,146,25324
248,186,25325
246,198,25326
232,236,25327
207,269,25328
201,274,25329
178,289,25330
149,298,25331
103,295,25332
75,282,25333
62,272,25334
42,251,25335
26,224,25336
13,180,25337
14,125,25338
20,101,25339
38,64,25340
58,40,25341
62,36,25342
93,16,25343
137,5,25344
168,8,25345
185,13,25346
231,44,25347
135,159,25348
134,157,25349
136,153,25350
139,151,25351
143,151,25352
144,151,25353
147,152,25354
150,156,25355
152,159,25356
153,164,25357
152,171,25358
151,174,25359
149,178,25360
144,183,25361
140,185,25362
138,186,25363
128,186,25364
122,183,25365
121,183,25366
111,169,25367
109,163,25368
108,159,25369
108,153,25370
110,143,25371
116,132,25372
120,127,25373
128,121,25374
139,118,25375
141,118,25376
155,121,25377
164,126,25378
170,132,25379
177,145,25380
178,147,25381
181,164,25382
179,182,25383
178,186,25384
166,205,25385
165,206,25386
153,215,25387
130,219,25388
132,220,25389
118,217,25390
100,206,25391
96,202,25392
88,190,25393
80,163,25394
80,150,25395
81,140,25396
85,126,25397
99,104,25398
113,93,25399
116,91,25400
133,85,25401
148,85,25402
159,87,25403
179,98,25404
196,117,25405
200,123,25406
208,147,25407
210,165,25408
205,196,25409
193,220,25410
186,229,25411
171,242,25412
156,249,25413
145,252,25414
128,253,25415
102,246,25416
84,234,25417
73,222,25418
61,202,25419
54,182,25420
51,158,25421
53,132,25422
63,103,25423
81,78,25424
86,73,25425
125,53,25426
151,52,25427
167,55,25428
183,62,25429
201,75,25430
213,88,25431
226,110,25432
237,146,25433
238,173,25434
234,201,25435
225,225,25436
210,248,25437
180,274,25438
155,284,25439
160,283,25440
116,285,25441
96,279,25442
70,263,25443
52,245,25444
33,212,25445
26,189,25446
22,156,25447
30,107,25448
44,76,25449
60,55,25450
74,42,25451
109,23,25452
137,18,25453
164,20,25454
181,25,25455
212,43,25456
244,80,25457
258,110,25458
263,128,25459
266,185,25460
264,200,25461
252,237,25462
218,285,25463
202,298,25464
167,315,25465
130,320,25466
141,160,25467
142,161,25468
143,164,25469
142,168,25470
141,170,25471
139,172,25472
136,174,25473
131,174,25474
128,173,25475
124,170,25476
123,169,25477
120,161,25478
119,153,25479
119,152,25480
122,143,25481
124,140,25482
126,137,25483
132,133,25484
145,131,25485
149,132,25486
157,136,25487
158,137,25488
163,142,25489
169,155,25490
170,168,25491
169,176,25492
167,182,25493
162,192,25494
152,201,25495
147,204,25496
142,206,25497
130,207,25498
117,203,25499
107,196,25500
99,186,25501
94,176,25502
92,170,25503
91,149,25504
91,148,25505
95,132,25506
107,113,25507
115,106,25508
122,102,25509
135,98,25510
143,97,25511
168,105,25512
177,112,25513
187,124,25514
191,131,25515
197,148,25516
199,164,25517
196,187,25518
191,201,25519
188,207,25520
174,224,25521
157,235,25522
139,240,25523
117,238,25524
112,237,25525
86,219,25526
77,208,25527
71,197,25528
65,180,25529
62,158,25530
64,133,25531
71,113,25532
79,99,25533
93,83,25534
125,66,25535
124,66,25536
159,66,25537
177,73,25538
194,85,25539
206,98,25540
221,127,25541
227,155,25542
227,176,25543
226,185,25544
217,215,25545
195,247,25546
185,256,25547
155,271,25548
135,274,25549
111,271,25550
90,262,25551
72,249,25552
60,236,25553
39,195,25554
34,171,25555
34,141,25556
40,112,25557
52,85,25558
53,83,25559
81,52,25560
110,36,25561
134,31,25562
153,31,25563
192,44,25564
201,50,25565
231,81,25566
246,110,25567
255,146,25568
256,169,25569
254,193,25570
241,234,25571
211,275,25572
198,286,25573
159,304,25574
142,307,25575
100,302,25576
84,296,25577
46,267,25578
33,251,25579
21,230,25580
6,178,25581
6,132,25582
8,120,25583
24,74,25584
62,27,25585
136,163,25586
134,164,25587
131,162,25588
130,159,25589
129,155,25590
130,152,25591
132,148,25592
135,145,25593
138,144,25594
140,143,25595
146,144,25596
149,145,25597
153,148,25598
157,155,25599
158,156,25600
159,168,25601
159,172,25602
155,181,25603
153,184,25604
147,190,25605
143,192,25606
137,194,25607
129,194,25608
116,188,25609
110,182,25610
108,179,25611
103,167,25612
102,163,25613
102,147,25614
105,137,25615
111,126,25616
118,119,25617
128,113,25618
134,111,25619
141,110,25620
154,112,25621
161,115,25622
174,126,25623
183,141,25624
187,155,25625
187,173,25626
187,177,25627
184,188,25628
173,208,25629
165,216,25630
156,222,25631
145,226,25632
121,226,25633
114,224,25634
99,215,25635
85,199,25636
80,189,25637
74,170,25638
73,149,25639
76,132,25640
82,116,25641
86,109,25642
105,89,25643
111,85,25644
129,78,25645
148,77,25646
165,81,25647
186,94,25648
194,102,25649
206,120,25650
214,143,25651
216,175,25652
216,177,25653
205,214,25654
193,232,25655
183,242,25656
157,257,25657
136,261,25658
130,261,25659
97,252,25660
81,241,25661
71,231,25662
59,214,25663
45,170,25664
45,143,25665
45,140,25666
51,114,25667
65,86,25668
92,59,25669
104,52,25670
125,45,25671
153,44,25672
191,58,25673
213,77,25674
214,78,25675
233,108,25676
244,147,25677
245,158,25678
238,211,25679
237,214,25680
222,244,25681
200,269,25682
183,281,25683
150,293,25684
116,293,25685
79,279,25686
69,272,25687
46,249,25688
25,210,25689
16,168,25690
16,143,25691
25,100,25692
36,76,25693
40,69,25694
67,38,25695
100,18,25696
134,10,25697
150,10,25698
176,15,25699
214,35,25700
248,73,25701
264,107,25702
270,128,25703
273,183,25704
137,157,25705
139,155,25706
142,155,25707
144,155,25708
146,158,25709
148,162,25710
149,164,25711
149,167,25712
148,171,25713
143,178,25714
140,180,25715
137,181,25716
134,182,25717
126,180,25718
119,174,25719
120,176,25720
116,171,25721
113,160,25722
112,155,25723
113,148,25724
117,138,25725
122,131,25726
123,130,25727
131,125,25728
140,123,25729
153,125,25730
161,130,25731
164,132,25732
172,144,25733
175,152,25734
177,162,25735
177,168,25736
171,190,25737
167,197,25738
160,204,25739
150,211,25740
149,212,25741
132,215,25742
124,214,25743
109,207,25744
94,191,25745
93,190,25746
85,168,25747
84,151,25748
86,137,25749
91,123,25750
96,115,25751
109,101,25752
117,96,25753
125,92,25754
154,91,25755
155,91,25756
177,102,25757
185,109,25758
194,122,25759
204,150,25760
205,155,25761
205,176,25762
197,205,25763
186,222,25764
181,228,25765
153,245,25766
138,248,25767
116,246,25768
105,242,25769
90,233,25770
72,213,25771
63,196,25772
57,176,25773
55,160,25774
57,135,25775
70,100,25776
71,98,25777
93,73,25778
117,60,25779
138,56,25780
143,56,25781
172,62,25782
190,72,25783
215,99,25784
223,113,25785
231,137,25786
234,172,25787
230,199,25788
228,206,25789
206,246,25790
182,267,25791
162,277,25792
144,281,25793
122,281,25794
107,278,25795
76,262,25796
66,254,25797
41,219,25798
28,176,25799
27,142,25800
33,111,25801
35,105,25802
50,75,25803
83,41,25804
113,27,25805
125,24,25806
164,25,25807
172,27,25808
207,45,25809
231,69,25810
253,109,25811
262,148,25812
263,170,25813
260,197,25814
252,226,25815
231,264,25816
197,296,25817
185,303,25818
149,314,25819
117,314,25820
74,299,25821
55,286,25822
37,268,25823
139,161,25824
140,164,25825
138,168,25826
137,169,25827
131,169,25828
129,168,25829
128,168,25830
124,162,25831
123,158,25832
123,156,25833
123,152,25834
127,143,25835
128,142,25836
135,137,25837
139,136,25838
141,135,25839
147,136,25840
156,141,25841
159,144,25842
163,152,25843
166,162,25844
166,168,25845
165,176,25846
161,185,25847
153,194,25848
150,197,25849
144,200,25850
137,202,25851
122,200,25852
116,197,25853
111,194,25854
104,186,25855
96,167,25856
95,160,25857
96,144,25858
99,133,25859
101,128,25860
116,111,25861
119,109,25862
130,104,25863
147,103,25864
151,103,25865
171,113,25866
175,116,25867
189,137,25868
191,143,25869
194,155,25870
193,181,25871
189,195,25872
184,205,25873
173,219,25874
156,230,25875
146,234,25876
134,236,25877
109,230,25878
96,222,25879
85,211,25880
75,195,25881
72,189,25882
66,158,25883
67,141,25884
74,117,25885
84,100,25886
93,89,25887
104,80,25888
130,70,25889
159,71,25890
168,74,25891
188,86,25892
192,89,25893
214,121,25894
222,149,25895
223,171,25896
219,197,25897
213,214,25898
207,225,25899
192,244,25900
177,256,25901
145,268,25902
122,268,25903
100,262,25904
83,252,25905
73,244,25906
50,212,25907
38,165,25908
38,170,25909
44,114,25910
45,110,25911
65,74,25912
81,58,25913
113,40,25914
120,38,25915
140,35,25916
171,40,25917
194,51,25918
220,74,25919
235,96,25920
245,120,25921
252,170,25922
249,196,25923
231,243,25924
233,240,25925
213,267,25926
166,297,25927
142,302,25928
127,302,25929
103,298,25930
55,270,25931
54,269,25932
18,211,25933
11,184,25934
10,135,25935
16,105,25936
25,81,25937
46,49,25938
54,40,25939
86,16,25940
126,3,25941
146,2,25942
135,161,25943
133,159,25944
133,154,25945
135,151,25946
137,149,25947
140,148,25948
142,147,25949
145,148,25950
148,150,25951
151,152,25952
154,158,25953
155,167,25954
156,165,25955
153,176,25956
151,180,25957
144,186,25958
144,187,25959
136,189,25960
128,189,25961
120,185,25962
115,181,25963
111,176,25964
109,172,25965
106,162,25966
106,151,25967
107,144,25968
113,131,25969
115,128,25970
128,118,25971
131,117,25972
140,115,25973
152,116,25974
164,123,25975
169,127,25976
178,140,25977
180,145,25978
184,163,25979
182,180,25980
179,190,25981
171,203,25982
161,213,25983
153,218,25984
145,221,25985
133,223,25986
114,219,25987
107,215,25988
97,207,25989
86,192,25990
82,183,25991
77,161,25992
78,143,25993
85,120,25994
90,111,25995
103,96,25996
112,90,25997
136,82,25998
149,82,25999
161,85,26000
170,88,26001
188,102,26002
204,126,26003
210,144,26004
212,170,26005
212,174,26006
208,196,26007
199,216,26008
186,233,26009
162,250,26010
137,256,26011
127,256,26012
104,250,26013
96,246,26014
78,232,26015
60,207,26016
53,188,26017
48,155,26018
53,122,26019
55,115,26020
70,87,26021
92,65,26022
111,54,26023
117,52,26024
145,48,26025
180,57,26026
198,69,26027
206,76,26028
232,117,26029
239,142,26030
241,161,26031
238,194,26032
231,218,26033
213,249,26034
198,265,26035
182,276,26036
155,287,26037
117,288,26038
85,277,26039
83,276,26040
51,248,26041
31,214,26042
25,196,26043
20,164,26044
24,118,26045
28,104,26046
38,81,26047
60,51,26048
90,28,26049
112,19,26050
165,17,26051
196,29,26052
219,45,26053
226,52,26054
259,105,26055
268,141,26056
268,140,26057
268,190,26058
250,247,26059
237,268,26060
213,293,26061
138,159,26062
141,158,26063
143,159,26064
145,164,26065
145,166,26066
144,170,26067
142,173,26068
138,176,26069
135,177,26070
131,177,26071
128,176,26072
123,173,26073
119,167,26074
117,161,26075
117,152,26076
117,149,26077
118,145,26078
124,136,26079
127,133,26080
134,129,26081
140,128,26082
142,127,26083
153,130,26084
159,134,26085
166,142,26086
171,153,26087
172,160,26088
173,164,26089
171,179,26090
165,192,26091
162,196,26092
153,204,26093
141,209,26094
134,210,26095
121,208,26096
111,203,26097
101,194,26098
97,188,26099
91,175,26100
88,159,26101
89,146,26102
92,132,26103
98,120,26104
103,113,26105
116,102,26106
126,97,26107
150,95,26108
163,99,26109
172,104,26110
183,114,26111
193,129,26112
199,146,26113
201,160,26114
200,183,26115
193,203,26116
189,210,26117
182,220,26118
162,236,26119
146,242,26120
127,243,26121
120,242,26122
89,226,26123
76,211,26124
69,199,26125
62,179,26126
60,168,26127
60,144,26128
66,118,26129
72,105,26130
97,76,26131
100,74,26132
121,64,26133
145,61,26134
174,68,26135
195,82,26136
202,89,26137
222,122,26138
226,134,26139
230,161,26140
226,196,26141
219,217,26142
213,229,26143
183,261,26144
171,268,26145
158,273,26146
120,276,26147
95,268,26148
81,260,26149
64,245,26150
51,228,26151
38,201,26152
31,147,26153
34,123,26154
43,97,26155
59,70,26156
79,50,26157
94,40,26158
124,29,26159
152,28,26160
175,33,26161
199,45,26162
221,64,26163
235,82,26164
253,123,26165
259,166,26166
252,212,26167
251,216,26168
238,245,26169
210,280,26170
184,298,26171
160,307,26172
125,310,26173
78,296,26174
55,280,26175
30,251,26176
21,236,26177
7,198,26178
2,149,26179
4,129,26180
138,163,26181
136,165,26182
134,166,26183
130,164,26184
128,160,26185
127,157,26186
127,153,26187
127,152,26188
130,146,26189
135,142,26190
136,141,26191
142,140,26192
145,140,26193
152,144,26194
154,145,26195
160,155,26196
160,154,26197
162,167,26198
161,173,26199
160,177,26200
156,185,26201
149,192,26202
142,196,26203
135,197,26204
129,197,26205
118,193,26206
113,189,26207
105,180,26208
101,169,26209
99,159,26210
99,151,26211
101,140,26212
109,125,26213
108,125,26214
128,110,26215
130,109,26216
139,107,26217
157,110,26218
160,111,26219
175,123,26220
180,130,26221
187,144,26222
190,161,26223
189,180,26224
187,188,26225
179,205,26226
174,211,26227
158,224,26228
149,228,26229
134,231,26230
117,228,26231
101,220,26232
90,210,26233
87,207,26234
75,184,26235
71,165,26236
71,143,26237
75,126,26238
86,104,26239
98,91,26240
112,81,26241
125,76,26242
147,74,26243
172,81,26244
187,91,26245
195,99,26246
204,111,26247
216,140,26248
219,161,26249
217,188,26250
211,207,26251
201,226,26252
186,243,26253
163,258,26254
158,260,26255
129,264,26256
112,261,26257
91,252,26258
71,235,26259
52,205,26260
46,189,26261
42,147,26262
43,135,26263
56,96,26264
66,80,26265
87,59,26266
114,45,26267
116,44,26268
155,41,26269
171,45,26270
204,64,26271
225,88,26272
234,103,26273
243,129,26274
246,142,26275
247,180,26276
239,216,26277
222,249,26278
202,271,26279
176,288,26280
142,297,26281
122,297,26282
90,288,26283
68,275,26284
40,245,26285
32,232,26286
21,207,26287
13,149,26288
13,147,26289
20,107,26290
35,72,26291
66,35,26292
85,22,26293
114,10,26294
148,7,26295
182,14,26296
217,34,26297
236,52,26298
262,94,26299
136,159,26300
136,155,26301
139,153,26302
140,152,26303
145,153,26304
148,156,26305
148,155,26306
151,161,26307
151,168,26308
150,172,26309
149,175,26310
146,179,26311
144,181,26312
138,184,26313
130,184,26314
125,183,26315
121,181,26316
115,174,26317
114,173,26318
110,159,26319
110,158,26320
111,145,26321
113,139,26322
114,137,26323
126,125,26324
131,122,26325
144,120,26326
151,121,26327
156,123,26328
168,133,26329
170,135,26330
174,141,26331
179,160,26332
179,173,26333
175,188,26334
172,194,26335
165,204,26336
154,212,26337
148,215,26338
134,218,26339
119,215,26340
105,208,26341
94,196,26342
92,194,26343
83,172,26344
82,167,26345
82,143,26346
84,135,26347
94,113,26348
102,103,26349
114,94,26350
136,87,26351
132,87,26352
151,87,26353
179,100,26354
188,109,26355
194,117,26356
205,142,26357
208,157,26358
206,186,26359
201,202,26360
199,207,26361
174,237,26362
172,239,26363
147,250,26364
138,251,26365
107,246,26366
97,241,26367
77,224,26368
66,209,26369
59,193,26370
53,148,26371
53,145,26372
59,117,26373
66,101,26374
90,72,26375
100,65,26376
114,58,26377
140,53,26378
169,58,26379
188,67,26380
208,85,26381
216,95,26382
232,130,26383
235,144,26384
236,181,26385
226,218,26386
215,239,26387
208,248,26388
167,278,26389
159,281,26390
133,285,26391
106,281,26392
78,267,26393
53,243,26394
35,212,26395
28,191,26396
24,163,26397
27,124,26398
30,112,26399
54,65,26400
74,44,26401
78,41,26402
109,25,26403
153,20,26404
185,29,26405
214,47,26406
212,45,26407
252,99,26408
261,127,26409
264,143,26410
265,179,26411
251,235,26412
247,244,26413
212,288,26414
199,298,26415
160,315,26416
138,318,26417
102,314,26418
141,161,26419
142,164,26420
142,165,26421
139,170,26422
138,171,26423
134,172,26424
133,173,26425
127,170,26426
125,169,26427
122,164,26428
121,160,26429
121,151,26430
121,150,26431
123,144,26432
126,140,26433
131,136,26434
136,133,26435
142,132,26436
147,133,26437
156,138,26438
162,144,26439
163,145,26440
168,158,26441
169,165,26442
166,180,26443
165,183,26444
157,195,26445
155,197,26446
141,204,26447
131,205,26448
129,205,26449
116,201,26450
112,198,26451
98,181,26452
96,176,26453
93,165,26454
92,152,26455
96,134,26456
98,129,26457
105,118,26458
117,107,26459
134,100,26460
143,99,26461
160,103,26462
165,105,26463
181,119,26464
188,129,26465
195,147,26466
197,160,26467
196,180,26468
191,197,26469
180,215,26470
182,213,26471
167,228,26472
139,238,26473
126,238,26474
111,234,26475
101,229,26476
86,217,26477
76,203,26478
69,188,26479
64,164,26480
64,147,26481
67,129,26482
73,112,26483
96,83,26484
111,73,26485
128,67,26486
146,66,26487
164,69,26488
177,75,26489
202,96,26490
211,109,26491
223,139,26492
225,151,26493
226,165,26494
217,211,26495
205,233,26496
201,238,26497
163,266,26498
146,271,26499
120,271,26500
104,267,26501
95,263,26502
61,234,26503
45,207,26504
37,179,26505
36,174,26506
38,125,26507
47,99,26508
60,76,26509
73,61,26510
82,53,26511
110,38,26512
154,33,26513
164,35,26514
206,56,26515
213,62,26516
239,98,26517
250,128,26518
253,145,26519
254,179,26520
240,232,26521
230,250,26522
212,272,26523
183,293,26524
172,298,26525
116,304,26526
110,303,26527
79,291,26528
54,273,26529
22,228,26530
15,211,26531
6,159,26532
8,129,26533
14,103,26534
27,72,26535
53,37,26536
90,11,26537
134,162,26538
133,162,26539
131,158,26540
131,155,26541
131,152,26542
133,150,26543
134,148,26544
139,145,26545
141,145,26546
145,145,26547
150,148,26548
155,154,26549
156,156,26550
157,158,26551
158,165,26552
155,177,26553
154,181,26554
146,188,26555
147,188,26556
136,192,26557
130,192,26558
126,192,26559
116,186,26560
114,184,26561
107,174,26562
104,165,26563
103,156,26564
104,144,26565
107,136,26566
115,124,26567
122,118,26568
133,113,26569
141,112,26570
154,114,26571
159,116,26572
170,124,26573
178,134,26574
184,149,26575
185,153,26576
185,178,26577
182,188,26578
180,194,26579
174,204,26580
165,214,26581
145,224,26582
131,226,26583
121,224,26584
110,220,26585
95,209,26586
92,206,26587
77,176,26588
75,163,26589
75,145,26590
78,130,26591
83,118,26592
97,98,26593
101,94,26594
125,81,26595
133,79,26596
159,81,26597
175,88,26598
190,100,26599
198,110,26600
210,134,26601
214,151,26602
215,165,26603
212,190,26604
197,224,26605
186,237,26606
169,250,26607
146,258,26608
130,259,26609
119,258,26610
99,251,26611
78,236,26612
61,214,26613
52,194,26614
46,165,26615
46,148,26616
55,109,26617
62,94,26618
70,82,26619
88,64,26620
120,48,26621
143,45,26622
160,47,26623
189,59,26624
210,76,26625
223,93,26626
240,134,26627
242,145,26628
242,187,26629
234,218,26630
225,236,26631
208,259,26632
181,280,26633
155,290,26634
133,293,26635
115,291,26636
81,278,26637
49,250,26638
43,242,26639
27,211,26640
17,156,26641
17,154,26642
30,92,26643
35,81,26644
59,48,26645
91,24,26646
108,17,26647
151,12,26648
165,14,26649
211,35,26650
230,52,26651
242,67,26652
265,115,26653
272,157,26654
272,176,26655
264,219,26656
137,159,26657
140,156,26658
144,157,26659
145,158,26660
147,163,26661
147,164,26662
147,169,26663
146,172,26664
142,177,26665
140,178,26666
134,180,26667
132,180,26668
124,177,26669
120,173,26670
118,170,26671
116,167,26672
114,159,26673
114,153,26674
116,144,26675
120,136,26676
125,131,26677
131,127,26678
133,126,26679
145,125,26680
153,127,26681
161,132,26682
164,135,26683
170,143,26684
175,160,26685
175,170,26686
174,178,26687
169,191,26688
161,201,26689
157,205,26690
140,212,26691
135,213,26692
129,213,26693
112,207,26694
101,198,26695
95,190,26696
88,173,26697
86,165,26698
86,147,26699
90,130,26700
92,125,26701
98,115,26702
115,99,26703
126,94,26704
133,92,26705
151,92,26706
171,100,26707
180,107,26708
191,120,26709
198,133,26710
203,154,26711
204,165,26712
201,189,26713
195,205,26714
177,229,26715
171,234,26716
159,241,26717
138,246,26718
120,245,26719
103,239,26720
87,228,26721
67,201,26722
64,194,26723
57,163,26724
57,148,26725
63,118,26726
67,109,26727
88,80,26728
106,67,26729
120,61,26730
146,58,26731
156,59,26732
180,68,26733
197,80,26734
221,113,26735
225,123,26736
232,153,26737
232,179,26738
227,204,26739
218,225,26740
194,256,26741
179,267,26742
161,275,26743
130,280,26744
104,275,26745
79,262,26746
69,254,26747
49,230,26748
43,220,26749
29,172,26750
28,156,26751
32,121,26752
46,85,26753
62,62,26754
88,40,26755
112,29,26756
152,25,26757
160,26,26758
191,37,26759
229,69,26760
238,82,26761
250,106,26762
261,155,26763
258,199,26764
254,215,26765
240,247,26766
211,283,26767
198,293,26768
156,311,26769
124,313,26770
110,311,26771
58,286,26772
43,272,26773
26,250,26774
9,214,26775
139,164,26776
138,166,26777
136,167,26778
133,168,26779
129,166,26780
127,164,26781
126,163,26782
124,158,26783
125,151,26784
127,147,26785
128,144,26786
133,140,26787
137,138,26788
142,137,26789
146,138,26790
152,140,26791
156,143,26792
162,153,26793
163,155,26794
164,169,26795
164,173,26796
162,179,26797
161,182,26798
154,192,26799
140,199,26800
142,199,26801
126,199,26802
127,200,26803
111,191,26804
103,181,26805
102,180,26806
97,165,26807
97,148,26808
97,146,26809
103,129,26810
106,124,26811
110,118,26812
125,108,26813
141,104,26814
150,105,26815
169,114,26816
170,114,26817
185,133,26818
189,141,26819
192,154,26820
193,163,26821
188,193,26822
184,201,26823
170,219,26824
167,222,26825
155,229,26826
138,233,26827
116,231,26828
106,227,26829
93,217,26830
79,199,26831
71,180,26832
68,163,26833
68,144,26834
75,119,26835
78,112,26836
85,101,26837
107,81,26838
124,73,26839
137,71,26840
156,72,26841
176,80,26842
189,89,26843
204,106,26844
216,130,26845
220,147,26846
220,185,26847
217,198,26848
211,214,26849
198,235,26850
181,251,26851
163,261,26852
137,267,26853
120,266,26854
85,251,26855
67,235,26856
57,221,26857
47,201,26858
40,172,26859
39,154,26860
46,112,26861
57,89,26862
68,73,26863
92,52,26864
125,39,26865
141,37,26866
168,41,26867
175,43,26868
207,63,26869
230,91,26870
246,130,26871
250,155,26872
250,177,26873
248,193,26874
232,238,26875
214,263,26876
203,274,26877
156,298,26878
123,300,26879
106,297,26880
80,286,26881
59,271,26882
40,250,26883
23,220,26884
11,170,26885
11,138,26886
16,111,26887
32,72,26888
53,43,26889
78,23,26890
115,7,26891
137,4,26892
177,9,26893
190,14,26894
134,159,26895
134,158,26896
135,153,26897
136,152,26898
139,150,26899
143,150,26900
143,149,26901
148,152,26902
152,157,26903
153,159,26904
154,166,26905
153,171,26906
152,175,26907
147,182,26908
146,183,26909
137,187,26910
135,188,26911
128,187,26912
121,184,26913
115,178,26914
111,172,26915
109,168,26916
107,159,26917
107,154,26918
112,136,26919
116,130,26920
118,127,26921
126,121,26922
138,117,26923
143,117,26924
154,119,26925
159,121,26926
171,132,26927
179,147,26928
180,151,26929
182,168,26930
182,173,26931
175,194,26932
172,199,26933
157,214,26934
144,219,26935
134,221,26936
125,220,26937
109,214,26938
99,207,26939
94,201,26940
86,188,26941
80,170,26942
79,148,26943
81,135,26944
85,124,26945
97,105,26946
105,97,26947
113,91,26948
148,84,26949
159,86,26950
172,92,26951
182,99,26952
195,113,26953
204,130,26954
209,147,26955
210,179,26956
203,204,26957
195,219,26958
186,231,26959
179,237,26960
146,253,26961
138,254,26962
119,253,26963
94,243,26964
84,235,26965
64,210,26966
58,198,26967
53,182,26968
50,151,26969
51,138,26970
70,90,26971
81,76,26972
107,58,26973
115,55,26974
147,50,26975
164,53,26976
182,60,26977
197,70,26978
216,91,26979
230,116,26980
238,147,26981
238,186,26982
237,192,26983
222,232,26984
211,249,26985
195,265,26986
160,284,26987
145,287,26988
107,284,26989
79,271,26990
69,264,26991
47,240,26992
32,212,26993
22,171,26994
22,141,26995
23,131,26996
35,91,26997
48,68,26998
71,43,26999
112,21,27000
125,18,27001
176,22,27002
198,32,27003
231,60,27004
247,83,27005
259,110,27006
267,146,27007
268,173,27008
259,222,27009
248,247,27010
231,273,27011
201,300,27012
173,314,27013
139,159,27014
142,160,27015
144,164,27016
144,165,27017
142,170,27018
139,173,27019
137,175,27020
135,175,27021
130,175,27022
128,174,27023
122,169,27024
120,165,27025
119,163,27026
118,157,27027
119,148,27028
121,143,27029
122,140,27030
132,132,27031
137,130,27032
144,130,27033
147,130,27034
155,133,27035
161,138,27036
168,149,27037
170,156,27038
171,163,27039
170,176,27040
169,181,27041
162,193,27042
159,197,27043
153,202,27044
138,208,27045
132,208,27046
113,202,27047
110,200,27048
99,188,27049
98,187,27050
90,163,27051
90,149,27052
90,147,27053
95,130,27054
99,121,27055
118,103,27056
119,102,27057
140,96,27058
151,97,27059
170,105,27060
173,107,27061
190,127,27062
194,135,27063
199,154,27064
199,177,27065
198,183,27066
192,202,27067
183,216,27068
172,227,27069
158,236,27070
128,241,27071
122,241,27072
110,237,27073
87,222,27074
78,211,27075
66,187,27076
62,170,27077
61,160,27078
67,120,27079
74,105,27080
88,86,27081
99,77,27082
117,67,27083
147,63,27084
155,64,27085
183,75,27086
197,86,27087
207,98,27088
221,124,27089
228,155,27090
228,178,27091
221,208,27092
216,219,27093
209,232,27094
180,261,27095
173,265,27096
136,275,27097
105,270,27098
99,268,27099
62,240,27100
61,239,27101
42,207,27102
34,177,27103
32,155,27104
35,127,27105
40,108,27106
62,69,27107
89,45,27108
102,38,27109
124,31,27110
169,33,27111
200,48,27112
207,53,27113
228,75,27114
240,94,27115
254,134,27116
257,160,27117
249,217,27118
233,250,27119
213,275,27120
187,294,27121
182,297,27122
140,308,27123
109,306,27124
73,291,27125
51,274,27126
28,245,27127
21,232,27128
4,168,27129
4,143,27130
9,111,27131
32,59,27132
136,164,27133
133,164,27134
132,164,27135
130,161,27136
129,159,27137
129,153,27138
129,151,27139
132,146,27140
133,145,27141
139,142,27142
141,142,27143
149,144,27144
150,144,27145
156,151,27146
158,154,27147
160,161,27148
161,166,27149
159,175,27150
155,183,27151
153,186,27152
146,192,27153
138,195,27154
133,196,27155
119,191,27156
115,189,27157
113,187,27158
105,176,27159
103,171,27160
101,150,27161
101,148,27162
105,134,27163
111,124,27164
120,116,27165
121,115,27166
141,109,27167
144,109,27168
152,110,27169
171,121,27170
179,131,27171
184,141,27172
188,158,27173
189,164,27174
188,176,27175
181,198,27176
172,211,27177
160,221,27178
158,222,27179
140,228,27180
123,228,27181
111,224,27182
101,218,27183
86,202,27184
77,185,27185
75,180,27186
72,157,27187
73,140,27188
80,118,27189
95,96,27190
97,94,27191
114,82,27192
135,76,27193
160,78,27194
170,82,27195
191,97,27196
200,108,27197
208,122,27198
217,156,27199
217,177,27200
214,193,27201
203,220,27202
199,226,27203
174,250,27204
167,254,27205
139,262,27206
115,260,27207
98,254,27208
76,238,27209
73,235,27210
50,196,27211
45,175,27212
43,157,27213
51,111,27214
52,108,27215
78,69,27216
79,68,27217
113,47,27218
130,43,27219
165,45,27220
174,48,27221
210,72,27222
225,91,27223
240,124,27224
245,145,27225
246,170,27226
242,201,27227
227,238,27228
209,262,27229
205,266,27230
180,284,27231
151,294,27232
122,295,27233
82,282,27234
58,264,27235
36,236,27236
21,201,27237
16,177,27238
15,140,27239
25,97,27240
30,85,27241
60,43,27242
77,29,27243
115,12,27244
133,9,27245
153,9,27246
192,20,27247
229,47,27248
252,78,27249
255,83,27250
269,120,27251
137,160,27252
138,154,27253
142,154,27254
141,153,27255
147,158,27256
147,157,27257
149,160,27258
150,165,27259
150,168,27260
146,176,27261
145,178,27262
138,182,27263
139,182,27264
133,183,27265
123,179,27266
123,180,27267
116,173,27268
113,166,27269
112,161,27270
111,155,27271
112,148,27272
114,141,27273
117,135,27274
124,128,27275
134,123,27276
146,122,27277
157,126,27278
158,126,27279
165,132,27280
171,140,27281
176,151,27282
178,161,27283
177,174,27284
175,184,27285
170,194,27286
162,204,27287
155,210,27288
135,216,27289
134,216,27290
118,213,27291
105,205,27292
99,200,27293
87,179,27294
86,177,27295
83,159,27296
84,141,27297
91,121,27298
94,116,27299
113,97,27300
122,92,27301
134,89,27302
151,89,27303
170,96,27304
169,95,27305
194,120,27306
201,135,27307
205,149,27308
206,176,27309
203,192,27310
196,209,27311
189,220,27312
170,238,27313
161,243,27314
146,248,27315
125,249,27316
100,241,27317
82,227,27318
80,225,27319
66,205,27320
55,171,27321
54,156,27322
56,135,27323
64,109,27324
73,93,27325
94,71,27326
114,60,27327
129,56,27328
164,58,27329
175,62,27330
208,88,27331
207,86,27332
221,107,27333
232,136,27334
235,161,27335
229,206,27336
219,229,27337
202,252,27338
183,268,27339
165,277,27340
145,282,27341
110,280,27342
81,267,27343
70,259,27344
43,225,27345
36,210,27346
26,168,27347
26,141,27348
27,133,27349
37,97,27350
50,73,27351
83,40,27352
103,29,27353
132,22,27354
165,24,27355
176,27,27356
220,55,27357
243,85,27358
251,101,27359
258,121,27360
264,167,27361
259,207,27362
247,240,27363
223,275,27364
211,287,27365
173,309,27366
150,315,27367
106,313,27368
95,310,27369
61,292,27370
140,161,27371
140,166,27372
140,167,27373
138,169,27374
132,170,27375
130,170,27376
129,170,27377
125,166,27378
124,164,27379
122,157,27380
122,154,27381
123,149,27382
125,144,27383
128,140,27384
137,135,27385
141,134,27386
147,135,27387
148,135,27388
158,141,27389
163,149,27390
164,151,27391
167,160,27392
167,168,27393
166,175,27394
160,188,27395
154,195,27396
152,197,27397
138,203,27398
131,203,27399
125,202,27400
118,200,27401
104,188,27402
101,183,27403
95,168,27404
94,153,27405
94,149,27406
98,132,27407
107,118,27408
111,114,27409
120,107,27410
137,102,27411
144,101,27412
160,105,27413
166,108,27414
182,122,27415
191,140,27416
194,150,27417
195,174,27418
193,186,27419
188,200,27420
182,210,27421
167,225,27422
155,232,27423
144,236,27424
125,236,27425
108,231,27426
91,219,27427
80,206,27428
76,200,27429
66,169,27430
65,152,27431
69,128,27432
73,117,27433
87,94,27434
91,89,27435
116,73,27436
135,68,27437
149,68,27438
177,77,27439
189,85,27440
198,94,27441
216,123,27442
219,131,27443
224,171,27444
224,176,27445
219,201,27446
196,241,27447
179,256,27448
161,265,27449
132,270,27450
129,270,27451
102,264,27452
77,249,27453
65,237,27454
44,199,27455
38,176,27456
37,145,27457
39,128,27458
53,90,27459
75,62,27460
78,59,27461
112,39,27462
118,37,27463
165,37,27464
186,45,27465
211,63,27466
227,81,27467
240,104,27468
249,131,27469
253,169,27470
251,190,27471
244,218,27472
217,264,27473
205,276,27474
179,293,27475
155,301,27476
115,302,27477
91,295,27478
59,275,27479
47,263,27480
19,217,27481
9,177,27482
8,148,27483
8,141,27484
30,70,27485
43,51,27486
71,24,27487
99,9,27488
148,1,27489
134,161,27490
133,161,27491
132,157,27492
133,153,27493
134,150,27494
136,149,27495
139,147,27496
142,146,27497
148,149,27498
148,148,27499
152,152,27500
155,159,27501
156,162,27502
156,169,27503
154,177,27504
150,182,27505
149,185,27506
143,188,27507
135,191,27508
129,190,27509
119,186,27510
116,184,27511
111,178,27512
108,172,27513
105,159,27514
105,150,27515
109,136,27516
112,130,27517
120,122,27518
124,119,27519
137,114,27520
147,114,27521
156,117,27522
162,120,27523
172,129,27524
177,136,27525
181,144,27526
184,157,27527
184,176,27528
177,196,27529
173,202,27530
163,213,27531
151,220,27532
143,223,27533
131,224,27534
114,220,27535
99,210,27536
93,204,27537
83,188,27538
78,174,27539
76,152,27540
80,130,27541
81,127,27542
88,112,27543
103,95,27544
122,84,27545
133,81,27546
149,81,27547
166,85,27548
184,97,27549
197,111,27550
201,118,27551
212,150,27552
213,161,27553
213,176,27554
208,199,27555
190,230,27556
179,241,27557
157,253,27558
155,254,27559
120,256,27560
106,252,27561
88,242,27562
68,222,27563
57,202,27564
51,185,27565
48,169,27566
50,129,27567
56,110,27568
78,76,27569
87,67,27570
116,51,27571
128,48,27572
145,47,27573
173,53,27574
192,63,27575
216,86,27576
229,107,27577
240,142,27578
242,168,27579
237,203,27580
226,231,27581
221,240,27582
193,270,27583
173,282,27584
155,288,27585
133,291,27586
88,280,27587
78,274,27588
48,246,27589
27,206,27590
25,200,27591
20,136,27592
22,122,27593
32,91,27594
45,68,27595
70,40,27596
103,21,27597
130,14,27598
151,14,27599
170,17,27600
205,33,27601
238,64,27602
256,95,27603
263,114,27604
270,149,27605
262,221,27606
260,227,27607
233,274,27608
138,158,27609
141,157,27610
144,159,27611
145,161,27612
146,165,27613
145,170,27614
144,172,27615
140,176,27616
139,177,27617
132,178,27618
131,178,27619
124,175,27620
122,173,27621
118,167,27622
116,161,27623
115,155,27624
116,149,27625
119,141,27626
124,134,27627
125,133,27628
137,127,27629
136,127,27630
147,127,27631
153,129,27632
163,136,27633
169,145,27634
170,147,27635
173,156,27636
174,166,27637
172,179,27638
168,189,27639
161,199,27640
155,204,27641
146,209,27642
135,211,27643
124,210,27644
109,203,27645
104,199,27646
94,185,27647
91,178,27648
87,156,27649
88,143,27650
91,132,27651
98,118,27652
105,109,27653
123,97,27654
133,94,27655
142,93,27656
156,95,27657
171,102,27658
187,117,27659
194,129,27660
201,150,27661
202,158,27662
200,186,27663
198,193,27664
185,218,27665
172,231,27666
166,235,27667
147,243,27668
119,243,27669
103,237,27670
91,229,27671
76,213,27672
67,197,27673
61,179,27674
59,168,27675
60,136,27676
67,113,27677
77,95,27678
94,77,27679
101,72,27680
124,62,27681
148,60,27682
167,64,27683
188,75,27684
206,92,27685
215,105,27686
229,143,27687
231,165,27688
230,182,27689
225,205,27690
205,242,27691
185,261,27692
162,273,27693
159,274,27694
132,278,27695
101,272,27696
85,264,27697
59,241,27698
49,227,27699
36,198,27700
30,166,27701
32,129,27702
45,90,27703
52,78,27704
85,44,27705
97,37,27706
130,27,27707
161,28,27708
178,33,27709
201,45,27710
235,80,27711
243,94,27712
256,131,27713
259,150,27714
257,196,27715
244,236,27716
229,261,27717
216,276,27718
173,304,27719
143,311,27720
122,311,27721
98,306,27722
62,287,27723
39,265,27724
18,232,27725
7,202,27726
1,152,27727
138,165,27728
136,166,27729
132,166,27730
131,166,27731
128,162,27732
127,160,27733
126,158,27734
126,152,27735
127,150,27736
130,145,27737
131,143,27738
138,140,27739
140,139,27740
149,141,27741
154,144,27742
157,147,27743
161,154,27744
162,159,27745
163,165,27746
162,174,27747
159,182,27748
154,189,27749
150,193,27750
145,196,27751
136,198,27752
124,197,27753
120,195,27754
113,191,27755
102,175,27756
101,173,27757
99,167,27758
98,150,27759
101,138,27760
107,125,27761
117,115,27762
118,114,27763
131,107,27764
144,106,27765
158,109,27766
165,113,27767
176,123,27768
184,134,27769
190,152,27770
191,160,27771
190,180,27772
186,194,27773
180,205,27774
172,215,27775
149,229,27776
153,228,27777
124,231,27778
107,225,27779
103,223,27780
89,211,27781
75,187,27782
71,172,27783
69,155,27784
72,133,27785
76,120,27786
83,107,27787
102,86,27788
110,81,27789
135,73,27790
150,73,27791
163,76,27792
184,87,27793
199,102,27794
204,109,27795
217,140,27796
220,159,27797
218,187,27798
207,218,27799
206,220,27800
192,239,27801
168,257,27802
139,265,27803
115,263,27804
96,256,27805
89,252,27806
68,233,27807
50,204,27808
44,185,27809
41,164,27810
43,130,27811
50,106,27812
64,81,27813
88,57,27814
99,50,27815
119,42,27816
143,39,27817
165,42,27818
189,52,27819
215,73,27820
236,106,27821
245,133,27822
248,149,27823
243,207,27824
244,204,27825
218,256,27826
211,264,27827
166,293,27828
145,298,27829
121,298,27830
87,288,27831
69,277,27832
40,247,27833
34,238,27834
14,182,27835
12,163,27836
15,123,27837
20,103,27838
43,58,27839
59,40,27840
79,24,27841
125,7,27842
165,8,27843
203,23,27844
202,22,27845
248,66,27846
136,160,27847
135,156,27848
137,153,27849
140,151,27850
142,151,27851
145,152,27852
149,155,27853
151,159,27854
152,161,27855
152,167,27856
152,169,27857
148,178,27858
146,181,27859
141,184,27860
137,185,27861
132,186,27862
127,185,27863
119,180,27864
118,180,27865
111,167,27866
110,165,27867
109,152,27868
109,149,27869
113,137,27870
120,128,27871
122,126,27872
130,121,27873
138,119,27874
151,120,27875
162,126,27876
169,132,27877
174,139,27878
176,144,27879
180,159,27880
179,178,27881
178,183,27882
176,189,27883
164,206,27884
151,215,27885
146,217,27886
122,217,27887
119,217,27888
111,213,27889
97,202,27890
93,197,27891
84,179,27892
80,156,27893
82,139,27894
84,131,27895
89,119,27896
99,105,27897
118,91,27898
133,86,27899
140,85,27900
162,89,27901
174,95,27902
185,104,27903
202,130,27904
205,137,27905
208,151,27906
209,171,27907
205,194,27908
189,224,27909
186,228,27910
160,247,27911
146,251,27912
126,252,27913
100,244,27914
98,243,27915
85,234,27916
63,205,27917
55,183,27918
52,163,27919
55,127,27920
60,111,27921
71,91,27922
85,75,27923
111,58,27924
120,55,27925
142,52,27926
165,55,27927
185,64,27928
207,82,27929
222,103,27930
233,131,27931
238,164,27932
233,201,27933
233,202,27934
214,242,27935
202,256,27936
182,272,27937
146,285,27938
128,286,27939
110,283,27940
76,267,27941
54,246,27942
42,229,27943
28,195,27944
23,162,27945
24,136,27946
37,91,27947
50,68,27948
59,57,27949
96,29,27950
108,24,27951
159,20,27952
186,28,27953
211,43,27954
232,64,27955
242,78,27956
261,122,27957
266,155,27958
265,189,27959
260,214,27960
237,262,27961
224,278,27962
181,309,27963
156,317,27964
116,318,27965
138,160,27966
142,162,27967
142,167,27968
140,170,27969
138,172,27970
136,173,27971
133,174,27972
130,173,27973
125,170,27974
124,169,27975
121,164,27976
120,158,27977
119,156,27978
121,146,27979
125,140,27980
129,136,27981
131,134,27982
137,132,27983
142,131,27984
154,135,27985
157,137,27986
162,142,27987
166,148,27988
169,158,27989
169,171,27990
169,173,27991
164,187,27992
164,188,27993
149,202,27994
142,205,27995
137,206,27996
127,206,27997
115,201,27998
105,193,27999
101,188,28000
96,179,28001
91,160,28002
91,155,28003
93,140,28004
98,127,28005
107,114,28006
118,105,28007
129,100,28008
141,98,28009
147,98,28010
171,108,28011
176,112,28012
192,135,28013
196,147,28014
197,151,28015
198,171,28016
191,199,28017
186,209,28018
182,215,28019
160,233,28020
150,237,28021
133,240,28022
106,233,28023
98,229,28024
85,217,28025
72,198,28026
67,185,28027
63,149,28028
64,138,28029
71,114,28030
77,103,28031
93,84,28032
99,79,28033
136,65,28034
132,65,28035
156,66,28036
193,85,28037
207,101,28038
213,110,28039
224,140,28040
227,163,28041
224,192,28042
219,209,28043
206,233,28044
195,246,28045
184,256,28046
152,271,28047
138,273,28048
104,268,28049
71,247,28050
66,242,28051
55,228,28052
36,180,28053
35,174,28054
39,118,28055
42,108,28056
54,83,28057
63,70,28058
98,42,28059
112,36,28060
154,32,28061
175,37,28062
187,42,28063
228,78,28064
237,92,28065
249,121,28066
255,177,28067
254,188,28068
243,228,28069
230,252,28070
195,287,28071
194,288,28072
156,304,28073
146,306,28074
99,301,28075
67,285,28076
45,265,28077
33,250,28078
10,197,28079
5,157,28080
6,138,28081
20,84,28082
31,63,28083
51,38,28084
137,162,28085
132,162,28086
131,161,28087
130,157,28088
130,153,28089
131,151,28090
132,149,28091
135,146,28092
140,144,28093
142,143,28094
147,145,28095
153,149,28096
154,150,28097
157,156,28098
159,163,28099
158,171,28100
158,174,28101
152,184,28102
151,186,28103
144,191,28104
136,193,28105
134,194,28106
124,192,28107
117,188,28108
110,181,28109
106,174,28110
103,162,28111
102,152,28112
103,145,28113
108,132,28114
111,127,28115
125,115,28116
133,112,28117
140,111,28118
155,113,28119
157,114,28120
166,119,28121
180,136,28122
182,140,28123
186,153,28124
186,176,28125
186,179,28126
181,194,28127
174,206,28128
161,218,28129
143,226,28130
132,227,28131
120,225,28132
111,222,28133
100,215,28134
84,196,28135
75,171,28136
74,164,28137
73,155,28138
81,120,28139
87,109,28140
91,103,28141
106,89,28142
133,78,28143
151,78,28144
168,83,28145
170,84,28146
193,102,28147
200,111,28148
208,126,28149
215,151,28150
213,190,28151
210,201,28152
199,223,28153
181,243,28154
165,253,28155
151,258,28156
126,260,28157
111,257,28158
90,247,28159
67,225,28160
54,202,28161
48,184,28162
45,162,28163
46,140,28164
51,116,28165
56,103,28166
72,78,28167
108,51,28168
113,49,28169
140,44,28170
176,51,28171
183,54,28172
213,78,28173
221,88,28174
235,114,28175
243,146,28176
243,189,28177
240,202,28178
222,243,28179
212,256,28180
185,279,28181
169,287,28182
132,294,28183
106,290,28184
64,267,28185
44,245,28186
30,221,28187
26,211,28188
18,181,28189
17,139,28190
30,89,28191
41,69,28192
51,55,28193
87,25,28194
132,11,28195
131,11,28196
170,14,28197
206,30,28198
234,55,28199
252,81,28200
265,112,28201
272,144,28202
270,199,28203
138,156,28204
140,155,28205
141,155,28206
145,156,28207
147,161,28208
148,164,28209
149,165,28210
148,169,28211
146,174,28212
143,177,28213
138,180,28214
132,181,28215
130,181,28216
124,178,28217
118,172,28218
117,171,28219
114,165,28220
113,157,28221
113,152,28222
115,143,28223
117,139,28224
122,132,28225
128,127,28226
138,124,28227
148,124,28228
154,126,28229
166,136,28230
164,133,28231
174,151,28232
175,154,28233
176,171,28234
176,173,28235
169,192,28236
163,201,28237
150,210,28238
146,212,28239
138,214,28240
120,212,28241
117,211,28242
106,204,28243
93,188,28244
90,183,28245
85,162,28246
85,146,28247
86,140,28248
89,129,28249
98,113,28250
109,102,28251
123,94,28252
145,90,28253
164,95,28254
177,103,28255
176,102,28256
189,115,28257
202,143,28258
204,153,28259
205,165,28260
203,185,28261
193,211,28262
175,232,28263
167,238,28264
140,247,28265
125,247,28266
119,246,28267
90,232,28268
91,233,28269
65,199,28270
58,177,28271
57,172,28272
56,145,28273
63,116,28274
80,87,28275
78,89,28276
100,69,28277
127,58,28278
137,57,28279
170,62,28280
179,66,28281
208,90,28282
222,113,28283
228,128,28284
233,155,28285
233,180,28286
223,217,28287
220,224,28288
191,260,28289
179,268,28290
147,280,28291
130,281,28292
96,273,28293
86,268,28294
54,239,28295
45,226,28296
32,193,28297
27,158,28298
29,131,28299
35,107,28300
43,88,28301
75,48,28302
80,44,28303
131,24,28304
143,23,28305
165,26,28306
188,34,28307
211,49,28308
241,85,28309
252,108,28310
260,138,28311
261,187,28312
253,221,28313
243,244,28314
217,279,28315
183,303,28316
174,307,28317
142,314,28318
85,304,28319
54,284,28320
56,286,28321
15,232,28322
140,163,28323
138,167,28324
137,168,28325
135,169,28326
133,169,28327
129,167,28328
126,165,28329
125,163,28330
124,157,28331
124,152,28332
124,150,28333
128,143,28334
132,139,28335
134,138,28336
142,136,28337
144,136,28338
154,140,28339
157,143,28340
160,146,28341
165,161,28342
165,170,28343
165,172,28344
163,180,28345
157,190,28346
152,194,28347
145,199,28348
135,201,28349
133,202,28350
117,197,28351
113,194,28352
107,189,28353
100,178,28354
96,163,28355
95,155,28356
98,138,28357
102,128,28358
107,120,28359
122,108,28360
133,104,28361
140,103,28362
159,107,28363
161,107,28364
179,122,28365
186,132,28366
188,136,28367
193,153,28368
194,164,28369
190,190,28370
185,202,28371
172,219,28372
166,224,28373
152,231,28374
131,235,28375
122,234,28376
97,222,28377
85,210,28378
80,203,28379
71,183,28380
67,166,28381
68,140,28382
69,134,28383
78,110,28384
102,83,28385
109,78,28386
120,73,28387
149,70,28388
160,72,28389
175,78,28390
186,85,28391
208,110,28392
213,120,28393
222,156,28394
222,178,28395
213,212,28396
215,208,28397
200,234,28398
166,261,28399
159,264,28400
137,268,28401
105,263,28402
97,260,28403
64,233,28404
58,225,28405
42,188,28406
38,156,28407
38,153,28408
51,98,28409
59,83,28410
65,75,28411
97,48,28412
107,43,28413
139,36,28414
173,41,28415
186,47,28416
226,83,28417
224,80,28418
245,122,28419
250,145,28420
251,176,28421
244,213,28422
227,248,28423
220,258,28424
193,283,28425
172,294,28426
153,300,28427
94,294,28428
81,288,28429
51,265,28430
27,231,28431
15,199,28432
13,191,28433
10,139,28434
15,111,28435
34,66,28436
55,40,28437
70,27,28438
114,6,28439
134,3,28440
183,10,28441
134,160,28442
133,158,28443
133,156,28444
135,152,28445
138,149,28446
141,149,28447
142,148,28448
147,150,28449
150,152,28450
152,155,28451
154,161,28452
154,170,28453
155,168,28454
152,177,28455
151,179,28456
143,186,28457
143,187,28458
134,189,28459
124,187,28460
121,185,28461
116,181,28462
110,173,28463
109,171,28464
106,154,28465
107,148,28466
109,140,28467
116,128,28468
121,123,28469
133,117,28470
139,116,28471
147,116,28472
153,117,28473
168,127,28474
173,133,28475
180,147,28476
181,150,28477
183,170,28478
182,177,28479
177,193,28480
167,207,28481
155,216,28482
142,221,28483
131,222,28484
120,220,28485
108,215,28486
99,208,28487
88,194,28488
81,178,28489
78,163,28490
77,155,28491
81,132,28492
91,111,28493
101,99,28494
105,95,28495
122,86,28496
132,83,28497
159,85,28498
167,88,28499
178,94,28500
201,121,28501
205,130,28502
211,154,28503
211,176,28504
209,189,28505
199,215,28506
186,232,28507
162,249,28508
148,254,28509
139,255,28510
118,254,28511
87,239,28512
80,233,28513
62,209,28514
54,190,28515
49,159,28516
50,139,28517
57,112,28518
64,97,28519
80,76,28520
107,57,28521
106,57,28522
138,49,28523
162,51,28524
189,63,28525
216,89,28526
225,103,28527
235,128,28528
237,135,28529
240,177,28530
230,218,28531
218,241,28532
200,262,28533
188,272,28534
151,287,28535
131,289,28536
93,280,28537
75,270,28538
56,253,28539
42,234,28540
29,207,28541
21,169,28542
22,131,28543
24,121,28544
41,77,28545
66,46,28546
83,33,28547
105,22,28548
131,16,28549
166,18,28550
209,38,28551
229,56,28552
240,70,28553
258,104,28554
267,138,28555
267,193,28556
255,235,28557
241,261,28558
226,280,28559
198,303,28560
140,158,28561
142,159,28562
144,162,28563
145,165,28564
144,168,28565
142,172,28566
140,174,28567
139,175,28568
131,176,28569
130,176,28570
127,175,28571
123,172,28572
119,165,28573
117,159,28574
117,155,28575
118,148,28576
119,144,28577
126,135,28578
128,133,28579
137,129,28580
147,129,28581
145,128,28582
158,134,28583
163,139,28584
169,149,28585
170,152,28586
172,164,28587
172,172,28588
169,183,28589
161,196,28590
156,201,28591
148,206,28592
136,209,28593
124,208,28594
114,204,28595
106,198,28596
100,192,28597
95,183,28598
90,169,28599
89,149,28600
94,130,28601
98,121,28602
108,109,28603
111,106,28604
121,100,28605
132,96,28606
155,97,28607
169,103,28608
172,105,28609
184,116,28610
197,141,28611
199,149,28612
201,166,28613
197,192,28614
187,212,28615
176,225,28616
173,228,28617
151,240,28618
132,243,28619
124,242,28620
103,235,28621
83,219,28622
79,214,28623
67,193,28624
60,160,28625
60,152,28626
66,120,28627
75,101,28628
85,88,28629
104,72,28630
120,65,28631
147,62,28632
157,63,28633
180,72,28634
195,83,28635
207,96,28636
221,121,28637
227,141,28638
229,176,28639
218,217,28640
217,220,28641
202,243,28642
186,258,28643
162,271,28644
136,276,28645
114,274,28646
84,261,28647
63,243,28648
58,237,28649
41,207,28650
35,188,28651
32,139,28652
37,114,28653
47,90,28654
74,55,28655
97,39,28656
119,31,28657
145,28,28658
178,35,28659
196,44,28660
212,56,28661
230,76,28662
245,102,28663
258,160,28664
258,172,28665
248,222,28666
235,249,28667
225,263,28668
199,288,28669
173,302,28670
152,308,28671
114,308,28672
74,293,28673
55,279,28674
35,257,28675
11,210,28676
3,168,28677
3,142,28678
9,108,28679
138,162,28680
135,165,28681
133,165,28682
129,161,28683
128,159,28684
128,154,28685
127,155,28686
128,151,28687
133,144,28688
137,142,28689
139,141,28690
142,141,28691
150,143,28692
155,148,28693
157,150,28694
159,154,28695
161,160,28696
161,169,28697
158,180,28698
157,182,28699
152,189,28700
146,193,28701
140,196,28702
129,196,28703
127,196,28704
115,190,28705
110,185,28706
106,180,28707
100,162,28708
100,165,28709
100,147,28710
103,136,28711
113,121,28712
113,120,28713
134,109,28714
138,108,28715
148,108,28716
160,112,28717
169,118,28718
175,124,28719
186,144,28720
189,155,28721
189,176,28722
186,189,28723
180,202,28724
176,208,28725
166,218,28726
146,228,28727
132,230,28728
123,229,28729
111,225,28730
97,216,28731
82,198,28732
80,195,28733
72,169,28734
71,158,28735
76,125,28736
85,107,28737
90,100,28738
101,89,28739
118,79,28740
133,75,28741
160,77,28742
168,80,28743
186,91,28744
205,114,28745
212,129,28746
218,155,28747
218,175,28748
217,185,28749
209,210,28750
198,229,28751
176,250,28752
166,256,28753
139,263,28754
110,260,28755
98,255,28756
85,247,28757
61,221,28758
53,206,28759
43,171,28760
42,156,28761
46,123,28762
52,106,28763
66,81,28764
83,63,28765
120,44,28766
147,41,28767
156,42,28768
187,53,28769
216,77,28770
225,89,28771
238,114,28772
247,161,28773
246,184,28774
236,222,28775
233,229,28776
222,248,28777
184,283,28778
172,289,28779
146,296,28780
102,292,28781
94,289,28782
49,256,28783
38,241,28784
26,218,28785
18,194,28786
15,133,28787
18,116,28788
41,64,28789
49,53,28790
71,32,28791
90,20,28792
129,8,28793
166,10,28794
192,19,28795
234,51,28796
254,79,28797
264,101,28798
136,157,28799
137,154,28800
139,154,28801
142,152,28802
145,154,28803
148,157,28804
150,160,28805
151,163,28806
151,165,28807
149,173,28808
147,177,28809
146,178,28810
139,183,28811
134,184,28812
128,183,28813
127,183,28814
120,179,28815
114,171,28816
112,167,28817
111,160,28818
110,155,28819
113,141,28820
116,135,28821
122,128,28822
134,122,28823
137,121,28824
145,121,28825
152,122,28826
162,128,28827
171,138,28828
172,139,28829
178,155,28830
179,165,28831
178,176,28832
171,194,28833
168,199,28834
162,206,28835
146,215,28836
137,217,28837
131,217,28838
107,208,28839
107,209,28840
94,195,28841
91,191,28842
85,177,28843
82,160,28844
84,137,28845
90,121,28846
98,109,28847
102,104,28848
128,89,28849
133,88,28850
152,88,28851
157,89,28852
179,101,28853
195,120,28854
203,137,28855
206,149,28856
208,167,28857
204,191,28858
196,211,28859
189,222,28860
165,242,28861
166,242,28862
147,249,28863
123,250,28864
102,243,28865
92,237,28866
76,222,28867
59,192,28868
56,180,28869
53,155,28870
59,119,28871
68,99,28872
81,81,28873
98,67,28874
107,62,28875
135,54,28876
149,54,28877
186,67,28878
203,80,28879
212,91,28880
223,108,28881
236,159,28882
236,170,28883
228,212,28884
217,234,28885
203,253,28886
180,271,28887
159,280,28888
137,284,28889
114,282,28890
105,280,28891
71,261,28892
53,242,28893
33,205,28894
26,177,28895
25,171,28896
26,133,28897
45,79,28898
54,66,28899
74,45,28900
98,30,28901
128,21,28902
166,23,28903
190,32,28904
208,43,28905
229,63,28906
253,103,28907
260,125,28908
265,169,28909
260,207,28910
248,240,28911
236,261,28912
206,292,28913
171,311,28914
141,317,28915
122,317,28916
80,305,28917
139,160,28918
141,165,28919
141,166,28920
138,170,28921
136,171,28922
131,171,28923
132,172,28924
128,170,28925
124,166,28926
122,162,28927
121,157,28928
122,149,28929
123,146,28930
126,141,28931
129,138,28932
134,135,28933
140,133,28934
143,133,28935
151,135,28936
161,144,28937
165,151,28938
165,150,28939
168,161,28940
168,168,28941
164,183,28942
162,187,28943
158,193,28944
151,199,28945
142,203,28946
130,204,28947
123,203,28948
114,199,28949
103,188,28950
98,180,28951
95,171,28952
93,159,28953
93,146,28954
97,133,28955
105,119,28956
110,113,28957
130,102,28958
132,101,28959
143,100,28960
163,105,28961
174,112,28962
184,124,28963
192,139,28964
195,150,28965
197,166,28966
196,176,28967
188,202,28968
183,210,28969
165,228,28970
157,233,28971
141,237,28972
123,237,28973
108,232,28974
95,224,28975
87,217,28976
73,196,28977
68,183,28978
64,157,28979
67,132,28980
75,110,28981
78,104,28982
97,83,28983
115,72,28984
128,68,28985
151,67,28986
178,76,28987
184,80,28988
209,107,28989
219,128,28990
223,142,28991
225,160,28992
224,184,28993
208,227,28994
202,236,28995
182,255,28996
158,267,28997
152,269,28998
127,271,28999
106,267,29000
71,245,29001
56,226,29002
47,210,29003
38,181,29004
35,155,29005
41,116,29006
50,94,29007
71,64,29008
74,61,29009
114,37,29010
144,33,29011
155,34,29012
182,42,29013
216,66,29014
223,74,29015
247,120,29016
252,141,29017
254,164,29018
249,205,29019
242,226,29020
222,260,29021
203,279,29022
164,300,29023
145,304,29024
105,301,29025
80,291,29026
51,269,29027
42,259,29028
24,231,29029
9,184,29030
7,165,29031
12,112,29032
29,70,29033
37,57,29034
80,17,29035
104,6,29036
136,162,29037
132,161,29038
131,157,29039
132,153,29040
132,151,29041
136,148,29042
136,147,29043
139,146,29044
145,146,29045
148,147,29046
153,152,29047
155,155,29048
157,161,29049
157,164,29050
157,170,29051
154,178,29052
154,180,29053
143,189,29054
142,190,29055
129,191,29056
124,190,29057
123,190,29058
113,182,29059
110,178,29060
105,166,29061
104,159,29062
104,150,29063
105,143,29064
110,132,29065
118,122,29066
125,117,29067
129,115,29068
145,113,29069
157,116,29070
168,123,29071
175,131,29072
180,139,29073
185,157,29074
186,166,29075
183,184,29076
181,189,29077
170,208,29078
162,215,29079
160,217,29080
136,225,29081
123,224,29082
112,220,29083
103,215,29084
86,196,29085
82,189,29086
76,168,29087
75,157,29088
78,133,29089
80,126,29090
91,106,29091
111,88,29092
114,86,29093
134,80,29094
144,79,29095
163,83,29096
186,97,29097
190,101,29098
207,128,29099
212,144,29100
214,159,29101
212,188,29102
200,218,29103
199,220,29104
175,245,29105
161,253,29106
140,258,29107
111,255,29108
95,248,29109
80,237,29110
70,226,29111
53,195,29112
48,175,29113
46,154,29114
48,135,29115
67,88,29116
77,75,29117
83,69,29118
119,49,29119
123,48,29120
155,47,29121
181,55,29122
198,66,29123
223,94,29124
227,101,29125
240,137,29126
243,163,29127
240,195,29128
228,230,29129
214,251,29130
188,275,29131
160,288,29132
135,292,29133
131,292,29134
79,276,29135
61,262,29136
40,236,29137
31,219,29138
21,188,29139
18,147,29140
24,110,29141
32,89,29142
50,59,29143
70,39,29144
87,27,29145
124,14,29146
156,13,29147
185,21,29148
222,45,29149
230,53,29150
264,114,29151
266,121,29152
271,182,29153
269,197,29154
252,247,29155
138,157,29156
142,157,29157
143,157,29158
145,159,29159
146,163,29160
147,165,29161
146,171,29162
143,175,29163
143,176,29164
136,179,29165
132,179,29166
130,179,29167
125,177,29168
120,172,29169
117,167,29170
115,162,29171
114,156,29172
115,150,29173
117,143,29174
121,136,29175
126,131,29176
136,126,29177
141,125,29178
153,128,29179
159,131,29180
164,136,29181
171,147,29182
172,149,29183
174,157,29184
174,174,29185
173,179,29186
170,188,29187
160,201,29188
156,205,29189
142,211,29190
130,212,29191
117,209,29192
106,202,29193
103,199,29194
94,187,29195
87,165,29196
86,152,29197
89,135,29198
90,132,29199
96,119,29200
108,105,29201
120,97,29202
132,93,29203
143,92,29204
162,96,29205
179,107,29206
190,120,29207
192,123,29208
201,144,29209
203,162,29210
203,174,29211
197,199,29212
191,211,29213
171,233,29214
151,243,29215
143,245,29216
118,244,29217
99,236,29218
86,226,29219
81,221,29220
65,195,29221
58,167,29222
57,156,29223
58,143,29224
63,120,29225
78,92,29226
89,80,29227
112,65,29228
133,59,29229
161,61,29230
165,62,29231
187,73,29232
203,87,29233
225,124,29234
229,139,29235
232,170,29236
228,198,29237
226,205,29238
207,241,29239
193,256,29240
174,269,29241
131,279,29242
119,278,29243
98,272,29244
69,253,29245
51,232,29246
44,220,29247
36,202,29248
29,162,29249
30,135,29250
39,101,29251
58,68,29252
73,52,29253
91,39,29254
140,25,29255
155,26,29256
188,36,29257
215,55,29258
238,83,29259
253,116,29260
256,127,29261
261,165,29262
257,201,29263
247,232,29264
227,265,29265
204,288,29266
168,307,29267
145,312,29268
113,311,29269
92,305,29270
51,279,29271
25,247,29272
16,230,29273
1,174,29274
139,163,29275
137,167,29276
135,167,29277
134,168,29278
130,166,29279
127,163,29280
126,162,29281
125,158,29282
125,154,29283
129,145,29284
128,145,29285
137,139,29286
139,138,29287
141,138,29288
147,139,29289
151,140,29290
156,144,29291
161,152,29292
163,159,29293
164,167,29294
163,174,29295
159,184,29296
155,190,29297
150,194,29298
137,199,29299
133,200,29300
125,198,29301
120,197,29302
111,190,29303
102,178,29304
99,171,29305
98,167,29306
99,141,29307
101,134,29308
106,125,29309
119,112,29310
121,110,29311
129,107,29312
145,105,29313
155,107,29314
168,114,29315
178,123,29316
188,141,29317
189,143,29318
192,171,29319
192,175,29320
186,196,29321
179,208,29322
170,218,29323
156,228,29324
143,232,29325
123,232,29326
115,230,29327
98,221,29328
90,213,29329
78,196,29330
72,181,29331
68,155,29332
70,136,29333
73,126,29334
81,108,29335
103,84,29336
108,81,29337
127,73,29338
157,73,29339
167,76,29340
190,91,29341
197,98,29342
214,127,29343
218,139,29344
221,169,29345
219,187,29346
212,210,29347
200,231,29348
184,248,29349
164,260,29350
140,266,29351
125,266,29352
107,262,29353
72,239,29354
60,225,29355
50,206,29356
45,193,29357
40,162,29358
42,130,29359
54,95,29360
63,81,29361
82,60,29362
115,42,29363
140,38,29364
156,39,29365
182,47,29366
203,60,29367
217,74,29368
237,106,29369
244,125,29370
250,164,29371
247,195,29372
233,235,29373
229,242,29374
186,285,29375
181,288,29376
157,297,29377
132,300,29378
91,291,29379
65,275,29380
36,243,29381
26,225,29382
15,193,29383
11,151,29384
13,128,29385
20,100,29386
37,65,29387
58,39,29388
92,16,29389
131,5,29390
152,5,29391
171,8,29392
217,31,29393
135,160,29394
134,157,29395
135,154,29396
137,152,29397
141,150,29398
145,151,29399
146,151,29400
150,155,29401
151,156,29402
153,162,29403
153,167,29404
151,175,29405
151,176,29406
146,182,29407
143,184,29408
134,187,29409
131,187,29410
127,186,29411
118,181,29412
113,174,29413
109,164,29414
109,166,29415
108,150,29416
109,145,29417
116,131,29418
117,130,29419
120,126,29420
137,118,29421
147,118,29422
156,121,29423
162,124,29424
166,127,29425
177,144,29426
178,146,29427
181,162,29428
181,174,29429
179,184,29430
169,202,29431
161,210,29432
160,211,29433
140,219,29434
136,220,29435
123,219,29436
107,212,29437
99,206,29438
90,194,29439
83,179,29440
79,156,29441
80,144,29442
82,134,29443
95,108,29444
104,99,29445
117,90,29446
123,87,29447
142,84,29448
163,88,29449
174,94,29450
189,107,29451
203,129,29452
207,141,29453
210,161,29454
208,186,29455
199,211,29456
195,218,29457
186,230,29458
162,247,29459
141,253,29460
124,253,29461
101,246,29462
99,245,29463
67,214,29464
61,203,29465
52,174,29466
51,148,29467
54,126,29468
59,111,29469
68,94,29470
81,77,29471
99,63,29472
124,53,29473
149,51,29474
182,61,29475
189,65,29476
212,86,29477
232,124,29478
234,130,29479
238,150,29480
236,194,29481
232,209,29482
217,239,29483
194,265,29484
179,275,29485
161,283,29486
134,287,29487
85,274,29488
76,268,29489
61,256,29490
45,236,29491
26,191,29492
23,174,29493
26,120,29494
39,84,29495
43,77,29496
77,39,29497
100,26,29498
131,18,29499
162,19,29500
189,28,29501
200,34,29502
231,61,29503
252,94,29504
265,136,29505
267,156,29506
264,202,29507
258,223,29508
233,269,29509
211,292,29510
195,303,29511
156,318,29512
140,159,29513
143,162,29514
143,166,29515
143,167,29516
142,169,29517
138,173,29518
137,174,29519
133,175,29520
130,174,29521
126,172,29522
122,168,29523
120,163,29524
119,159,29525
119,150,29526
120,147,29527
125,138,29528
128,135,29529
137,131,29530
140,130,29531
150,132,29532
151,132,29533
158,136,29534
162,140,29535
166,146,29536
170,160,29537
170,173,29538
169,177,29539
167,184,29540
158,197,29541
148,204,29542
139,207,29543
141,207,29544
118,204,29545
116,203,29546
102,191,29547
99,187,29548
93,175,29549
90,157,29550
92,140,29551
93,137,29552
104,116,29553
108,111,29554
116,105,29555
125,100,29556
146,97,29557
152,98,29558
167,104,29559
184,119,29560
188,125,29561
194,137,29562
199,161,29563
197,184,29564
191,202,29565
186,211,29566
170,228,29567
162,233,29568
154,237,29569
124,240,29570
117,239,29571
100,231,29572
80,213,29573
76,207,29574
67,188,29575
62,162,29576
63,136,29577
71,112,29578
73,108,29579
88,87,29580
103,75,29581
119,67,29582
150,64,29583
167,68,29584
190,81,29585
196,86,29586
215,112,29587
223,132,29588
228,168,29589
227,181,29590
221,206,29591
209,230,29592
196,247,29593
165,268,29594
148,273,29595
127,274,29596
99,267,29597
84,259,29598
58,234,29599
42,205,29600
35,180,29601
33,151,29602
37,121,29603
42,105,29604
48,91,29605
79,53,29606
106,37,29607
123,32,29608
145,30,29609
181,38,29610
207,54,29611
216,62,29612
237,90,29613
254,137,29614
256,175,29615
254,195,29616
245,226,29617
221,265,29618
212,275,29619
191,291,29620
165,303,29621
121,307,29622
92,300,29623
76,292,29624
40,261,29625
17,222,29626
7,187,29627
4,157,29628
5,138,29629
23,75,29630
35,56,29631
137,163,29632
135,164,29633
132,163,29634
130,160,29635
129,157,29636
130,151,29637
130,150,29638
133,146,29639
136,144,29640
138,143,29641
144,143,29642
148,144,29643
154,149,29644
157,154,29645
159,158,29646
160,165,29647
160,167,29648
158,176,29649
155,182,29650
149,189,29651
142,193,29652
134,195,29653
133,195,29654
124,193,29655
114,187,29656
111,184,29657
105,174,29658
102,166,29659
101,154,29660
104,138,29661
108,130,29662
113,123,29663
127,113,29664
126,113,29665
146,110,29666
152,111,29667
158,113,29668
170,121,29669
180,134,29670
186,149,29671
188,164,29672
188,171,29673
183,192,29674
178,202,29675
168,214,29676
155,223,29677
143,227,29678
134,228,29679
122,227,29680
107,221,29681
93,210,29682
83,196,29683
74,172,29684
73,166,29685
73,146,29686
77,127,29687
81,117,29688
95,97,29689
104,89,29690
124,79,29691
142,76,29692
161,79,29693
176,86,29694
191,98,29695
200,109,29696
212,134,29697
217,164,29698
217,168,29699
212,198,29700
199,225,29701
187,239,29702
171,251,29703
141,261,29704
118,260,29705
100,254,29706
96,252,29707
75,236,29708
58,213,29709
51,197,29710
44,152,29711
44,147,29712
52,110,29713
66,84,29714
79,69,29715
105,51,29716
128,44,29717
145,43,29718
169,47,29719
187,55,29720
207,70,29721
229,99,29722
242,134,29723
245,152,29724
243,193,29725
240,206,29726
219,249,29727
209,261,29728
182,282,29729
147,294,29730
131,295,29731
109,292,29732
75,277,29733
59,264,29734
38,238,29735
17,180,29736
15,153,29737
20,115,29738
25,99,29739
48,57,29740
56,48,29741
92,21,29742
107,15,29743
156,10,29744
188,19,29745
200,25,29746
229,48,29747
263,103,29748
271,131,29749
274,172,29750
137,156,29751
138,155,29752
143,155,29753
143,154,29754
146,157,29755
148,160,29756
149,162,29757
149,169,29758
149,170,29759
146,175,29760
141,180,29761
139,181,29762
135,182,29763
130,182,29764
121,177,29765
120,177,29766
115,170,29767
113,163,29768
112,157,29769
112,152,29770
115,141,29771
117,137,29772
122,130,29773
132,124,29774
137,123,29775
148,123,29776
159,128,29777
162,130,29778
169,138,29779
173,145,29780
176,153,29781
177,173,29782
174,184,29783
170,193,29784
163,202,29785
156,208,29786
150,212,29787
136,215,29788
119,213,29789
113,210,29790
97,196,29791
95,194,29792
86,174,29793
84,163,29794
85,140,29795
88,129,29796
96,114,29797
101,108,29798
118,95,29799
127,91,29800
141,89,29801
156,91,29802
167,95,29803
188,112,29804
195,123,29805
202,140,29806
206,163,29807
204,185,29808
202,193,29809
191,216,29810
178,231,29811
157,244,29812
151,246,29813
133,249,29814
106,243,29815
98,239,29816
84,228,29817
63,197,29818
60,189,29819
55,165,29820
57,133,29821
64,111,29822
66,106,29823
94,72,29824
98,69,29825
134,56,29826
149,56,29827
157,57,29828
185,68,29829
209,90,29830
223,112,29831
229,128,29832
234,154,29833
234,178,29834
223,220,29835
209,243,29836
202,251,29837
189,263,29838
148,281,29839
130,282,29840
113,280,29841
68,256,29842
58,246,29843
37,211,29844
34,203,29845
26,152,29846
28,131,29847
39,94,29848
43,86,29849
71,50,29850
89,37,29851
114,26,29852
141,22,29853
170,26,29854
196,37,29855
222,58,29856
236,75,29857
259,128,29858
261,138,29859
263,175,29860
250,232,29861
242,248,29862
223,274,29863
198,296,29864
171,309,29865
121,315,29866
95,309,29867
58,289,29868
41,273,29869
140,162,29870
140,165,29871
139,167,29872
135,170,29873
133,170,29874
129,169,29875
126,166,29876
124,163,29877
123,160,29878
123,153,29879
123,151,29880
126,144,29881
128,141,29882
133,137,29883
137,136,29884
140,135,29885
148,136,29886
154,139,29887
158,142,29888
164,153,29889
166,160,29890
167,165,29891
165,177,29892
163,182,29893
154,194,29894
149,198,29895
143,201,29896
141,202,29897
128,202,29898
117,198,29899
114,197,29900
102,184,29901
97,172,29902
95,164,29903
95,148,29904
97,137,29905
100,129,29906
108,118,29907
120,108,29908
128,104,29909
142,102,29910
153,103,29911
168,110,29912
179,120,29913
183,125,29914
192,145,29915
195,162,29916
194,178,29917
189,196,29918
182,209,29919
178,214,29920
155,231,29921
156,231,29922
128,236,29923
110,231,29924
104,228,29925
92,219,29926
76,198,29927
69,181,29928
67,171,29929
67,139,29930
69,130,29931
80,105,29932
87,95,29933
110,76,29934
128,70,29935
131,69,29936
157,70,29937
174,76,29938
200,97,29939
210,112,29940
222,147,29941
223,156,29942
223,178,29943
219,199,29944
207,226,29945
188,248,29946
169,261,29947
159,265,29948
120,268,29949
113,267,29950
76,247,29951
78,249,29952
61,231,29953
43,194,29954
37,160,29955
39,133,29956
41,122,29957
56,86,29958
83,56,29959
91,50,29960
122,37,29961
135,35,29962
180,43,29963
202,56,29964
215,68,29965
238,101,29966
243,113,29967
250,139,29968
252,176,29969
242,221,29970
234,239,29971
218,262,29972
187,288,29973
157,300,29974
114,301,29975
93,295,29976
86,292,29977
60,275,29978
25,229,29979
13,196,29980
9,170,29981
9,139,29982
18,97,29983
43,52,29984
61,33,29985
91,13,29986
110,6,29987
166,4,29988
137,161,29989
133,160,29990
133,154,29991
134,152,29992
135,150,29993
139,148,29994
141,147,29995
146,148,29996
150,151,29997
151,151,29998
154,157,29999
155,163,30000
156,164,30001
154,175,30002
152,179,30003
147,184,30004
146,186,30005
139,189,30006
134,190,30007
125,188,30008
119,185,30009
115,182,30010
108,171,30011
106,164,30012
105,155,30013
107,143,30014
112,132,30015
115,127,30016
121,122,30017
132,116,30018
137,115,30019
143,114,30020
157,118,30021
171,129,30022
172,130,30023
182,150,30024
182,149,30025
184,165,30026
183,178,30027
173,201,30028
164,211,30029
154,218,30030
143,222,30031
130,223,30032
127,223,30033
106,215,30034
100,210,30035
85,191,30036
80,178,30037
79,176,30038
77,148,30039
79,136,30040
86,117,30041
92,107,30042
108,92,30043
128,83,30044
144,81,30045
165,86,30046
169,87,30047
183,97,30048
201,119,30049
204,125,30050
212,157,30051
212,178,30052
210,190,30053
200,215,30054
181,238,30055
179,240,30056
155,253,30057
134,257,30058
103,250,30059
101,249,30060
85,239,30061
66,218,30062
56,198,30063
50,178,30064
50,133,30065
55,114,30066
68,89,30067
78,77,30068
92,64,30069
122,50,30070
135,48,30071
162,50,30072
189,62,30073
212,82,30074
225,101,30075
235,124,30076
239,140,30077
241,174,30078
231,219,30079
218,243,30080
206,258,30081
186,274,30082
169,283,30083
131,290,30084
105,286,30085
84,277,30086
53,251,30087
40,233,30088
23,189,30089
21,179,30090
21,132,30091
29,100,30092
37,82,30093
68,43,30094
97,24,30095
130,15,30096
145,14,30097
170,18,30098
201,31,30099
232,58,30100
240,68,30101
259,104,30102
269,146,30103
270,170,30104
261,222,30105
254,240,30106
227,280,30107
139,158,30108
142,158,30109
144,160,30110
145,163,30111
145,167,30112
144,171,30113
142,174,30114
139,176,30115
137,177,30116
130,177,30117
127,176,30118
124,174,30119
121,171,30120
117,163,30121
116,158,30122
116,154,30123
117,147,30124
121,139,30125
125,134,30126
129,131,30127
137,128,30128
144,127,30129
154,130,30130
161,135,30131
166,141,30132
170,149,30133
172,157,30134
173,162,30135
173,171,30136
166,191,30137
165,193,30138
160,199,30139
146,208,30140
136,210,30141
123,209,30142
115,206,30143
103,197,30144
100,193,30145
90,173,30146
89,169,30147
88,153,30148
90,137,30149
97,121,30150
105,110,30151
115,102,30152
125,97,30153
145,94,30154
156,96,30155
168,101,30156
181,111,30157
186,117,30158
197,138,30159
201,155,30160
202,168,30161
198,191,30162
187,214,30163
178,225,30164
172,230,30165
143,243,30166
131,244,30167
118,242,30168
101,235,30169
93,230,30170
70,202,30171
66,193,30172
59,161,30173
59,153,30174
66,117,30175
71,106,30176
88,83,30177
104,71,30178
123,63,30179
133,61,30180
165,64,30181
177,69,30182
191,78,30183
213,103,30184
224,126,30185
230,155,30186
230,172,30187
227,195,30188
208,237,30189
198,249,30190
172,268,30191
165,271,30192
119,276,30193
106,273,30194
79,259,30195
67,249,30196
43,214,30197
38,202,30198
31,169,30199
30,157,30200
42,98,30201
49,84,30202
69,58,30203
85,45,30204
122,29,30205
145,27,30206
176,33,30207
195,42,30208
218,60,30209
239,88,30210
246,102,30211
259,158,30212
255,202,30213
250,220,30214
233,254,30215
214,277,30216
206,284,30217
171,304,30218
132,311,30219
104,307,30220
72,293,30221
48,274,30222
35,259,30223
16,226,30224
2,168,30225
2,146,30226
138,164,30227
135,166,30228
133,166,30229
131,165,30230
128,161,30231
127,158,30232
126,155,30233
127,151,30234
128,149,30235
133,143,30236
135,141,30237
143,140,30238
142,139,30239
151,143,30240
153,144,30241
157,148,30242
160,153,30243
162,168,30244
162,170,30245
161,175,30246
155,187,30247
152,190,30248
149,193,30249
138,197,30250
133,198,30251
123,196,30252
115,191,30253
106,182,30254
104,178,30255
99,162,30256
98,156,30257
100,142,30258
104,132,30259
110,122,30260
121,113,30261
124,111,30262
134,107,30263
147,107,30264
161,111,30265
168,116,30266
179,128,30267
188,146,30268
189,151,30269
191,167,30270
188,186,30271
183,199,30272
172,214,30273
165,220,30274
155,226,30275
144,230,30276
123,230,30277
105,223,30278
100,220,30279
88,209,30280
75,185,30281
71,169,30282
70,152,30283
74,128,30284
78,117,30285
95,93,30286
106,84,30287
118,78,30288
131,74,30289
152,74,30290
173,81,30291
193,96,30292
199,103,30293
215,135,30294
218,148,30295
219,179,30296
216,193,30297
204,222,30298
191,239,30299
181,248,30300
153,262,30301
141,264,30302
110,261,30303
102,258,30304
75,240,30305
60,221,30306
52,207,30307
42,169,30308
41,154,30309
49,111,30310
60,88,30311
78,66,30312
88,58,30313
109,46,30314
137,40,30315
169,44,30316
184,50,30317
209,68,30318
221,81,30319
242,124,30320
248,159,30321
245,196,30322
244,201,30323
236,225,30324
211,263,30325
188,282,30326
152,296,30327
129,298,30328
96,291,30329
76,281,30330
54,263,30331
28,225,30332
18,198,30333
13,168,30334
13,141,30335
24,94,30336
41,62,30337
47,54,30338
84,22,30339
91,18,30340
130,7,30341
161,8,30342
208,27,30343
226,41,30344
254,77,30345
135,158,30346
135,157,30347
138,153,30348
139,152,30349
143,152,30350
146,154,30351
149,156,30352
150,158,30353
152,164,30354
151,170,30355
151,171,30356
147,178,30357
146,180,30358
139,184,30359
134,185,30360
130,185,30361
122,182,30362
117,177,30363
114,174,30364
110,161,30365
110,163,30366
110,147,30367
111,143,30368
117,132,30369
127,124,30370
126,124,30371
137,120,30372
143,119,30373
157,123,30374
166,130,30375
170,134,30376
172,137,30377
179,157,30378
180,167,30379
179,175,30380
172,195,30381
171,197,30382
155,212,30383
143,217,30384
137,218,30385
121,216,30386
110,212,30387
99,203,30388
91,193,30389
84,177,30390
81,161,30391
81,152,30392
82,142,30393
87,125,30394
98,107,30395
120,91,30396
115,93,30397
139,86,30398
147,86,30399
165,91,30400
186,106,30401
197,121,30402
204,137,30403
205,139,30404
208,175,30405
203,198,30406
193,218,30407
183,230,30408
168,242,30409
153,249,30410
143,251,30411
118,250,30412
106,246,30413
79,227,30414
72,219,30415
59,194,30416
55,180,30417
52,155,30418
59,116,30419
69,95,30420
86,75,30421
92,70,30422
104,62,30423
149,53,30424
173,59,30425
174,59,30426
201,77,30427
213,90,30428
223,106,30429
235,142,30430
237,173,30431
226,219,30432
225,222,30433
205,252,30434
188,267,30435
157,282,30436
138,285,30437
124,285,30438
95,277,30439
64,256,30440
48,237,30441
37,218,30442
24,169,30443
24,142,30444
29,114,30445
44,79,30446
51,68,30447
76,42,30448
118,22,30449
139,19,30450
173,24,30451
182,27,30452
227,59,30453
242,79,30454
260,121,30455
262,129,30456
266,165,30457
261,207,30458
249,241,30459
224,277,30460
208,292,30461
186,306,30462
152,317,30463
104,315,30464
140,160,30465
142,164,30466
142,166,30467
140,169,30468
137,172,30469
136,172,30470
134,173,30471
129,172,30472
126,170,30473
124,168,30474
121,162,30475
120,156,30476
120,153,30477
121,148,30478
125,141,30479
130,136,30480
135,133,30481
144,132,30482
151,134,30483
157,138,30484
160,141,30485
164,146,30486
168,156,30487
169,163,30488
168,174,30489
165,184,30490
160,192,30491
157,196,30492
145,203,30493
138,205,30494
133,206,30495
125,205,30496
108,195,30497
105,192,30498
95,175,30499
92,161,30500
92,162,30501
94,138,30502
98,128,30503
107,115,30504
115,108,30505
123,103,30506
139,99,30507
156,101,30508
157,101,30509
175,112,30510
181,118,30511
189,130,30512
197,156,30513
198,167,30514
196,182,30515
185,209,30516
179,217,30517
175,222,30518
156,234,30519
134,239,30520
123,238,30521
110,234,30522
101,230,30523
78,207,30524
71,194,30525
66,179,30526
64,142,30527
66,131,30528
74,109,30529
87,91,30530
94,84,30531
114,71,30532
134,66,30533
142,65,30534
172,72,30535
187,81,30536
209,105,30537
220,127,30538
226,159,30539
225,183,30540
221,201,30541
210,226,30542
191,249,30543
185,254,30544
153,270,30545
126,272,30546
112,270,30547
87,259,30548
68,243,30549
52,222,30550
42,200,30551
35,169,30552
34,155,30553
44,105,30554
53,86,30555
77,57,30556
72,61,30557
104,40,30558
138,32,30559
169,36,30560
189,44,30561
208,57,30562
232,85,30563
240,99,30564
254,149,30565
255,168,30566
250,205,30567
237,239,30568
219,265,30569
184,293,30570
180,295,30571
132,306,30572
119,305,30573
70,286,30574
59,278,30575
34,250,30576
15,212,30577
10,194,30578
8,127,30579
13,105,30580
26,73,30581
47,43,30582
89,11,30583
135,163,30584
134,163,30585
131,159,30586
131,154,30587
130,155,30588
133,149,30589
134,147,30590
138,145,30591
144,145,30592
143,144,30593
148,146,30594
152,149,30595
156,155,30596
158,162,30597
158,168,30598
156,176,30599
156,178,30600
149,186,30601
146,189,30602
139,192,30603
133,193,30604
129,193,30605
118,188,30606
111,181,30607
109,178,30608
105,170,30609
103,153,30610
102,155,30611
107,135,30612
112,127,30613
116,122,30614
129,114,30615
138,112,30616
152,113,30617
160,116,30618
167,121,30619
171,124,30620
183,144,30621
186,157,30622
187,166,30623
182,189,30624
179,197,30625
175,203,30626
162,217,30627
147,224,30628
144,225,30629
119,224,30630
111,221,30631
99,213,30632
95,210,30633
82,191,30634
77,177,30635
74,153,30636
75,141,30637
80,124,30638
94,101,30639
97,97,30640
127,80,30641
139,78,30642
152,79,30643
161,81,30644
184,94,30645
197,108,30646
210,133,30647
215,158,30648
215,172,30649
213,187,30650
202,217,30651
191,232,30652
173,248,30653
161,254,30654
140,259,30655
117,258,30656
100,252,30657
82,240,30658
60,213,30659
52,195,30660
47,176,30661
46,141,30662
50,123,30663
64,90,30664
65,88,30665
90,62,30666
115,49,30667
148,45,30668
169,49,30669
183,55,30670
192,60,30671
214,80,30672
238,125,30673
240,132,30674
244,168,30675
242,191,30676
232,223,30677
213,254,30678
182,280,30679
157,290,30680
148,292,30681
113,291,30682
77,276,30683
74,274,30684
40,238,30685
33,226,30686
19,182,30687
17,145,30688
26,101,30689
33,84,30690
49,59,30691
69,38,30692
104,18,30693
143,11,30694
167,14,30695
206,31,30696
212,35,30697
241,65,30698
254,86,30699
267,121,30700
269,201,30701
272,184,30702
137,158,30703
139,156,30704
142,156,30705
145,157,30706
147,162,30707
147,167,30708
148,167,30709
147,170,30710
144,176,30711
139,179,30712
136,180,30713
130,180,30714
125,178,30715
121,175,30716
118,171,30717
116,168,30718
114,162,30719
114,150,30720
116,143,30721
117,140,30722
122,133,30723
130,127,30724
134,125,30725
142,124,30726
152,126,30727
156,128,30728
167,138,30729
171,144,30730
175,158,30731
176,165,30732
175,175,30733
171,188,30734
164,198,30735
160,203,30736
150,209,30737
138,213,30738
133,214,30739
117,210,30740
111,207,30741
98,195,30742
92,185,30743
88,176,30744
85,154,30745
88,135,30746
93,122,30747
98,114,30748
104,107,30749
120,96,30750
139,91,30751
153,92,30752
170,99,30753
176,103,30754
192,121,30755
198,132,30756
201,142,30757
204,170,30758
203,182,30759
195,206,30760
189,216,30761
180,227,30762
164,239,30763
148,245,30764
114,244,30765
97,236,30766
95,235,30767
78,219,30768
62,190,30769
58,174,30770
56,155,30771
58,135,30772
72,99,30773
76,93,30774
100,70,30775
103,68,30776
127,59,30777
158,59,30778
186,71,30779
192,75,30780
213,98,30781
228,131,30782
228,130,30783
233,163,30784
230,194,30785
219,224,30786
207,243,30787
183,265,30788
156,277,30789
141,280,30790
113,278,30791
100,274,30792
74,259,30793
45,224,30794
43,221,30795
29,174,30796
28,164,30797
35,109,30798
38,101,30799
50,77,30800
80,45,30801
96,35,30802
122,26,30803
146,24,30804
186,34,30805
220,58,30806
227,66,30807
253,113,30808
261,150,30809
261,148,30810
259,196,30811
250,227,30812
221,274,30813
217,278,30814
179,304,30815
136,314,30816
108,311,30817
87,304,30818
56,285,30819
31,258,30820
10,218,30821
139,162,30822
139,165,30823
135,168,30824
132,168,30825
131,168,30826
128,166,30827
125,161,30828
124,159,30829
124,156,30830
126,148,30831
127,145,30832
131,141,30833
135,138,30834
140,137,30835
143,137,30836
149,138,30837
154,141,30838
160,148,30839
162,151,30840
164,160,30841
165,167,30842
164,174,30843
161,183,30844
156,190,30845
148,196,30846
140,200,30847
129,200,30848
125,200,30849
114,194,30850
109,190,30851
101,179,30852
97,167,30853
96,153,30854
97,144,30855
101,132,30856
106,123,30857
115,113,30858
126,107,30859
137,104,30860
146,104,30861
167,112,30862
172,115,30863
179,123,30864
186,133,30865
192,151,30866
193,160,30867
191,185,30868
184,202,30869
183,204,30870
171,219,30871
160,227,30872
133,234,30873
122,233,30874
117,232,30875
98,222,30876
86,210,30877
75,192,30878
71,181,30879
67,152,30880
70,133,30881
77,113,30882
90,94,30883
98,87,30884
107,80,30885
131,71,30886
142,70,30887
177,80,30888
192,91,30889
200,100,30890
215,126,30891
218,136,30892
222,163,30893
221,181,30894
210,217,30895
203,229,30896
183,250,30897
156,264,30898
153,265,30899
124,267,30900
92,256,30901
75,244,30902
62,229,30903
54,217,30904
40,175,30905
39,163,30906
45,114,30907
59,85,30908
65,76,30909
75,65,30910
115,41,30911
122,39,30912
148,37,30913
187,48,30914
210,65,30915
223,80,30916
235,99,30917
246,128,30918
251,168,30919
248,195,30920
237,229,30921
219,258,30922
208,270,30923
187,286,30924
137,301,30925
131,301,30926
96,294,30927
55,268,30928
38,248,30929
31,237,30930
17,204,30931
10,161,30932
17,106,30933
31,73,30934
36,64,30935
70,28,30936
89,16,30937
123,5,30938
156,4,30939
191,14,30940
136,161,30941
133,157,30942
134,155,30943
137,151,30944
138,150,30945
144,150,30946
144,149,30947
149,152,30948
150,153,30949
152,156,30950
154,164,30951
154,167,30952
153,174,30953
149,180,30954
148,182,30955
139,187,30956
137,188,30957
132,188,30958
126,187,30959
116,180,30960
111,173,30961
109,169,30962
107,162,30963
107,152,30964
110,140,30965
111,137,30966
116,129,30967
125,121,30968
132,118,30969
147,117,30970
149,117,30971
156,119,30972
167,127,30973
173,134,30974
179,146,30975
182,161,30976
183,166,30977
179,186,30978
172,200,30979
164,209,30980
146,219,30981
138,221,30982
130,221,30983
119,219,30984
102,210,30985
92,199,30986
86,189,30987
79,166,30988
78,157,30989
79,143,30990
82,131,30991
98,103,30992
101,100,30993
109,93,30994
140,83,30995
141,83,30996
173,92,30997
185,101,30998
194,111,30999
204,129,31000
208,141,31001
211,162,31002
206,197,31003
205,200,31004
200,212,31005
184,233,31006
158,250,31007
143,254,31008
122,254,31009
107,250,31010
88,239,31011
72,223,31012
65,213,31013
56,194,31014
50,147,31015
51,136,31016
59,109,31017
76,81,31018
83,74,31019
120,53,31020
126,51,31021
162,52,31022
181,59,31023
195,68,31024
212,85,31025
226,106,31026
237,139,31027
239,149,31028
239,181,31029
223,231,31030
218,240,31031
189,270,31032
185,273,31033
157,285,31034
109,285,31035
83,274,31036
71,266,31037
51,246,31038
36,222,31039
28,202,31040
22,137,31041
26,115,31042
39,82,31043
49,66,31044
66,47,31045
95,27,31046
139,16,31047
143,16,31048
185,25,31049
205,36,31050
229,57,31051
249,86,31052
264,126,31053
268,179,31054
261,217,31055
249,246,31056
227,278,31057
206,297,31058
186,309,31059
141,159,31060
143,161,31061
144,163,31062
144,166,31063
143,169,31064
140,173,31065
138,175,31066
136,175,31067
134,176,31068
127,174,31069
123,171,31070
122,170,31071
118,160,31072
118,158,31073
118,151,31074
121,142,31075
121,141,31076
128,134,31077
135,130,31078
142,129,31079
149,130,31080
150,130,31081
158,135,31082
164,141,31083
170,154,31084
171,161,31085
171,172,31086
171,175,31087
167,186,31088
161,195,31089
155,201,31090
140,208,31091
128,208,31092
120,206,31093
108,199,31094
104,195,31095
98,188,31096
90,165,31097
89,158,31098
90,145,31099
97,125,31100
100,119,31101
106,112,31102
122,100,31103
131,97,31104
146,96,31105
159,99,31106
171,105,31107
188,123,31108
194,134,31109
197,143,31110
200,169,31111
198,185,31112
198,186,31113
187,211,31114
176,224,31115
168,231,31116
143,241,31117
129,242,31118
114,239,31119
91,226,31120
79,213,31121
70,198,31122
62,173,31123
61,164,31124
64,128,31125
73,106,31126
84,90,31127
91,83,31128
99,76,31129
127,64,31130
157,64,31131
177,71,31132
193,82,31133
209,100,31134
214,108,31135
225,135,31136
229,163,31137
228,180,31138
220,211,31139
201,243,31140
185,258,31141
170,267,31142
142,275,31143
119,274,31144
103,270,31145
70,249,31146
58,236,31147
43,210,31148
35,185,31149
32,161,31150
37,117,31151
44,97,31152
60,71,31153
75,55,31154
111,34,31155
137,29,31156
148,29,31157
193,43,31158
211,56,31159
222,67,31160
241,95,31161
249,114,31162
257,155,31163
254,200,31164
248,220,31165
226,261,31166
193,291,31167
174,301,31168
153,307,31169
130,309,31170
81,296,31171
72,291,31172
42,265,31173
22,235,31174
12,211,31175
3,153,31176
6,123,31177
29,63,31178
137,164,31179
134,165,31180
131,164,31181
130,162,31182
128,157,31183
128,156,31184
128,153,31185
130,148,31186
134,144,31187
136,143,31188
144,142,31189
148,143,31190
147,142,31191
155,149,31192
158,153,31193
160,159,31194
161,164,31195
159,176,31196
156,182,31197
156,183,31198
152,188,31199
145,193,31200
136,196,31201
124,194,31202
123,194,31203
110,184,31204
107,180,31205
104,175,31206
100,157,31207
100,156,31208
103,138,31209
104,135,31210
116,119,31211
120,115,31212
129,111,31213
148,109,31214
149,109,31215
168,118,31216
178,129,31217
180,132,31218
186,146,31219
189,161,31220
189,170,31221
186,187,31222
182,197,31223
170,214,31224
162,220,31225
137,229,31226
130,229,31227
115,226,31228
105,221,31229
90,208,31230
81,195,31231
75,181,31232
72,150,31233
72,145,31234
77,124,31235
85,108,31236
101,90,31237
108,85,31238
131,76,31239
144,75,31240
164,79,31241
186,92,31242
199,106,31243
208,121,31244
213,134,31245
218,163,31246
217,179,31247
214,195,31248
194,233,31249
183,244,31250
168,254,31251
149,261,31252
117,261,31253
99,255,31254
80,242,31255
63,223,31256
54,207,31257
47,187,31258
43,162,31259
43,147,31260
52,107,31261
67,81,31262
89,59,31263
97,54,31264
128,43,31265
151,42,31266
182,51,31267
189,55,31268
220,83,31269
237,114,31270
244,137,31271
246,157,31272
246,179,31273
234,225,31274
228,237,31275
195,275,31276
179,285,31277
148,295,31278
134,296,31279
108,293,31280
78,280,31281
42,246,31282
34,233,31283
19,195,31284
14,151,31285
16,130,31286
22,104,31287
47,57,31288
72,32,31289
81,26,31290
106,14,31291
144,8,31292
175,13,31293
221,39,31294
245,66,31295
257,86,31296
268,115,31297
136,158,31298
137,155,31299
140,154,31300
142,153,31301
145,155,31302
148,158,31303
149,159,31304
150,163,31305
150,169,31306
147,175,31307
146,177,31308
143,180,31309
137,183,31310
132,183,31311
125,181,31312
121,179,31313
118,176,31314
113,167,31315
112,164,31316
111,157,31317
111,151,31318
115,138,31319
119,132,31320
122,129,31321
133,123,31322
141,121,31323
154,124,31324
155,124,31325
168,135,31326
172,141,31327
173,142,31328
177,153,31329
178,169,31330
176,182,31331
172,191,31332
163,204,31333
161,206,31334
138,216,31335
127,216,31336
119,214,31337
103,204,31338
100,202,31339
91,189,31340
84,171,31341
83,162,31342
83,143,31343
87,129,31344
95,114,31345
111,98,31346
113,96,31347
131,89,31348
140,88,31349
153,89,31350
168,94,31351
188,111,31352
196,123,31353
202,136,31354
206,152,31355
207,170,31356
202,196,31357
191,218,31358
182,229,31359
162,243,31360
144,249,31361
132,250,31362
105,244,31363
87,232,31364
76,221,31365
65,204,31366
59,190,31367
54,150,31368
55,139,31369
64,108,31370
74,91,31371
82,81,31372
96,69,31373
133,55,31374
158,56,31375
176,62,31376
199,78,31377
201,79,31378
222,108,31379
229,124,31380
235,175,31381
233,192,31382
224,220,31383
213,239,31384
199,256,31385
173,274,31386
138,283,31387
126,283,31388
87,271,31389
92,274,31390
56,245,31391
41,222,31392
29,189,31393
25,159,31394
28,125,31395
31,113,31396
44,82,31397
73,47,31398
102,29,31399
110,26,31400
139,21,31401
163,23,31402
199,38,31403
233,69,31404
238,76,31405
255,110,31406
264,158,31407
264,177,31408
251,232,31409
232,265,31410
224,275,31411
193,300,31412
153,315,31413
120,316,31414
100,312,31415
69,298,31416
141,162,31417
141,164,31418
140,168,31419
137,170,31420
134,171,31421
133,171,31422
130,171,31423
126,168,31424
124,165,31425
122,159,31426
122,152,31427
123,148,31428
124,145,31429
127,141,31430
132,137,31431
139,134,31432
143,134,31433
149,135,31434
157,140,31435
160,144,31436
164,150,31437
167,158,31438
168,166,31439
166,177,31440
163,184,31441
156,194,31442
154,196,31443
140,203,31444
133,204,31445
127,203,31446
122,202,31447
106,191,31448
100,182,31449
98,178,31450
94,160,31451
94,145,31452
94,144,31453
105,120,31454
115,110,31455
116,109,31456
129,103,31457
147,101,31458
161,105,31459
171,111,31460
179,118,31461
189,134,31462
194,148,31463
196,163,31464
196,168,31465
194,184,31466
181,212,31467
168,225,31468
156,232,31469
150,235,31470
131,237,31471
109,232,31472
95,223,31473
84,212,31474
74,197,31475
69,184,31476
65,163,31477
65,148,31478
71,121,31479
84,97,31480
87,93,31481
107,77,31482
132,68,31483
142,67,31484
158,69,31485
180,78,31486
202,98,31487
207,105,31488
218,127,31489
224,156,31490
224,180,31491
215,213,31492
206,229,31493
190,248,31494
167,263,31495
147,269,31496
122,270,31497
106,266,31498
94,261,31499
73,246,31500
52,218,31501
44,201,31502
36,153,31503
36,150,31504
40,122,31505
62,76,31506
74,62,31507
92,48,31508
125,35,31509
162,36,31510
173,39,31511
198,52,31512
211,62,31513
240,103,31514
247,122,31515
253,175,31516
248,206,31517
240,229,31518
221,260,31519
215,267,31520
182,292,31521
147,303,31522
130,304,31523
108,301,31524
67,282,31525
51,268,31526
21,223,31527
10,186,31528
8,142,31529
7,155,31530
14,107,31531
28,73,31532
50,42,31533
75,21,31534
123,2,31535
135,162,31536
133,161,31537
132,155,31538
132,154,31539
133,151,31540
137,148,31541
137,147,31542
141,146,31543
145,147,31544
147,147,31545
153,153,31546
155,157,31547
156,160,31548
156,171,31549
156,172,31550
150,183,31551
151,183,31552
139,190,31553
136,191,31554
127,190,31555
126,190,31556
121,188,31557
110,177,31558
108,173,31559
105,162,31560
104,156,31561
106,143,31562
107,139,31563
118,123,31564
119,122,31565
131,115,31566
141,113,31567
155,116,31568
161,119,31569
168,124,31570
179,139,31571
181,143,31572
184,154,31573
185,168,31574
182,185,31575
172,204,31576
166,211,31577
152,220,31578
145,223,31579
128,224,31580
115,221,31581
106,216,31582
95,207,31583
88,198,31584
81,185,31585
77,170,31586
78,136,31587
82,123,31588
88,111,31589
100,97,31590
116,86,31591
123,83,31592
141,80,31593
149,80,31594
177,91,31595
185,97,31596
201,117,31597
211,143,31598
213,157,31599
214,166,31600
209,197,31601
201,215,31602
189,232,31603
169,248,31604
159,253,31605
122,257,31606
105,252,31607
98,249,31608
81,237,31609
62,213,31610
53,193,31611
47,160,31612
47,150,31613
51,124,31614
73,81,31615
83,70,31616
96,60,31617
118,50,31618
152,47,31619
181,56,31620
185,58,31621
206,74,31622
228,104,31623
240,140,31624
242,158,31625
242,176,31626
238,201,31627
225,234,31628
207,258,31629
174,282,31630
161,287,31631
138,291,31632
117,290,31633
82,277,31634
62,262,31635
42,238,31636
22,190,31637
19,168,31638
21,125,31639
29,97,31640
52,58,31641
56,53,31642
97,23,31643
121,15,31644
143,13,31645
168,16,31646
194,26,31647
230,54,31648
250,82,31649
267,128,31650
270,146,31651
270,185,31652
260,228,31653
241,264,31654
139,157,31655
140,157,31656
143,158,31657
145,160,31658
146,166,31659
146,167,31660
145,172,31661
143,174,31662
140,177,31663
136,178,31664
129,178,31665
125,176,31666
121,172,31667
118,168,31668
116,163,31669
115,158,31670
115,153,31671
118,142,31672
122,136,31673
127,131,31674
132,128,31675
139,126,31676
144,126,31677
154,129,31678
159,132,31679
167,141,31680
169,144,31681
174,161,31682
174,168,31683
172,180,31684
169,188,31685
164,196,31686
158,202,31687
147,209,31688
137,211,31689
119,209,31690
111,205,31691
101,196,31692
96,189,31693
89,173,31694
87,159,31695
87,148,31696
90,134,31697
93,126,31698
102,112,31699
109,105,31700
127,95,31701
139,93,31702
160,96,31703
165,98,31704
184,113,31705
194,128,31706
196,132,31707
201,147,31708
201,183,31709
200,188,31710
192,208,31711
182,222,31712
167,235,31713
155,241,31714
130,245,31715
122,244,31716
106,239,31717
82,221,31718
70,204,31719
61,181,31720
58,160,31721
58,151,31722
62,126,31723
72,102,31724
83,87,31725
96,75,31726
119,63,31727
141,59,31728
158,61,31729
183,71,31730
203,88,31731
213,101,31732
230,149,31733
229,141,31734
230,185,31735
225,206,31736
210,236,31737
194,254,31738
178,266,31739
157,275,31740
127,278,31741
100,272,31742
91,268,31743
57,239,31744
56,238,31745
37,202,31746
30,172,31747
30,140,31748
33,122,31749
49,82,31750
73,53,31751
96,37,31752
117,29,31753
147,26,31754
184,35,31755
192,39,31756
214,55,31757
236,81,31758
253,118,31759
259,147,31760
260,172,31761
251,220,31762
235,253,31763
221,271,31764
189,297,31765
158,309,31766
130,312,31767
94,305,31768
82,300,31769
43,270,31770
31,255,31771
14,224,31772
2,177,31773
138,161,31774
137,166,31775
134,167,31776
132,167,31777
128,163,31778
127,162,31779
126,159,31780
125,155,31781
126,151,31782
129,146,31783
130,143,31784
136,140,31785
138,139,31786
145,139,31787
150,141,31788
156,145,31789
159,149,31790
162,157,31791
163,168,31792
163,170,31793
162,176,31794
157,186,31795
155,189,31796
149,194,31797
140,198,31798
133,199,31799
119,195,31800
112,191,31801
103,178,31802
101,174,31803
98,164,31804
97,156,31805
100,140,31806
103,131,31807
115,116,31808
116,115,31809
127,108,31810
138,106,31811
153,107,31812
166,113,31813
173,119,31814
178,124,31815
188,143,31816
191,155,31817
192,166,31818
190,183,31819
184,199,31820
175,212,31821
161,224,31822
145,231,31823
136,232,31824
118,230,31825
101,222,31826
91,214,31827
81,200,31828
74,185,31829
71,175,31830
69,152,31831
74,124,31832
79,113,31833
99,88,31834
111,80,31835
120,76,31836
140,72,31837
167,77,31838
172,79,31839
189,91,31840
210,119,31841
213,126,31842
220,154,31843
220,175,31844
216,197,31845
210,213,31846
196,235,31847
176,253,31848
162,260,31849
143,265,31850
109,262,31851
95,256,31852
75,241,31853
59,222,31854
43,182,31855
41,171,31856
42,133,31857
43,128,31858
57,91,31859
71,72,31860
93,53,31861
121,41,31862
137,39,31863
173,44,31864
196,56,31865
211,68,31866
226,87,31867
246,136,31868
249,160,31869
247,191,31870
241,215,31871
223,250,31872
216,259,31873
181,287,31874
165,294,31875
137,299,31876
104,295,31877
86,288,31878
59,269,31879
38,245,31880
21,211,31881
15,190,31882
12,143,31883
17,112,31884
28,82,31885
49,50,31886
67,32,31887
113,9,31888
143,5,31889
171,9,31890
201,21,31891
236,50,31892
135,159,31893
135,155,31894
136,154,31895
139,151,31896
141,151,31897
146,152,31898
148,153,31899
151,158,31900
151,157,31901
153,165,31902
152,170,31903
149,177,31904
148,179,31905
145,182,31906
139,185,31907
131,186,31908
126,185,31909
124,184,31910
116,178,31911
112,171,31912
109,162,31913
108,158,31914
108,155,31915
111,141,31916
118,130,31917
124,124,31918
131,120,31919
134,119,31920
149,119,31921
160,124,31922
165,127,31923
168,130,31924
175,141,31925
180,156,31926
181,166,31927
179,181,31928
176,190,31929
168,202,31930
160,210,31931
150,216,31932
134,219,31933
121,218,31934
114,215,31935
105,210,31936
94,199,31937
84,180,31938
80,161,31939
80,152,31940
83,133,31941
89,118,31942
95,109,31943
115,92,31944
121,89,31945
136,85,31946
163,89,31947
166,90,31948
189,108,31949
193,113,31950
205,136,31951
209,156,31952
209,176,31953
205,195,31954
194,218,31955
184,231,31956
172,241,31957
152,250,31958
134,253,31959
117,251,31960
105,247,31961
79,229,31962
67,213,31963
57,191,31964
52,169,31965
51,155,31966
56,121,31967
61,108,31968
89,71,31969
90,70,31970
126,53,31971
156,53,31972
166,55,31973
184,63,31974
203,77,31975
219,97,31976
232,126,31977
238,158,31978
238,169,31979
231,210,31980
222,230,31981
197,261,31982
186,270,31983
149,285,31984
150,285,31985
102,281,31986
92,277,31987
52,244,31988
50,242,31989
31,206,31990
25,183,31991
24,133,31992
32,102,31993
35,94,31994
51,66,31995
77,40,31996
117,21,31997
144,18,31998
171,22,31999
209,41,32000
223,53,32001
243,79,32002
254,100,32003
266,148,32004
267,166,32005
262,208,32006
239,260,32007
229,273,32008
182,309,32009
153,318,32010
119,319,32011
141,160,32012
142,161,32013
143,165,32014
141,169,32015
140,171,32016
137,173,32017
135,174,32018
132,174,32019
127,172,32020
123,168,32021
122,167,32022
120,160,32023
119,157,32024
120,148,32025
123,142,32026
126,138,32027
129,135,32028
139,131,32029
144,131,32030
153,134,32031
154,134,32032
159,138,32033
164,144,32034
169,156,32035
170,167,32036
169,175,32037
166,184,32038
161,193,32039
153,200,32040
146,204,32041
141,206,32042
134,207,32043
114,201,32044
111,199,32045
102,190,32046
96,180,32047
91,163,32048
91,152,32049
94,135,32050
98,126,32051
112,109,32052
117,105,32053
125,101,32054
138,98,32055
150,98,32056
164,103,32057
173,109,32058
186,123,32059
192,134,32060
197,149,32061
198,176,32062
196,186,32063
192,198,32064
180,218,32065
166,230,32066
154,236,32067
129,240,32068
123,239,32069
113,237,32070
82,214,32071
76,206,32072
68,189,32073
63,167,32074
62,155,32075
65,130,32076
76,104,32077
82,95,32078
97,80,32079
114,70,32080
139,64,32081
165,68,32082
186,79,32083
197,88,32084
205,97,32085
222,131,32086
226,148,32087
227,172,32088
224,194,32089
208,231,32090
190,251,32091
179,260,32092
170,265,32093
144,273,32094
123,273,32095
84,258,32096
69,246,32097
58,233,32098
47,215,32099
34,169,32100
34,145,32101
42,107,32102
50,89,32103
66,66,32104
97,42,32105
101,40,32106
138,31,32107
158,32,32108
198,48,32109
216,63,32110
230,80,32111
245,108,32112
254,141,32113
254,191,32114
247,219,32115
233,248,32116
222,263,32117
199,285,32118
171,300,32119
128,307,32120
95,300,32121
77,292,32122
49,270,32123
27,241,32124
13,209,32125
5,164,32126
5,147,32127
17,90,32128
27,69,32129
69,22,32130
136,163,32131
133,163,32132
131,162,32133
130,158,32134
129,156,32135
131,150,32136
132,148,32137
134,146,32138
139,144,32139
143,143,32140
148,145,32141
150,146,32142
155,151,32143
158,158,32144
159,161,32145
159,167,32146
158,175,32147
154,182,32148
149,188,32149
148,189,32150
140,193,32151
130,194,32152
123,192,32153
115,187,32154
112,184,32155
107,177,32156
103,165,32157
102,161,32158
102,149,32159
107,133,32160
108,131,32161
116,121,32162
126,114,32163
136,111,32164
150,111,32165
162,116,32166
168,120,32167
172,124,32168
184,144,32169
187,157,32170
187,170,32171
187,175,32172
180,197,32173
172,209,32174
167,214,32175
148,225,32176
137,227,32177
122,226,32178
110,222,32179
102,217,32180
88,203,32181
82,193,32182
76,178,32183
73,159,32184
75,137,32185
84,113,32186
94,99,32187
110,86,32188
126,79,32189
139,77,32190
164,81,32191
173,85,32192
188,96,32193
204,117,32194
208,125,32195
216,158,32196
216,170,32197
212,196,32198
198,225,32199
185,240,32200
168,252,32201
149,259,32202
150,259,32203
122,260,32204
102,254,32205
74,234,32206
68,227,32207
57,210,32208
46,175,32209
46,137,32210
48,125,32211
53,109,32212
81,68,32213
94,58,32214
118,47,32215
135,44,32216
151,44,32217
189,57,32218
210,74,32219
220,86,32220
231,104,32221
242,137,32222
245,161,32223
236,216,32224
231,228,32225
209,260,32226
189,277,32227
177,284,32228
127,294,32229
112,292,32230
75,276,32231
54,258,32232
34,230,32233
22,200,32234
19,188,32235
16,148,32236
22,110,32237
32,84,32238
64,41,32239
78,30,32240
94,21,32241
139,10,32242
181,17,32243
205,29,32244
223,43,32245
253,82,32246
262,102,32247
273,150,32248
273,178,32249
137,157,32250
139,155,32251
142,155,32252
144,155,32253
146,158,32254
148,163,32255
149,166,32256
148,170,32257
147,173,32258
144,177,32259
141,179,32260
136,181,32261
133,182,32262
127,180,32263
122,177,32264
117,172,32265
115,169,32266
113,159,32267
113,149,32268
115,142,32269
119,135,32270
124,130,32271
129,126,32272
135,124,32273
141,123,32274
149,124,32275
158,128,32276
167,136,32277
174,150,32278
176,157,32279
177,164,32280
176,176,32281
169,193,32282
166,198,32283
156,207,32284
147,212,32285
145,213,32286
122,213,32287
112,209,32288
101,200,32289
92,187,32290
88,179,32291
85,166,32292
84,153,32293
86,138,32294
88,131,32295
97,114,32296
106,104,32297
122,94,32298
135,90,32299
153,91,32300
169,97,32301
180,105,32302
189,114,32303
197,128,32304
203,146,32305
205,172,32306
204,181,32307
200,197,32308
188,219,32309
176,232,32310
155,244,32311
131,248,32312
117,246,32313
98,238,32314
87,230,32315
71,211,32316
66,202,32317
56,167,32318
55,157,32319
63,115,32320
68,104,32321
74,94,32322
90,76,32323
106,65,32324
131,57,32325
153,57,32326
178,65,32327
205,86,32328
209,91,32329
224,116,32330
233,150,32331
234,169,32332
227,208,32333
226,211,32334
196,256,32335
190,261,32336
177,270,32337
125,281,32338
117,280,32339
102,276,32340
61,248,32341
53,239,32342
39,214,32343
28,175,32344
28,136,32345
29,129,32346
42,89,32347
62,60,32348
78,45,32349
105,30,32350
136,23,32351
174,28,32352
180,30,32353
224,61,32354
239,81,32355
246,93,32356
262,150,32357
263,165,32358
259,201,32359
247,237,32360
224,272,32361
211,285,32362
180,305,32363
148,314,32364
94,308,32365
65,293,32366
62,291,32367
23,248,32368
139,161,32369
139,166,32370
138,168,32371
136,169,32372
132,169,32373
129,168,32374
127,167,32375
125,164,32376
123,157,32377
123,155,32378
124,149,32379
126,145,32380
130,140,32381
133,138,32382
143,136,32383
146,136,32384
149,137,32385
159,145,32386
158,143,32387
164,155,32388
166,163,32389
166,165,32390
165,175,32391
159,188,32392
155,192,32393
151,196,32394
139,201,32395
135,202,32396
126,201,32397
115,196,32398
108,191,32399
100,179,32400
97,170,32401
95,158,32402
96,145,32403
98,136,32404
103,125,32405
114,113,32406
123,107,32407
136,103,32408
158,106,32409
154,104,32410
173,115,32411
180,122,32412
186,131,32413
194,159,32414
194,173,32415
190,191,32416
191,189,32417
183,206,32418
168,223,32419
142,234,32420
139,235,32421
120,234,32422
102,226,32423
93,219,32424
79,202,32425
70,181,32426
67,169,32427
66,156,32428
67,143,32429
77,111,32430
85,99,32431
98,85,32432
116,74,32433
142,69,32434
162,72,32435
172,76,32436
190,88,32437
201,99,32438
217,129,32439
220,140,32440
223,168,32441
219,196,32442
208,223,32443
198,237,32444
182,252,32445
160,264,32446
142,268,32447
118,267,32448
89,256,32449
76,246,32450
65,235,32451
46,202,32452
39,173,32453
38,145,32454
46,109,32455
46,108,32456
63,77,32457
96,48,32458
111,41,32459
134,36,32460
154,36,32461
176,42,32462
202,57,32463
235,97,32464
242,112,32465
251,150,32466
252,165,32467
250,189,32468
230,244,32469
225,252,32470
198,280,32471
180,291,32472
138,302,32473
113,300,32474
75,285,32475
61,275,32476
34,244,32477
19,213,32478
13,193,32479
9,151,32480
19,97,32481
30,72,32482
49,46,32483
78,21,32484
95,12,32485
127,3,32486
184,10,32487
135,161,32488
133,159,32489
133,155,32490
134,153,32491
136,150,32492
139,149,32493
143,148,32494
144,148,32495
151,153,32496
152,154,32497
154,159,32498
155,165,32499
155,170,32500
154,173,32501
152,178,32502
146,184,32503
145,186,32504
131,189,32505
130,189,32506
119,184,32507
116,182,32508
112,177,32509
107,166,32510
106,159,32511
107,146,32512
107,145,32513
112,133,32514
119,124,32515
125,120,32516
132,117,32517
141,115,32518
146,115,32519
165,124,32520
172,131,32521
176,137,32522
181,149,32523
183,157,32524
182,179,32525
180,187,32526
170,204,32527
163,211,32528
156,216,32529
138,222,32530
122,221,32531
115,219,32532
102,211,32533
93,202,32534
84,187,32535
80,176,32536
77,152,32537
81,131,32538
84,123,32539
94,106,32540
97,102,32541
116,88,32542
139,82,32543
145,82,32544
175,92,32545
179,94,32546
196,112,32547
202,122,32548
210,145,32549
212,164,32550
210,186,32551
208,195,32552
194,223,32553
175,242,32554
159,251,32555
134,256,32556
116,254,32557
95,245,32558
89,241,32559
67,218,32560
62,210,32561
49,164,32562
49,144,32563
50,137,32564
55,116,32565
69,89,32566
102,59,32567
103,58,32568
126,50,32569
160,50,32570
177,56,32571
209,80,32572
222,97,32573
226,104,32574
235,126,32575
241,164,32576
232,214,32577
228,224,32578
211,251,32579
194,268,32580
176,279,32581
140,289,32582
102,284,32583
101,284,32584
61,259,32585
44,238,32586
27,202,32587
24,191,32588
20,150,32589
25,115,32590
29,102,32591
47,67,32592
87,30,32593
113,19,32594
127,16,32595
168,18,32596
183,23,32597
214,41,32598
245,77,32599
256,98,32600
267,136,32601
269,178,32602
260,223,32603
257,231,32604
231,275,32605
192,307,32606
138,159,32607
142,159,32608
144,161,32609
145,164,32610
144,169,32611
143,171,32612
142,173,32613
137,176,32614
134,177,32615
132,177,32616
125,174,32617
121,170,32618
119,166,32619
118,164,32620
117,153,32621
117,151,32622
119,143,32623
125,135,32624
126,134,32625
135,129,32626
144,128,32627
147,128,32628
152,130,32629
162,137,32630
168,146,32631
169,148,32632
172,169,32633
173,165,32634
169,184,32635
167,188,32636
158,200,32637
151,205,32638
139,209,32639
126,209,32640
122,208,32641
109,201,32642
106,199,32643
95,184,32644
91,174,32645
88,157,32646
90,142,32647
91,136,32648
99,119,32649
105,111,32650
118,101,32651
135,95,32652
153,96,32653
157,97,32654
174,106,32655
181,112,32656
191,126,32657
199,147,32658
201,162,32659
201,174,32660
194,200,32661
186,214,32662
176,226,32663
165,234,32664
138,243,32665
130,243,32666
106,237,32667
97,232,32668
77,212,32669
73,206,32670
62,178,32671
60,146,32672
64,125,32673
70,109,32674
78,96,32675
86,86,32676
109,69,32677
132,62,32678
142,61,32679
171,67,32680
191,79,32681
209,98,32682
213,104,32683
229,151,32684
230,164,32685
221,211,32686
221,212,32687
215,225,32688
197,249,32689
168,269,32690
141,276,32691
117,275,32692
103,271,32693
68,249,32694
50,226,32695
45,217,32696
32,174,32697
31,160,32698
36,116,32699
45,93,32700
57,73,32701
69,59,32702
105,35,32703
134,28,32704
167,31,32705
184,37,32706
216,59,32707
234,81,32708
244,99,32709
253,124,32710
258,179,32711
255,199,32712
239,243,32713
228,260,32714
205,284,32715
187,296,32716
159,307,32717
129,310,32718
94,303,32719
67,289,32720
36,259,32721
23,239,32722
5,187,32723
2,158,32724
10,103,32725
138,163,32726
136,165,32727
132,165,32728
130,163,32729
128,160,32730
127,156,32731
127,154,32732
128,150,32733
131,145,32734
134,143,32735
137,141,32736
144,141,32737
144,140,32738
154,146,32739
156,148,32740
158,151,32741
161,157,32742
162,166,32743
161,172,32744
159,179,32745
155,186,32746
147,193,32747
146,194,32748
134,197,32749
130,197,32750
120,194,32751
112,188,32752
106,181,32753
100,164,32754
99,158,32755
99,154,32756
100,144,32757
110,124,32758
116,117,32759
124,112,32760
131,109,32761
144,107,32762
159,111,32763
161,112,32764
172,120,32765
184,138,32766
186,142,32767
190,163,32768
190,171,32769
184,195,32770
183,198,32771
172,213,32772
161,222,32773
148,228,32774
126,230,32775
110,225,32776
106,223,32777
94,214,32778
79,194,32779
73,176,32780
71,148,32781
71,145,32782
75,127,32783
83,109,32784
96,93,32785
109,83,32786
138,74,32787
158,76,32788
175,83,32789
183,88,32790
201,107,32791
206,115,32792
216,141,32793
219,164,32794
218,181,32795
209,211,32796
192,237,32797
189,240,32798
160,259,32799
144,263,32800
132,264,32801
97,255,32802
78,242,32803
74,238,32804
56,213,32805
48,195,32806
42,150,32807
45,126,32808
58,93,32809
62,86,32810
78,67,32811
115,45,32812
117,44,32813
163,43,32814
170,45,32815
193,56,32816
211,71,32817
227,91,32818
244,134,32819
247,154,32820
243,202,32821
232,232,32822
213,260,32823
206,267,32824
173,289,32825
148,296,32826
126,297,32827
101,292,32828
74,279,32829
37,240,32830
35,237,32831
21,206,32832
13,158,32833
16,124,32834
29,84,32835
39,66,32836
62,39,32837
82,24,32838
105,13,32839
143,7,32840
197,21,32841
210,29,32842
232,48,32843
256,82,32844
136,159,32845
136,155,32846
140,153,32847
141,152,32848
144,153,32849
147,155,32850
149,157,32851
151,162,32852
151,164,32853
150,171,32854
148,176,32855
143,181,32856
142,182,32857
136,184,32858
131,184,32859
128,184,32860
122,181,32861
117,176,32862
112,168,32863
111,163,32864
110,153,32865
111,146,32866
115,136,32867
116,134,32868
125,126,32869
129,123,32870
143,120,32871
145,120,32872
157,124,32873
165,130,32874
173,140,32875
175,144,32876
179,163,32877
179,171,32878
175,187,32879
173,192,32880
168,200,32881
157,210,32882
140,217,32883
127,217,32884
111,211,32885
113,213,32886
100,203,32887
90,190,32888
84,175,32889
82,163,32890
82,146,32891
85,132,32892
99,107,32893
98,108,32894
113,95,32895
127,89,32896
154,88,32897
164,91,32898
181,102,32899
184,105,32900
199,126,32901
203,136,32902
207,151,32903
205,189,32904
197,210,32905
187,225,32906
171,239,32907
163,244,32908
150,249,32909
136,251,32910
103,244,32911
85,232,32912
79,226,32913
70,215,32914
56,182,32915
53,160,32916
54,138,32917
58,121,32918
68,98,32919
99,66,32920
110,60,32921
121,56,32922
159,55,32923
178,62,32924
189,68,32925
218,99,32926
227,116,32927
235,145,32928
236,176,32929
236,179,32930
224,222,32931
216,237,32932
197,259,32933
177,273,32934
158,281,32935
112,282,32936
101,279,32937
83,270,32938
61,252,32939
33,206,32940
28,190,32941
24,160,32942
25,138,32943
35,98,32944
52,68,32945
76,43,32946
97,30,32947
136,20,32948
158,21,32949
174,25,32950
200,37,32951
232,66,32952
240,77,32953
263,138,32954
264,145,32955
259,212,32956
247,243,32957
244,249,32958
204,294,32959
190,303,32960
154,316,32961
131,318,32962
96,312,32963
141,161,32964
141,163,32965
141,167,32966
139,170,32967
137,171,32968
134,172,32969
130,172,32970
126,169,32971
125,168,32972
122,163,32973
121,159,32974
121,153,32975
122,147,32976
123,145,32977
128,138,32978
135,134,32979
138,133,32980
146,133,32981
152,135,32982
157,139,32983
161,143,32984
164,147,32985
168,159,32986
168,172,32987
165,182,32988
163,186,32989
160,191,32990
152,199,32991
146,202,32992
132,205,32993
125,204,32994
115,200,32995
105,191,32996
100,184,32997
95,172,32998
93,162,32999
92,157,33000
97,132,33001
101,124,33002
112,111,33003
123,104,33004
135,100,33005
147,100,33006
153,101,33007
168,107,33008
178,116,33009
186,126,33010
193,141,33011
197,163,33012
196,179,33013
193,191,33014
186,206,33015
167,227,33016
168,227,33017
137,238,33018
130,238,33019
105,231,33020
97,226,33021
88,219,33022
74,199,33023
70,190,33024
64,161,33025
65,140,33026
74,111,33027
84,95,33028
93,86,33029
114,72,33030
125,68,33031
144,66,33032
166,70,33033
191,85,33034
199,93,33035
215,117,33036
223,140,33037
225,176,33038
225,179,33039
219,205,33040
208,228,33041
190,249,33042
169,263,33043
154,269,33044
116,270,33045
105,267,33046
81,254,33047
62,235,33048
51,219,33049
38,183,33050
35,150,33051
38,126,33052
45,104,33053
52,89,33054
79,56,33055
91,47,33056
126,34,33057
150,33,33058
170,37,33059
208,58,33060
221,71,33061
236,93,33062
249,125,33063
254,173,33064
251,198,33065
244,222,33066
231,248,33067
197,284,33068
171,298,33069
139,305,33070
112,303,33071
81,292,33072
57,275,33073
39,256,33074
20,223,33075
12,200,33076
8,181,33077
7,140,33078
17,95,33079
41,51,33080
76,19,33081
106,5,33082
134,162,33083
133,162,33084
131,157,33085
131,156,33086
131,153,33087
135,148,33088
134,148,33089
140,145,33090
142,145,33091
147,146,33092
152,150,33093
153,151,33094
157,160,33095
157,163,33096
157,172,33097
153,180,33098
155,179,33099
147,187,33100
145,189,33101
135,192,33102
131,192,33103
124,191,33104
119,188,33105
109,177,33106
105,168,33107
104,163,33108
104,148,33109
104,145,33110
107,137,33111
112,128,33112
124,117,33113
128,115,33114
148,113,33115
153,114,33116
160,117,33117
173,128,33118
179,136,33119
181,141,33120
186,162,33121
186,167,33122
182,187,33123
173,205,33124
165,213,33125
156,220,33126
139,225,33127
142,225,33128
122,224,33129
107,218,33130
92,205,33131
84,194,33132
77,175,33133
75,160,33134
76,140,33135
80,125,33136
86,113,33137
106,91,33138
115,85,33139
126,81,33140
148,79,33141
154,80,33142
171,86,33143
194,105,33144
202,117,33145
213,147,33146
214,154,33147
213,185,33148
207,205,33149
200,219,33150
182,240,33151
170,249,33152
153,256,33153
133,259,33154
116,257,33155
88,244,33156
68,224,33157
58,208,33158
53,196,33159
47,172,33160
49,128,33161
61,97,33162
72,80,33163
78,73,33164
109,52,33165
131,46,33166
151,46,33167
159,47,33168
193,62,33169
215,82,33170
230,106,33171
241,140,33172
243,174,33173
243,176,33174
236,212,33175
212,254,33176
197,269,33177
184,278,33178
154,290,33179
116,291,33180
101,287,33181
66,267,33182
44,243,33183
31,220,33184
23,198,33185
18,170,33186
19,131,33187
36,80,33188
43,68,33189
68,40,33190
98,21,33191
109,17,33192
137,12,33193
186,21,33194
212,36,33195
226,48,33196
251,82,33197
265,116,33198
272,161,33199
269,199,33200
253,246,33201
137,159,33202
141,156,33203
144,157,33204
146,160,33205
147,163,33206
147,166,33207
147,168,33208
145,173,33209
144,175,33210
137,179,33211
131,179,33212
133,180,33213
128,179,33214
121,174,33215
117,168,33216
115,163,33217
114,158,33218
115,148,33219
117,142,33220
122,134,33221
124,132,33222
132,127,33223
138,125,33224
149,126,33225
150,126,33226
163,134,33227
167,139,33228
172,148,33229
175,162,33230
175,167,33231
174,176,33232
172,184,33233
157,204,33234
152,208,33235
143,211,33236
132,213,33237
121,211,33238
114,208,33239
99,195,33240
93,186,33241
88,172,33242
86,163,33243
87,142,33244
88,137,33245
95,120,33246
103,109,33247
111,102,33248
124,95,33249
148,92,33250
158,94,33251
172,101,33252
187,115,33253
190,119,33254
196,129,33255
203,173,33256
203,178,33257
197,200,33258
192,210,33259
179,227,33260
158,241,33261
150,244,33262
136,246,33263
108,241,33264
100,237,33265
84,225,33266
73,211,33267
59,176,33268
57,160,33269
59,134,33270
60,129,33271
74,97,33272
94,75,33273
111,65,33274
121,61,33275
143,58,33276
172,64,33277
183,70,33278
200,83,33279
223,118,33280
227,130,33281
232,156,33282
229,195,33283
224,212,33284
205,244,33285
200,250,33286
171,271,33287
141,279,33288
145,279,33289
97,272,33290
84,265,33291
65,250,33292
43,219,33293
36,203,33294
29,143,33295
29,140,33296
35,111,33297
51,77,33298
69,55,33299
92,38,33300
126,26,33301
163,27,33302
168,28,33303
202,44,33304
228,68,33305
244,93,33306
252,112,33307
259,139,33308
258,198,33309
251,223,33310
232,259,33311
227,266,33312
199,292,33313
149,312,33314
128,313,33315
86,303,33316
61,288,33317
47,276,33318
16,231,33319
4,195,33320
139,164,33321
138,166,33322
136,167,33323
133,168,33324
129,166,33325
128,165,33326
125,160,33327
125,159,33328
125,152,33329
128,146,33330
129,143,33331
132,141,33332
135,139,33333
144,138,33334
148,139,33335
153,141,33336
158,146,33337
160,149,33338
163,156,33339
164,163,33340
164,172,33341
161,181,33342
157,188,33343
152,193,33344
145,197,33345
136,200,33346
127,199,33347
119,197,33348
110,190,33349
105,184,33350
99,172,33351
97,163,33352
97,151,33353
98,142,33354
105,126,33355
111,118,33356
117,112,33357
128,107,33358
142,104,33359
149,105,33360
164,111,33361
172,116,33362
183,130,33363
190,145,33364
192,156,33365
193,167,33366
187,195,33367
178,210,33368
172,217,33369
159,227,33370
149,231,33371
136,233,33372
114,230,33373
100,223,33374
85,208,33375
83,205,33376
71,179,33377
68,159,33378
68,147,33379
74,122,33380
80,109,33381
96,89,33382
120,75,33383
125,73,33384
145,71,33385
155,72,33386
182,84,33387
195,95,33388
208,113,33389
217,134,33390
221,158,33391
220,183,33392
212,211,33393
199,233,33394
195,238,33395
165,260,33396
144,266,33397
131,267,33398
112,264,33399
79,246,33400
76,244,33401
58,222,33402
42,183,33403
40,169,33404
42,128,33405
45,116,33406
67,75,33407
78,63,33408
88,55,33409
134,38,33410
132,38,33411
176,44,33412
197,55,33413
210,66,33414
232,95,33415
245,127,33416
249,147,33417
250,173,33418
239,223,33419
227,246,33420
211,266,33421
189,284,33422
155,298,33423
126,300,33424
111,298,33425
71,280,33426
56,268,33427
27,228,33428
22,217,33429
11,166,33430
12,132,33431
15,116,33432
29,78,33433
44,54,33434
87,18,33435
116,7,33436
141,4,33437
182,11,33438
208,24,33439
134,159,33440
134,156,33441
135,153,33442
138,151,33443
140,150,33444
142,150,33445
146,150,33446
149,153,33447
150,154,33448
153,160,33449
153,169,33450
153,170,33451
150,178,33452
149,179,33453
144,184,33454
140,186,33455
133,188,33456
129,187,33457
120,183,33458
113,175,33459
110,169,33460
109,167,33461
107,157,33462
108,148,33463
113,135,33464
114,133,33465
122,124,33466
129,120,33467
140,117,33468
152,119,33469
158,121,33470
160,122,33471
174,137,33472
178,145,33473
181,158,33474
182,167,33475
180,182,33476
171,200,33477
163,209,33478
158,213,33479
137,220,33480
141,220,33481
122,219,33482
111,215,33483
95,202,33484
90,195,33485
83,180,33486
79,161,33487
80,142,33488
81,136,33489
93,110,33490
99,103,33491
108,95,33492
128,85,33493
146,84,33494
164,88,33495
168,90,33496
187,104,33497
194,112,33498
202,126,33499
210,156,33500
210,175,33501
205,198,33502
201,208,33503
190,226,33504
163,247,33505
156,250,33506
130,254,33507
116,252,33508
104,248,33509
78,229,33510
61,204,33511
53,181,33512
51,169,33513
50,154,33514
56,118,33515
62,104,33516
76,82,33517
100,62,33518
134,51,33519
144,50,33520
177,58,33521
185,62,33522
200,73,33523
225,106,33524
232,122,33525
239,161,33526
238,184,33527
229,218,33528
220,235,33529
198,262,33530
192,267,33531
151,286,33532
117,286,33533
112,285,33534
88,276,33535
56,251,33536
48,241,33537
29,203,33538
23,177,33539
24,128,33540
33,96,33541
47,70,33542
58,56,33543
78,38,33544
127,18,33545
137,17,33546
178,23,33547
194,30,33548
219,48,33549
249,87,33550
258,108,33551
265,134,33552
268,169,33553
264,203,33554
245,252,33555
227,277,33556
199,301,33557
166,316,33558
139,159,33559
142,160,33560
143,163,33561
143,168,33562
141,171,33563
140,172,33564
137,175,33565
132,175,33566
131,175,33567
125,172,33568
123,170,33569
121,167,33570
119,161,33571
118,154,33572
119,149,33573
123,140,33574
124,138,33575
131,133,33576
138,130,33577
142,130,33578
150,131,33579
156,134,33580
164,142,33581
167,147,33582
170,157,33583
171,167,33584
170,174,33585
169,180,33586
161,194,33587
155,200,33588
147,205,33589
136,208,33590
126,207,33591
117,204,33592
108,198,33593
103,193,33594
95,181,33595
90,161,33596
90,152,33597
91,143,33598
102,118,33599
103,116,33600
115,105,33601
126,99,33602
135,97,33603
149,97,33604
166,103,33605
182,116,33606
186,121,33607
192,131,33608
199,156,33609
198,181,33610
196,190,33611
189,207,33612
180,219,33613
157,236,33614
146,240,33615
130,241,33616
119,240,33617
96,229,33618
92,226,33619
79,212,33620
67,189,33621
63,174,33622
61,158,33623
65,127,33624
76,102,33625
84,91,33626
104,74,33627
121,66,33628
140,63,33629
173,70,33630
184,76,33631
192,82,33632
216,113,33633
224,134,33634
227,148,33635
228,173,33636
220,210,33637
203,239,33638
205,237,33639
189,254,33640
161,270,33641
132,275,33642
109,271,33643
83,259,33644
65,243,33645
45,213,33646
36,187,33647
33,166,33648
34,134,33649
44,99,33650
52,83,33651
75,56,33652
85,48,33653
105,37,33654
150,30,33655
168,33,33656
188,41,33657
211,57,33658
238,91,33659
248,113,33660
256,150,33661
256,184,33662
250,213,33663
232,251,33664
226,260,33665
183,296,33666
163,304,33667
136,308,33668
99,303,33669
66,286,33670
42,264,33671
27,243,33672
8,194,33673
4,164,33674
4,147,33675
13,98,33676
33,58,33677
136,164,33678
135,164,33679
131,163,33680
130,161,33681
129,158,33682
129,153,33683
130,149,33684
131,148,33685
135,144,33686
137,143,33687
142,142,33688
146,143,33689
151,145,33690
157,153,33691
159,157,33692
160,163,33693
160,170,33694
158,177,33695
154,184,33696
152,187,33697
144,193,33698
141,194,33699
130,195,33700
126,194,33701
120,192,33702
109,182,33703
105,175,33704
102,167,33705
101,152,33706
103,140,33707
105,135,33708
110,126,33709
124,114,33710
123,114,33711
136,110,33712
150,110,33713
161,114,33714
167,118,33715
181,135,33716
183,139,33717
188,160,33718
189,166,33719
187,180,33720
177,204,33721
178,203,33722
161,220,33723
156,223,33724
137,228,33725
117,226,33726
106,221,33727
90,207,33728
82,195,33729
78,187,33730
74,175,33731
73,142,33732
76,129,33733
78,123,33734
90,102,33735
111,84,33736
130,77,33737
138,76,33738
159,78,33739
175,85,33740
186,93,33741
199,107,33742
211,130,33743
215,144,33744
217,173,33745
212,199,33746
207,212,33747
194,232,33748
175,249,33749
144,261,33750
136,262,33751
116,260,33752
95,252,33753
81,242,33754
57,212,33755
51,198,33756
45,173,33757
44,142,33758
52,109,33759
58,96,33760
71,77,33761
100,53,33762
125,44,33763
150,43,33764
153,43,33765
186,54,33766
215,78,33767
230,100,33768
242,132,33769
241,127,33770
246,165,33771
236,219,33772
223,244,33773
218,251,33774
191,277,33775
159,292,33776
140,295,33777
98,289,33778
86,284,33779
50,255,33780
34,232,33781
21,200,33782
15,164,33783
15,145,33784
21,110,33785
28,90,33786
67,37,33787
76,30,33788
116,12,33789
148,9,33790
176,14,33791
199,24,33792
220,39,33793
250,75,33794
266,110,33795
271,130,33796
137,160,33797
138,154,33798
141,154,33799
144,154,33800
147,158,33801
148,159,33802
149,161,33803
150,166,33804
150,167,33805
145,177,33806
143,179,33807
140,181,33808
135,183,33809
128,182,33810
125,180,33811
121,178,33812
117,174,33813
114,168,33814
112,159,33815
112,150,33816
114,142,33817
117,136,33818
119,133,33819
131,124,33820
141,122,33821
144,122,33822
152,124,33823
163,130,33824
170,139,33825
173,144,33826
177,156,33827
178,164,33828
175,182,33829
175,183,33830
166,199,33831
158,207,33832
151,212,33833
140,215,33834
124,215,33835
112,210,33836
103,203,33837
100,201,33838
90,186,33839
85,172,33840
83,157,33841
84,142,33842
93,118,33843
95,115,33844
112,98,33845
118,94,33846
147,89,33847
158,91,33848
173,98,33849
181,104,33850
196,124,33851
203,142,33852
206,158,33853
206,172,33854
203,191,33855
199,202,33856
191,217,33857
175,234,33858
149,247,33859
137,249,33860
110,245,33861
97,239,33862
88,232,33863
71,213,33864
59,187,33865
57,180,33866
56,136,33867
58,127,33868
72,95,33869
85,79,33870
102,66,33871
125,57,33872
141,55,33873
159,57,33874
172,61,33875
213,95,33876
210,90,33877
225,116,33878
231,133,33879
235,164,33880
232,194,33881
222,223,33882
193,260,33883
187,265,33884
167,276,33885
140,282,33886
122,282,33887
90,272,33888
67,256,33889
45,228,33890
34,204,33891
27,175,33892
26,146,33893
31,115,33894
51,72,33895
67,53,33896
82,41,33897
97,32,33898
149,22,33899
164,24,33900
200,39,33901
214,50,33902
241,82,33903
252,104,33904
260,130,33905
263,180,33906
258,210,33907
249,235,33908
220,278,33909
194,299,33910
154,314,33911
137,316,33912
103,312,33913
79,303,33914
46,279,33915
140,161,33916
140,165,33917
139,168,33918
136,170,33919
134,170,33920
131,170,33921
128,169,33922
126,167,33923
123,161,33924
122,156,33925
122,155,33926
124,147,33927
126,143,33928
131,138,33929
138,135,33930
139,135,33931
149,136,33932
152,137,33933
155,139,33934
164,152,33935
165,154,33936
166,156,33937
167,166,33938
165,178,33939
159,189,33940
155,194,33941
150,198,33942
142,202,33943
133,203,33944
120,200,33945
111,195,33946
103,186,33947
98,176,33948
97,174,33949
94,154,33950
94,150,33951
97,135,33952
109,116,33953
119,108,33954
130,103,33955
139,102,33956
151,102,33957
167,109,33958
177,117,33959
179,119,33960
188,133,33961
195,158,33962
195,171,33963
193,185,33964
191,192,33965
176,217,33966
165,226,33967
149,234,33968
147,235,33969
121,235,33970
111,232,33971
95,222,33972
81,207,33973
72,191,33974
66,167,33975
65,154,33976
69,129,33977
76,111,33978
84,98,33979
96,85,33980
126,70,33981
146,68,33982
159,70,33983
183,81,33984
186,83,33985
210,111,33986
213,117,33987
222,144,33988
224,163,33989
221,193,33990
216,209,33991
192,245,33992
180,255,33993
163,264,33994
124,269,33995
121,269,33996
94,260,33997
68,240,33998
57,226,33999
42,192,34000
37,166,34001
39,131,34002
38,135,34003
55,87,34004
66,72,34005
97,46,34006
113,39,34007
123,36,34008
159,36,34009
189,47,34010
220,73,34011
226,80,34012
238,100,34013
252,151,34014
252,183,34015
244,217,34016
236,236,34017
209,272,34018
201,279,34019
176,294,34020
128,303,34021
125,303,34022
83,291,34023
49,265,34024
33,244,34025
20,219,34026
9,175,34027
8,159,34028
11,121,34029
27,76,34030
52,41,34031
79,19,34032
116,4,34033
140,1,34034
134,161,34035
132,159,34036
132,156,34037
133,153,34038
134,151,34039
138,148,34040
139,147,34041
144,147,34042
149,150,34043
149,149,34044
153,154,34045
155,161,34046
156,163,34047
155,173,34048
154,176,34049
149,183,34050
148,185,34051
136,190,34052
130,190,34053
124,188,34054
118,185,34055
113,180,34056
112,179,34057
107,169,34058
105,153,34059
106,145,34060
107,142,34061
111,132,34062
123,120,34063
126,118,34064
133,115,34065
145,114,34066
153,116,34067
168,125,34068
176,135,34069
181,145,34070
182,148,34071
184,170,34072
184,174,34073
176,197,34074
167,209,34075
166,210,34076
153,219,34077
140,223,34078
133,224,34079
117,221,34080
97,208,34081
95,206,34082
82,185,34083
78,173,34084
76,154,34085
80,131,34086
85,118,34087
94,104,34088
101,97,34089
118,86,34090
130,82,34091
158,83,34092
160,83,34093
189,102,34094
192,105,34095
208,134,34096
211,146,34097
213,168,34098
212,182,34099
204,208,34100
184,236,34101
177,242,34102
150,255,34103
139,257,34104
122,256,34105
100,249,34106
81,236,34107
74,229,34108
59,206,34109
51,184,34110
48,146,34111
51,126,34112
62,98,34113
87,68,34114
99,59,34115
114,52,34116
142,47,34117
154,48,34118
177,55,34119
204,73,34120
222,95,34121
234,120,34122
241,151,34123
241,180,34124
235,209,34125
231,220,34126
218,244,34127
182,277,34128
170,283,34129
140,290,34130
107,287,34131
85,278,34132
63,262,34133
39,232,34134
26,202,34135
20,175,34136
20,137,34137
25,111,34138
36,83,34139
59,51,34140
83,31,34141
109,19,34142
125,15,34143
178,20,34144
193,26,34145
214,40,34146
232,57,34147
254,91,34148
265,122,34149
270,178,34150
260,226,34151
253,243,34152
214,293,34153
138,158,34154
141,157,34155
144,159,34156
145,162,34157
145,168,34158
145,169,34159
143,173,34160
141,175,34161
138,177,34162
134,178,34163
128,177,34164
126,176,34165
120,170,34166
117,164,34167
116,160,34168
116,151,34169
116,150,34170
121,138,34171
122,137,34172
128,131,34173
134,128,34174
138,127,34175
150,128,34176
159,133,34177
164,138,34178
170,148,34179
172,154,34180
173,159,34181
172,178,34182
171,181,34183
166,192,34184
157,202,34185
147,208,34186
141,210,34187
132,211,34188
121,209,34189
108,202,34190
101,195,34191
92,180,34192
88,166,34193
88,149,34194
88,145,34195
96,122,34196
97,120,34197
109,106,34198
126,96,34199
130,95,34200
154,95,34201
158,96,34202
172,103,34203
190,122,34204
197,137,34205
198,139,34206
202,160,34207
199,189,34208
196,198,34209
189,212,34210
170,232,34211
162,237,34212
139,244,34213
127,244,34214
108,239,34215
94,231,34216
73,208,34217
64,189,34218
59,165,34219
59,147,34220
61,132,34221
70,107,34222
74,100,34223
92,79,34224
113,66,34225
140,60,34226
145,60,34227
176,68,34228
195,81,34229
208,95,34230
224,125,34231
227,135,34232
230,177,34233
225,204,34234
220,217,34235
207,239,34236
192,255,34237
164,272,34238
143,277,34239
116,276,34240
97,270,34241
62,244,34242
54,234,34243
36,197,34244
31,174,34245
30,148,34246
37,110,34247
42,97,34248
63,64,34249
74,53,34250
107,33,34251
134,27,34252
168,30,34253
180,34,34254
223,65,34255
234,79,34256
251,114,34257
259,153,34258
258,187,34259
258,188,34260
236,250,34261
223,268,34262
191,295,34263
175,303,34264
155,309,34265
126,311,34266
78,297,34267
54,280,34268
31,254,34269
11,214,34270
6,197,34271
3,130,34272
138,165,34273
137,165,34274
132,166,34275
130,165,34276
128,162,34277
127,160,34278
126,157,34279
126,153,34280
128,148,34281
132,143,34282
134,141,34283
139,140,34284
143,139,34285
148,141,34286
151,142,34287
155,145,34288
159,150,34289
162,161,34290
163,166,34291
162,173,34292
157,185,34293
150,192,34294
152,191,34295
141,197,34296
135,198,34297
122,196,34298
113,190,34299
110,188,34300
103,177,34301
100,169,34302
98,159,34303
98,153,34304
102,136,34305
108,124,34306
115,117,34307
125,110,34308
132,107,34309
142,106,34310
151,107,34311
171,118,34312
181,130,34313
183,133,34314
188,145,34315
191,162,34316
191,172,34317
187,191,34318
176,210,34319
167,219,34320
156,226,34321
142,231,34322
127,231,34323
117,229,34324
97,218,34325
94,216,34326
75,186,34327
70,163,34328
70,165,34329
72,134,34330
78,116,34331
84,106,34332
101,87,34333
117,78,34334
130,74,34335
147,73,34336
172,80,34337
182,86,34338
197,100,34339
212,125,34340
216,137,34341
220,170,34342
214,201,34343
205,221,34344
196,234,34345
179,250,34346
173,254,34347
136,265,34348
133,265,34349
93,254,34350
80,245,34351
65,229,34352
55,214,34353
42,173,34354
41,161,34355
43,131,34356
53,100,34357
69,75,34358
81,63,34359
108,46,34360
125,41,34361
159,41,34362
185,50,34363
204,63,34364
212,70,34365
238,111,34366
245,134,34367
248,177,34368
247,187,34369
241,213,34370
216,258,34371
196,277,34372
173,290,34373
142,298,34374
107,295,34375
100,293,34376
71,278,34377
49,258,34378
20,206,34379
13,172,34380
13,174,34381
21,101,34382
36,69,34383
48,52,34384
66,34,34385
81,23,34386
138,6,34387
147,6,34388
184,14,34389
221,36,34390
242,58,34391
136,160,34392
135,156,34393
137,153,34394
138,152,34395
144,152,34396
146,153,34397
147,153,34398
150,157,34399
152,162,34400
152,165,34401
151,172,34402
149,176,34403
147,179,34404
140,184,34405
135,185,34406
133,186,34407
125,184,34408
116,176,34409
116,177,34410
110,162,34411
109,159,34412
109,154,34413
110,145,34414
112,140,34415
122,127,34416
127,123,34417
134,120,34418
145,119,34419
150,120,34420
163,127,34421
168,131,34422
173,138,34423
177,147,34424
180,162,34425
179,177,34426
178,182,34427
175,191,34428
160,209,34429
156,212,34430
145,217,34431
123,217,34432
124,218,34433
103,207,34434
99,204,34435
90,192,34436
84,178,34437
81,164,34438
82,140,34439
90,118,34440
95,110,34441
101,103,34442
119,91,34443
135,86,34444
142,85,34445
166,91,34446
179,99,34447
193,114,34448
200,126,34449
205,138,34450
209,163,34451
208,179,34452
203,199,34453
187,226,34454
184,230,34455
164,245,34456
145,251,34457
130,252,34458
110,248,34459
91,238,34460
73,221,34461
59,195,34462
55,182,34463
52,150,34464
56,124,34465
57,120,34466
75,86,34467
91,70,34468
107,60,34469
125,54,34470
152,53,34471
183,63,34472
197,73,34473
203,78,34474
224,107,34475
234,136,34476
237,152,34477
234,196,34478
231,208,34479
219,234,34480
181,272,34481
178,274,34482
150,284,34483
134,286,34484
96,278,34485
78,268,34486
42,228,34487
37,219,34488
27,190,34489
23,159,34490
24,138,34491
35,96,34492
45,76,34493
65,51,34494
99,28,34495
133,19,34496
157,20,34497
178,25,34498
212,44,34499
235,68,34500
257,110,34501
265,144,34502
266,159,34503
264,194,34504
249,242,34505
229,272,34506
202,297,34507
173,312,34508
155,317,34509
130,319,34510
138,160,34511
142,163,34512
142,167,34513
140,170,34514
139,171,34515
135,173,34516
133,174,34517
131,173,34518
128,172,34519
122,165,34520
122,166,34521
120,157,34522
120,151,34523
121,147,34524
123,143,34525
127,138,34526
130,135,34527
138,132,34528
146,132,34529
155,136,34530
158,138,34531
161,141,34532
166,149,34533
169,159,34534
169,169,34535
167,180,34536
161,191,34537
160,193,34538
152,200,34539
144,204,34540
135,206,34541
128,206,34542
111,198,34543
107,195,34544
100,186,34545
94,173,34546
91,158,34547
92,146,34548
95,134,34549
104,118,34550
114,108,34551
122,103,34552
135,99,34553
150,99,34554
161,102,34555
166,105,34556
177,113,34557
186,124,34558
193,138,34559
198,161,34560
197,178,34561
189,203,34562
182,214,34563
172,225,34564
152,236,34565
145,238,34566
127,239,34567
103,231,34568
97,228,34569
81,212,34570
75,203,34571
64,171,34572
63,159,34573
64,139,34574
68,122,34575
78,102,34576
89,88,34577
118,69,34578
125,67,34579
155,66,34580
177,74,34581
179,75,34582
203,96,34583
211,107,34584
223,137,34585
226,151,34586
222,199,34587
218,211,34588
209,228,34589
177,260,34590
176,261,34591
145,272,34592
135,273,34593
111,270,34594
76,251,34595
58,232,34596
50,219,34597
37,184,34598
34,150,34599
36,133,34600
43,106,34601
68,65,34602
66,67,34603
103,40,34604
125,33,34605
150,32,34606
184,41,34607
211,59,34608
215,63,34609
235,89,34610
250,125,34611
255,173,34612
254,186,34613
244,225,34614
231,250,34615
214,271,34616
183,294,34617
140,306,34618
124,306,34619
100,301,34620
75,290,34621
50,270,34622
21,228,34623
15,213,34624
6,171,34625
10,115,34626
25,74,34627
42,48,34628
79,16,34629
137,162,34630
132,162,34631
131,160,34632
130,156,34633
130,154,34634
132,150,34635
133,148,34636
135,146,34637
141,144,34638
145,144,34639
150,147,34640
154,151,34641
156,154,34642
157,157,34643
159,165,34644
158,170,34645
158,173,34646
150,186,34647
148,188,34648
143,191,34649
135,193,34650
133,194,34651
119,189,34652
112,183,34653
109,179,34654
104,168,34655
103,151,34656
102,157,34657
104,142,34658
110,129,34659
113,125,34660
122,117,34661
131,113,34662
143,111,34663
154,113,34664
164,118,34665
168,121,34666
178,133,34667
184,146,34668
187,163,34669
185,180,34670
184,186,34671
178,199,34672
172,208,34673
159,219,34674
149,224,34675
126,226,34676
121,225,34677
108,220,34678
92,207,34679
85,197,34680
76,175,34681
74,161,34682
74,145,34683
80,123,34684
86,111,34685
100,94,34686
115,84,34687
129,79,34688
147,78,34689
159,80,34690
181,91,34691
190,99,34692
209,129,34693
211,135,34694
215,153,34695
213,189,34696
209,203,34697
198,224,34698
191,233,34699
162,254,34700
136,260,34701
135,260,34702
99,252,34703
92,248,34704
74,233,34705
56,206,34706
49,187,34707
45,151,34708
47,135,34709
56,104,34710
66,86,34711
82,68,34712
111,50,34713
125,46,34714
154,45,34715
167,48,34716
194,61,34717
210,75,34718
235,115,34719
242,139,34720
244,173,34721
242,193,34722
227,234,34723
223,241,34724
192,274,34725
168,287,34726
144,293,34727
111,291,34728
107,290,34729
81,279,34730
45,246,34731
37,234,34732
21,194,34733
18,180,34734
19,126,34735
33,83,34736
40,71,34737
71,36,34738
100,19,34739
134,11,34740
149,11,34741
179,17,34742
207,31,34743
230,51,34744
247,73,34745
269,128,34746
273,172,34747
269,203,34748
138,156,34749
139,156,34750
143,156,34751
144,156,34752
147,161,34753
148,165,34754
148,168,34755
147,171,34756
147,172,34757
141,178,34758
140,179,34759
134,181,34760
131,181,34761
123,177,34762
119,173,34763
116,169,34764
115,167,34765
113,156,34766
114,148,34767
115,144,34768
119,136,34769
126,129,34770
133,125,34771
140,124,34772
146,124,34773
153,126,34774
165,135,34775
168,138,34776
174,152,34777
176,162,34778
176,168,34779
174,181,34780
166,196,34781
166,197,34782
153,208,34783
145,212,34784
135,214,34785
121,212,34786
110,207,34787
100,198,34788
90,181,34789
88,177,34790
85,151,34791
85,148,34792
90,128,34793
93,121,34794
101,110,34795
121,95,34796
130,92,34797
143,90,34798
158,93,34799
174,101,34800
184,110,34801
194,123,34802
200,137,34803
204,157,34804
202,188,34805
200,195,34806
196,205,34807
177,230,34808
163,240,34809
138,247,34810
121,246,34811
116,245,34812
101,239,34813
80,222,34814
73,213,34815
61,188,34816
56,151,34817
57,139,34818
64,114,34819
77,91,34820
89,78,34821
99,70,34822
124,59,34823
139,57,34824
174,64,34825
187,71,34826
204,86,34827
223,116,34828
225,120,34829
233,158,34830
230,196,34831
227,206,34832
218,227,34833
185,264,34834
171,272,34835
162,276,34836
115,279,34837
99,274,34838
71,257,34839
61,247,34840
42,220,34841
30,183,34842
28,171,34843
28,141,34844
35,108,34845
46,83,34846
78,46,34847
97,34,34848
134,24,34849
152,24,34850
187,34,34851
193,37,34852
235,76,34853
247,97,34854
260,139,34855
262,160,34856
261,185,34857
242,245,34858
235,257,34859
201,292,34860
198,294,34861
151,313,34862
111,312,34863
96,308,34864
58,287,34865
40,270,34866
21,243,34867
140,163,34868
138,167,34869
136,168,34870
135,169,34871
130,168,34872
127,165,34873
127,166,34874
124,160,34875
124,154,34876
125,149,34877
125,148,34878
129,142,34879
131,140,34880
138,137,34881
146,137,34882
150,138,34883
152,139,34884
160,147,34885
162,150,34886
164,157,34887
165,169,34888
165,171,34889
163,179,34890
156,191,34891
145,198,34892
144,199,34893
134,201,34894
128,201,34895
120,198,34896
107,188,34897
105,186,34898
99,175,34899
96,161,34900
96,149,34901
98,139,34902
103,127,34903
109,118,34904
121,109,34905
130,105,34906
142,103,34907
161,108,34908
164,109,34909
176,119,34910
180,123,34911
192,149,34912
193,156,34913
193,178,34914
189,192,34915
183,205,34916
178,212,34917
164,225,34918
138,234,34919
143,234,34920
124,234,34921
105,227,34922
89,214,34923
78,199,34924
71,182,34925
67,163,34926
68,141,34927
74,119,34928
87,97,34929
94,90,34930
116,75,34931
124,72,34932
138,70,34933
168,75,34934
178,80,34935
202,102,34936
210,114,34937
217,131,34938
222,173,34939
222,175,34940
217,201,34941
202,231,34942
198,236,34943
163,262,34944
151,266,34945
131,268,34946
109,264,34947
79,248,34948
68,237,34949
59,226,34950
42,187,34951
39,168,34952
40,133,34953
47,108,34954
63,78,34955
67,73,34956
94,50,34957
113,41,34958
155,37,34959
172,41,34960
194,52,34961
217,72,34962
231,91,34963
248,135,34964
249,140,34965
250,184,34966
242,218,34967
216,262,34968
202,276,34969
194,282,34970
166,296,34971
116,300,34972
95,294,34973
66,278,34974
45,258,34975
23,222,34976
20,214,34977
11,177,34978
14,116,34979
17,105,34980
28,77,34981
62,34,34982
90,15,34983
115,6,34984
158,4,34985
192,14,34986
134,160,34987
133,157,34988
134,154,34989
136,151,34990
137,150,34991
141,149,34992
142,148,34993
148,151,34994
151,154,34995
153,157,34996
154,162,34997
154,169,34998
154,172,34999
152,176,35000
149,181,35001
140,187,35002
142,187,35003
129,188,35004
128,188,35005
119,183,35006
113,177,35007
109,170,35008
107,164,35009
106,155,35010
109,141,35011
110,138,35012
118,126,35013
119,125,35014
134,117,35015
141,116,35016
151,117,35017
152,117,35018
165,125,35019
172,132,35020
179,145,35021
182,157,35022
183,163,35023
180,184,35024
175,196,35025
162,211,35026
150,218,35027
145,220,35028
133,222,35029
115,218,35030
112,217,35031
93,201,35032
86,190,35033
83,183,35034
79,169,35035
79,141,35036
85,122,35037
95,106,35038
94,107,35039
113,90,35040
126,85,35041
149,83,35042
154,84,35043
174,92,35044
185,100,35045
195,112,35046
204,128,35047
211,157,35048
210,182,35049
203,206,35050
197,218,35051
179,238,35052
159,250,35053
151,253,35054
129,255,35055
119,254,35056
93,243,35057
74,226,35058
64,212,35059
54,189,35060
50,170,35061
49,155,35062
59,108,35063
70,88,35064
92,66,35065
100,61,35066
120,52,35067
144,49,35068
156,50,35069
187,62,35070
209,81,35071
220,95,35072
237,137,35073
238,141,35074
240,174,35075
233,209,35076
221,236,35077
203,259,35078
181,276,35079
150,287,35080
122,288,35081
104,284,35082
87,277,35083
70,266,35084
32,214,35085
30,209,35086
21,165,35087
21,142,35088
30,101,35089
50,64,35090
62,50,35091
94,27,35092
125,17,35093
150,16,35094
165,18,35095
201,33,35096
222,49,35097
252,91,35098
257,102,35099
269,162,35100
266,198,35101
259,224,35102
249,247,35103
222,284,35104
187,309,35105
140,158,35106
143,160,35107
144,163,35108
144,167,35109
143,170,35110
142,171,35111
141,173,35112
136,176,35113
132,176,35114
128,175,35115
126,174,35116
121,169,35117
118,161,35118
118,163,35119
118,149,35120
119,146,35121
120,142,35122
129,133,35123
134,130,35124
139,129,35125
146,129,35126
148,129,35127
159,135,35128
161,137,35129
169,150,35130
171,157,35131
172,166,35132
172,171,35133
167,187,35134
164,192,35135
158,199,35136
142,208,35137
134,209,35138
125,208,35139
110,201,35140
111,202,35141
97,187,35142
92,175,35143
90,168,35144
90,143,35145
93,133,35146
95,127,35147
112,106,35148
114,104,35149
130,97,35150
143,95,35151
160,99,35152
163,100,35153
180,112,35154
190,125,35155
198,145,35156
200,158,35157
199,182,35158
196,194,35159
192,203,35160
171,229,35161
164,234,35162
153,239,35163
141,242,35164
120,241,35165
100,233,35166
87,223,35167
71,201,35168
63,180,35169
60,157,35170
61,141,35171
63,131,35172
73,105,35173
88,85,35174
108,70,35175
121,65,35176
140,62,35177
160,64,35178
183,74,35179
199,87,35180
215,109,35181
223,127,35182
228,148,35183
228,183,35184
220,212,35185
214,225,35186
193,252,35187
187,257,35188
164,270,35189
121,275,35190
111,273,35191
83,260,35192
59,238,35193
49,223,35194
36,191,35195
32,167,35196
33,134,35197
34,127,35198
58,73,35199
71,58,35200
83,48,35201
125,30,35202
130,29,35203
168,32,35204
208,53,35205
219,63,35206
237,87,35207
246,105,35208
257,148,35209
258,166,35210
244,231,35211
241,238,35212
214,275,35213
191,293,35214
175,301,35215
116,308,35216
106,306,35217
86,299,35218
46,270,35219
31,251,35220
13,215,35221
3,164,35222
4,134,35223
13,96,35224
138,162,35225
135,165,35226
133,165,35227
129,161,35228
128,159,35229
128,155,35230
128,152,35231
129,149,35232
131,146,35233
135,143,35234
140,141,35235
146,142,35236
148,142,35237
153,146,35238
158,152,35239
160,157,35240
161,161,35241
161,168,35242
159,177,35243
155,185,35244
149,191,35245
141,195,35246
142,195,35247
131,196,35248
122,194,35249
114,189,35250
106,179,35251
105,178,35252
100,160,35253
100,151,35254
101,143,35255
106,130,35256
109,126,35257
118,116,35258
135,109,35259
140,108,35260
146,108,35261
163,114,35262
171,120,35263
181,133,35264
185,142,35265
188,151,35266
188,180,35267
185,191,35268
182,198,35269
177,206,35270
158,223,35271
145,228,35272
141,229,35273
120,228,35274
106,222,35275
92,211,35276
84,201,35277
77,188,35278
72,166,35279
71,156,35280
77,123,35281
84,109,35282
98,92,35283
107,85,35284
114,81,35285
148,75,35286
159,77,35287
183,89,35288
189,94,35289
201,108,35290
214,136,35291
218,158,35292
218,172,35293
213,200,35294
203,221,35295
197,230,35296
174,251,35297
163,257,35298
136,263,35299
105,258,35300
87,248,35301
72,235,35302
55,210,35303
45,180,35304
45,181,35305
43,143,35306
49,114,35307
55,100,35308
73,73,35309
93,56,35310
121,44,35311
144,41,35312
160,43,35313
200,62,35314
213,74,35315
224,88,35316
233,103,35317
246,150,35318
247,165,35319
234,226,35320
220,250,35321
212,260,35322
193,277,35323
171,289,35324
124,296,35325
97,290,35326
88,286,35327
52,259,35328
39,242,35329
20,200,35330
16,183,35331
15,135,35332
21,106,35333
42,63,35334
63,39,35335
95,18,35336
97,17,35337
134,8,35338
159,9,35339
213,32,35340
226,43,35341
245,65,35342
269,117,35343
136,157,35344
136,156,35345
139,154,35346
143,153,35347
146,155,35348
147,156,35349
149,158,35350
150,162,35351
151,166,35352
149,172,35353
148,175,35354
145,179,35355
138,183,35356
133,184,35357
126,182,35358
123,181,35359
119,178,35360
113,168,35361
112,166,35362
111,152,35363
111,148,35364
113,142,35365
114,139,35366
121,129,35367
135,122,35368
138,121,35369
144,121,35370
156,124,35371
163,129,35372
172,140,35373
174,143,35374
178,156,35375
178,172,35376
178,175,35377
173,190,35378
166,201,35379
164,204,35380
150,213,35381
134,217,35382
118,214,35383
109,209,35384
105,207,35385
90,188,35386
89,187,35387
83,167,35388
82,158,35389
85,134,35390
91,120,35391
100,107,35392
114,95,35393
118,93,35394
137,88,35395
150,88,35396
167,93,35397
186,108,35398
199,128,35399
202,135,35400
207,158,35401
207,176,35402
202,197,35403
194,214,35404
186,225,35405
174,236,35406
154,247,35407
128,250,35408
119,249,35409
90,235,35410
85,231,35411
71,215,35412
63,201,35413
54,166,35414
54,145,35415
58,123,35416
66,103,35417
74,90,35418
89,74,35419
130,55,35420
146,54,35421
155,55,35422
187,68,35423
197,75,35424
214,94,35425
229,123,35426
236,162,35427
236,165,35428
233,194,35429
218,232,35430
207,248,35431
172,275,35432
154,281,35433
134,284,35434
96,276,35435
79,267,35436
67,257,35437
51,239,35438
34,207,35439
27,182,35440
25,145,35441
28,123,35442
38,93,35443
62,57,35444
77,43,35445
124,22,35446
151,21,35447
169,24,35448
211,46,35449
217,51,35450
241,80,35451
255,109,35452
262,136,35453
264,183,35454
260,206,35455
240,254,35456
220,280,35457
197,298,35458
155,315,35459
117,316,35460
110,315,35461
75,302,35462
139,160,35463
141,165,35464
141,166,35465
139,169,35466
135,171,35467
132,171,35468
132,172,35469
125,167,35470
123,164,35471
122,161,35472
121,156,35473
122,150,35474
125,143,35475
127,140,35476
132,136,35477
137,134,35478
142,133,35479
147,134,35480
152,136,35481
159,142,35482
163,147,35483
166,153,35484
168,163,35485
168,167,35486
165,180,35487
158,192,35488
157,194,35489
149,200,35490
136,204,35491
132,204,35492
121,202,35493
112,197,35494
104,189,35495
96,174,35496
94,165,35497
93,153,35498
93,148,35499
100,127,35500
107,117,35501
118,107,35502
136,101,35503
141,100,35504
154,102,35505
160,104,35506
176,114,35507
183,123,35508
190,135,35509
196,158,35510
196,173,35511
193,189,35512
186,205,35513
172,222,35514
166,227,35515
151,235,35516
138,237,35517
125,237,35518
97,225,35519
92,221,35520
80,208,35521
68,182,35522
66,174,35523
65,143,35524
68,129,35525
77,107,35526
89,90,35527
100,81,35528
121,70,35529
147,67,35530
149,67,35531
169,72,35532
199,94,35533
211,111,35534
218,126,35535
222,139,35536
225,169,35537
221,197,35538
205,231,35539
206,230,35540
183,254,35541
160,266,35542
129,271,35543
105,266,35544
97,263,35545
77,250,35546
55,224,35547
41,193,35548
38,180,35549
36,144,35550
45,105,35551
56,84,35552
65,71,35553
80,56,35554
112,38,35555
131,34,35556
164,36,35557
203,55,35558
207,58,35559
230,84,35560
248,124,35561
253,151,35562
253,180,35563
250,200,35564
239,232,35565
224,257,35566
190,288,35567
155,302,35568
141,304,35569
110,302,35570
91,296,35571
58,275,35572
31,243,35573
19,219,35574
8,175,35575
7,149,35576
13,109,35577
24,80,35578
44,48,35579
86,14,35580
127,1,35581
136,162,35582
132,160,35583
132,158,35584
132,153,35585
132,152,35586
136,148,35587
138,146,35588
140,146,35589
144,146,35590
149,148,35591
152,151,35592
155,156,35593
156,158,35594
157,167,35595
157,169,35596
151,182,35597
155,178,35598
146,187,35599
138,191,35600
131,191,35601
128,191,35602
120,188,35603
114,183,35604
109,176,35605
105,165,35606
104,158,35607
106,142,35608
107,138,35609
113,128,35610
116,124,35611
122,119,35612
138,113,35613
150,114,35614
162,119,35615
165,121,35616
173,129,35617
181,142,35618
185,158,35619
185,173,35620
183,183,35621
177,197,35622
173,204,35623
157,218,35624
156,219,35625
142,224,35626
133,225,35627
107,217,35628
102,214,35629
92,204,35630
81,186,35631
77,172,35632
76,145,35633
77,138,35634
84,117,35635
93,104,35636
103,94,35637
125,82,35638
147,80,35639
142,79,35640
173,88,35641
181,93,35642
197,110,35643
205,124,35644
211,141,35645
213,181,35646
208,201,35647
202,214,35648
187,235,35649
173,246,35650
165,251,35651
137,258,35652
112,255,35653
101,251,35654
89,244,35655
61,212,35656
54,197,35657
47,165,35658
47,143,35659
52,119,35660
64,93,35661
66,89,35662
100,57,35663
124,48,35664
145,46,35665
170,51,35666
178,54,35667
212,80,35668
214,82,35669
232,112,35670
240,138,35671
242,181,35672
234,215,35673
231,223,35674
212,253,35675
197,268,35676
159,288,35677
144,291,35678
110,289,35679
78,275,35680
67,267,35681
45,243,35682
35,227,35683
19,174,35684
18,160,35685
24,111,35686
44,68,35687
59,49,35688
96,23,35689
111,17,35690
149,13,35691
160,14,35692
195,26,35693
225,48,35694
251,83,35695
266,122,35696
267,126,35697
271,177,35698
266,210,35699
246,257,35700
138,157,35701
142,157,35702
144,158,35703
146,161,35704
146,163,35705
146,169,35706
146,170,35707
144,173,35708
141,177,35709
138,178,35710
134,179,35711
128,178,35712
124,176,35713
121,173,35714
116,164,35715
115,160,35716
114,155,35717
116,146,35718
120,138,35719
125,132,35720
129,129,35721
137,126,35722
142,125,35723
156,130,35724
160,132,35725
163,135,35726
170,145,35727
174,159,35728
174,171,35729
173,178,35730
169,189,35731
168,191,35732
155,205,35733
154,206,35734
141,211,35735
132,212,35736
120,210,35737
104,200,35738
99,194,35739
91,180,35740
87,163,35741
86,157,35742
89,136,35743
91,130,35744
103,110,35745
106,107,35746
117,99,35747
135,93,35748
151,93,35749
159,95,35750
174,103,35751
186,115,35752
199,139,35753
199,138,35754
203,164,35755
202,180,35756
195,203,35757
180,225,35758
166,236,35759
156,241,35760
140,245,35761
125,245,35762
103,238,35763
92,231,35764
75,213,35765
67,199,35766
61,182,35767
58,146,35768
61,128,35769
64,118,35770
86,83,35771
94,76,35772
115,64,35773
136,59,35774
147,59,35775
167,63,35776
199,83,35777
217,107,35778
225,125,35779
231,154,35780
232,167,35781
228,197,35782
222,215,35783
206,242,35784
185,262,35785
167,272,35786
144,278,35787
104,274,35788
101,273,35789
75,258,35790
52,233,35791
37,203,35792
31,182,35793
29,159,35794
32,125,35795
48,83,35796
67,58,35797
85,43,35798
97,36,35799
132,26,35800
172,30,35801
198,42,35802
218,58,35803
237,82,35804
254,120,35805
256,128,35806
260,179,35807
256,204,35808
244,238,35809
226,266,35810
190,297,35811
170,306,35812
142,312,35813
123,312,35814
81,300,35815
47,275,35816
23,243,35817
7,205,35818
3,187,35819
139,163,35820
137,166,35821
133,167,35822
131,167,35823
129,165,35824
128,164,35825
126,161,35826
125,157,35827
126,150,35828
130,144,35829
129,144,35830
133,141,35831
136,139,35832
142,138,35833
151,141,35834
153,142,35835
158,147,35836
162,155,35837
163,161,35838
164,166,35839
162,177,35840
160,182,35841
158,186,35842
148,195,35843
136,199,35844
129,199,35845
120,196,35846
114,193,35847
107,185,35848
104,181,35849
99,170,35850
97,158,35851
99,142,35852
100,137,35853
105,127,35854
113,117,35855
117,113,35856
133,106,35857
142,105,35858
157,108,35859
177,123,35860
180,126,35861
188,142,35862
191,152,35863
192,169,35864
191,180,35865
185,198,35866
173,215,35867
162,224,35868
153,229,35869
140,232,35870
120,231,35871
105,225,35872
106,226,35873
86,208,35874
74,186,35875
69,165,35876
69,146,35877
72,129,35878
75,121,35879
86,101,35880
105,83,35881
125,74,35882
129,73,35883
149,72,35884
173,79,35885
181,84,35886
195,96,35887
215,130,35888
217,136,35889
221,165,35890
217,195,35891
210,214,35892
199,232,35893
175,254,35894
155,263,35895
137,266,35896
111,263,35897
105,261,35898
79,245,35899
64,230,35900
52,210,35901
42,180,35902
40,151,35903
47,112,35904
51,102,35905
74,68,35906
79,63,35907
99,49,35908
131,39,35909
160,40,35910
189,51,35911
200,58,35912
220,78,35913
234,100,35914
248,145,35915
249,179,35916
245,203,35917
237,226,35918
214,262,35919
182,287,35920
169,293,35921
150,298,35922
110,297,35923
85,288,35924
54,265,35925
35,241,35926
25,222,35927
14,187,35928
11,155,35929
13,130,35930
34,70,35931
40,61,35932
64,34,35933
108,10,35934
149,5,35935
158,6,35936
190,15,35937
226,39,35938
135,160,35939
134,157,35940
136,153,35941
137,152,35942
143,151,35943
144,151,35944
146,151,35945
149,154,35946
152,159,35947
153,163,35948
153,166,35949
151,174,35950
150,177,35951
147,181,35952
137,186,35953
139,186,35954
133,187,35955
123,184,35956
117,180,35957
114,175,35958
111,170,35959
108,160,35960
108,152,35961
111,140,35962
113,136,35963
118,129,35964
126,122,35965
133,119,35966
144,118,35967
153,120,35968
163,125,35969
171,133,35970
176,142,35971
180,154,35972
181,168,35973
181,172,35974
176,191,35975
167,204,35976
163,208,35977
155,214,35978
129,219,35979
131,220,35980
111,214,35981
106,211,35982
95,201,35983
84,181,35984
80,164,35985
80,147,35986
80,146,35987
88,119,35988
97,106,35989
111,94,35990
120,89,35991
124,87,35992
155,86,35993
167,90,35994
186,104,35995
198,120,35996
196,116,35997
209,152,35998
210,168,35999
206,193,36000
198,212,36001
196,216,36002
177,238,36003
159,248,36004
138,253,36005
127,253,36006
104,247,36007
96,243,36008
66,212,36009
58,195,36010
53,178,36011
51,160,36012
51,145,36013
57,117,36014
71,90,36015
88,71,36016
103,61,36017
130,52,36018
145,51,36019
185,63,36020
190,66,36021
209,83,36022
231,122,36023
234,131,36024
237,185,36025
233,205,36026
223,229,36027
204,255,36028
197,262,36029
168,280,36030
137,287,36031
115,285,36032
98,280,36033
63,257,36034
44,234,36035
31,207,36036
23,172,36037
22,152,36038
25,126,36039
31,103,36040
53,63,36041
75,41,36042
96,28,36043
135,18,36044
169,21,36045
176,23,36046
217,47,36047
228,58,36048
246,83,36049
262,123,36050
267,159,36051
266,189,36052
245,251,36053
235,266,36054
201,299,36055
176,312,36056
149,319,36057
140,159,36058
142,161,36059
143,164,36060
142,168,36061
141,170,36062
139,172,36063
136,174,36064
131,174,36065
128,173,36066
125,171,36067
121,166,36068
120,162,36069
119,158,36070
119,151,36071
121,145,36072
123,141,36073
127,136,36074
134,132,36075
141,130,36076
146,131,36077
153,133,36078
160,138,36079
164,143,36080
168,151,36081
170,163,36082
170,170,36083
168,180,36084
163,191,36085
159,195,36086
151,202,36087
137,207,36088
129,207,36089
119,204,36090
109,198,36091
104,193,36092
96,181,36093
94,177,36094
91,165,36095
92,141,36096
98,125,36097
102,119,36098
112,108,36099
124,101,36100
133,98,36101
140,97,36102
155,99,36103
175,110,36104
185,121,36105
190,129,36106
195,140,36107
199,163,36108
197,183,36109
192,199,36110
187,209,36111
168,229,36112
155,236,36113
141,240,36114
127,240,36115
118,239,36116
91,224,36117
81,214,36118
70,195,36119
66,184,36120
62,151,36121
62,145,36122
75,105,36123
84,92,36124
95,81,36125
107,73,36126
134,64,36127
147,64,36128
166,68,36129
184,77,36130
209,102,36131
220,124,36132
227,154,36133
227,152,36134
226,186,36135
211,227,36136
194,248,36137
178,261,36138
173,264,36139
138,274,36140
131,274,36141
88,261,36142
74,251,36143
51,223,36144
47,216,36145
40,199,36146
33,154,36147
37,122,36148
46,96,36149
51,86,36150
76,56,36151
100,40,36152
125,32,36153
155,31,36154
169,34,36155
210,57,36156
235,87,36157
248,115,36158
255,145,36159
256,160,36160
253,199,36161
237,242,36162
224,261,36163
197,287,36164
163,303,36165
164,303,36166
125,307,36167
88,298,36168
57,278,36169
41,262,36170
25,238,36171
6,179,36172
5,171,36173
6,131,36174
17,89,36175
50,38,36176
137,163,36177
134,164,36178
132,163,36179
130,159,36180
129,157,36181
130,151,36182
131,149,36183
133,146,36184
137,144,36185
139,143,36186
147,144,36187
151,146,36188
152,147,36189
158,157,36190
159,159,36191
159,169,36192
159,173,36193
156,180,36194
151,187,36195
150,188,36196
144,192,36197
139,194,36198
128,194,36199
122,192,36200
113,186,36201
106,176,36202
104,171,36203
102,165,36204
102,146,36205
103,142,36206
107,132,36207
115,121,36208
125,114,36209
133,111,36210
140,110,36211
157,113,36212
166,118,36213
176,128,36214
178,131,36215
185,146,36216
188,166,36217
188,169,36218
181,196,36219
177,203,36220
164,217,36221
152,224,36222
146,226,36223
125,227,36224
119,226,36225
100,216,36226
89,205,36227
78,185,36228
74,171,36229
73,148,36230
74,140,36231
77,128,36232
84,112,36233
106,88,36234
109,86,36235
134,77,36236
149,77,36237
168,82,36238
180,89,36239
201,111,36240
210,129,36241
212,135,36242
216,153,36243
215,185,36244
210,203,36245
200,223,36246
177,247,36247
174,249,36248
138,261,36249
115,259,36250
103,255,36251
87,246,36252
70,230,36253
53,202,36254
49,190,36255
44,155,36256
45,139,36257
53,108,36258
61,92,36259
85,64,36260
108,50,36261
124,45,36262
155,44,36263
168,47,36264
197,62,36265
222,88,36266
227,96,36267
244,146,36268
245,156,36269
240,205,36270
231,229,36271
214,255,36272
198,271,36273
163,290,36274
156,292,36275
110,292,36276
90,285,36277
65,269,36278
45,248,36279
27,216,36280
20,194,36281
16,140,36282
20,116,36283
32,83,36284
50,55,36285
73,33,36286
89,23,36287
111,14,36288
165,12,36289
170,13,36290
218,38,36291
245,68,36292
250,76,36293
269,123,36294
274,168,36295
137,156,36296
138,155,36297
143,155,36298
143,154,36299
147,159,36300
148,161,36301
149,163,36302
149,168,36303
148,172,36304
145,176,36305
142,179,36306
138,181,36307
132,182,36308
128,181,36309
123,178,36310
119,175,36311
114,167,36312
113,161,36313
112,156,36314
113,147,36315
116,139,36316
120,133,36317
125,128,36318
130,125,36319
139,123,36320
147,123,36321
160,129,36322
163,131,36323
173,146,36324
176,155,36325
177,160,36326
177,170,36327
174,183,36328
171,191,36329
155,208,36330
148,212,36331
147,213,36332
134,215,36333
117,212,36334
106,205,36335
99,198,36336
91,187,36337
85,169,36338
84,150,36339
85,141,36340
86,136,36341
95,116,36342
103,106,36343
115,97,36344
132,90,36345
150,90,36346
168,96,36347
170,97,36348
190,115,36349
193,120,36350
205,157,36351
205,153,36352
205,177,36353
202,192,36354
192,214,36355
183,226,36356
161,242,36357
146,247,36358
126,248,36359
112,245,36360
91,234,36361
77,220,36362
67,205,36363
56,170,36364
55,161,36365
56,141,36366
67,105,36367
69,101,36368
86,79,36369
100,68,36370
137,56,36371
155,57,36372
170,61,36373
186,69,36374
207,88,36375
218,103,36376
232,141,36377
234,174,36378
233,185,36379
224,217,36380
215,234,36381
184,266,36382
176,271,36383
159,278,36384
120,281,36385
110,279,36386
77,263,36387
61,249,36388
43,223,36389
31,192,36390
27,171,36391
30,122,36392
37,99,36393
46,81,36394
68,53,36395
99,32,36396
115,26,36397
160,24,36398
181,30,36399
206,44,36400
232,70,36401
250,101,36402
257,121,36403
263,159,36404
261,192,36405
255,218,36406
228,268,36407
217,280,36408
199,295,36409
141,315,36410
116,314,36411
93,308,36412
75,300,36413
32,262,36414
140,162,36415
140,164,36416
139,167,36417
137,169,36418
131,169,36419
130,169,36420
126,166,36421
124,162,36422
123,159,36423
123,156,36424
124,148,36425
125,146,36426
131,139,36427
134,137,36428
138,136,36429
141,135,36430
150,137,36431
155,140,36432
160,145,36433
164,154,36434
166,161,36435
166,169,36436
166,171,36437
160,187,36438
152,195,36439
153,195,36440
142,201,36441
138,202,36442
129,202,36443
114,196,36444
106,189,36445
103,185,36446
99,177,36447
95,161,36448
95,150,36449
97,138,36450
102,126,36451
111,115,36452
122,107,36453
133,103,36454
153,104,36455
152,103,36456
170,112,36457
174,115,36458
182,124,36459
193,150,36460
195,165,36461
194,176,36462
190,193,36463
187,200,36464
172,220,36465
154,231,36466
142,235,36467
135,236,36468
116,233,36469
97,223,36470
90,217,36471
74,193,36472
73,192,36473
66,151,36474
66,150,36475
76,112,36476
83,101,36477
94,88,36478
115,74,36479
125,71,36480
148,69,36481
175,77,36482
180,80,36483
198,95,36484
212,116,36485
218,131,36486
223,159,36487
223,176,36488
214,212,36489
206,227,36490
194,242,36491
166,262,36492
137,269,36493
121,268,36494
114,267,36495
84,253,36496
68,239,36497
46,203,36498
40,181,36499
37,154,36500
40,129,36501
48,102,36502
61,79,36503
82,57,36504
90,51,36505
129,36,36506
146,35,36507
184,45,36508
196,52,36509
227,83,36510
240,106,36511
248,130,36512
252,172,36513
249,197,36514
241,223,36515
229,247,36516
215,265,36517
181,291,36518
151,301,36519
111,300,36520
81,289,36521
57,272,36522
43,257,36523
29,236,36524
18,212,36525
9,145,36526
11,126,36527
19,95,36528
36,62,36529
52,42,36530
94,12,36531
134,2,36532
173,6,36533
135,161,36534
133,160,36535
133,154,36536
135,151,36537
137,149,36538
140,148,36539
142,147,36540
145,148,36541
147,149,36542
152,153,36543
153,155,36544
155,164,36545
156,165,36546
154,174,36547
151,180,36548
148,183,36549
147,185,36550
137,189,36551
133,190,36552
123,187,36553
118,184,36554
113,179,36555
109,173,36556
107,167,36557
106,150,36558
106,148,36559
110,136,36560
113,130,36561
120,123,36562
130,117,36563
139,115,36564
149,115,36565
163,122,36566
167,125,36567
174,133,36568
179,142,36569
183,154,36570
183,176,36571
181,185,36572
172,202,36573
166,209,36574
160,214,36575
146,221,36576
134,223,36577
119,221,36578
112,218,36579
91,200,36580
87,194,36581
80,177,36582
77,163,36583
77,151,36584
82,127,36585
88,114,36586
104,95,36587
115,88,36588
129,83,36589
151,82,36590
169,88,36591
166,86,36592
185,99,36593
197,113,36594
208,136,36595
212,160,36596
210,188,36597
209,193,36598
198,218,36599
187,232,36600
160,251,36601
139,256,36602
142,256,36603
106,251,36604
91,243,36605
68,220,36606
59,205,36607
52,185,36608
48,158,36609
52,125,36610
56,112,36611
67,91,36612
96,62,36613
106,56,36614
116,52,36615
147,48,36616
176,55,36617
187,61,36618
208,78,36619
231,114,36620
237,132,36621
240,148,36622
236,203,36623
233,213,36624
214,248,36625
196,267,36626
184,275,36627
145,289,36628
122,289,36629
100,284,36630
81,275,36631
56,254,36632
37,227,36633
23,188,36634
20,166,36635
22,127,36636
33,91,36637
40,77,36638
58,53,36639
100,23,36640
115,18,36641
155,15,36642
169,18,36643
202,32,36644
229,55,36645
248,81,36646
258,102,36647
270,167,36648
264,211,36649
254,239,36650
244,258,36651
222,285,36652
138,159,36653
141,158,36654
143,159,36655
145,163,36656
145,166,36657
144,170,36658
143,172,36659
140,175,36660
136,177,36661
131,177,36662
126,175,36663
122,172,36664
120,169,36665
118,165,36666
116,156,36667
116,155,36668
117,148,36669
123,137,36670
128,132,36671
131,130,36672
138,128,36673
143,127,36674
155,131,36675
158,133,36676
165,140,36677
168,145,36678
172,159,36679
173,163,36680
172,176,36681
168,187,36682
163,195,36683
150,206,36684
142,209,36685
131,210,36686
129,210,36687
114,205,36688
109,202,36689
94,183,36690
90,172,36691
89,168,36692
89,145,36693
93,129,36694
95,125,36695
102,114,36696
114,103,36697
133,95,36698
143,94,36699
155,96,36700
171,103,36701
175,106,36702
194,131,36703
196,136,36704
201,158,36705
202,166,36706
198,190,36707
191,207,36708
173,229,36709
156,239,36710
147,242,36711
124,243,36712
112,240,36713
95,231,36714
78,214,36715
72,205,36716
67,195,36717
59,158,36718
62,131,36719
67,115,36720
76,98,36721
82,90,36722
108,69,36723
129,62,36724
148,61,36725
164,64,36726
194,81,36727
203,90,36728
221,119,36729
225,130,36730
230,160,36731
229,181,36732
226,198,36733
216,224,36734
191,255,36735
175,266,36736
146,276,36737
131,277,36738
111,274,36739
73,254,36740
62,243,36741
41,209,36742
36,195,36743
31,145,36744
31,140,36745
37,112,36746
46,90,36747
80,49,36748
104,35,36749
115,31,36750
156,28,36751
185,37,36752
189,39,36753
228,72,36754
244,98,36755
250,113,36756
259,163,36757
257,190,36758
249,222,36759
232,255,36760
208,282,36761
199,289,36762
143,310,36763
115,309,36764
90,302,36765
56,281,36766
42,267,36767
18,230,36768
10,209,36769
2,164,36770
3,136,36771
138,163,36772
135,166,36773
134,166,36774
130,164,36775
128,161,36776
127,157,36777
126,156,36778
127,152,36779
130,146,36780
132,144,36781
134,142,36782
142,140,36783
146,140,36784
152,144,36785
155,146,36786
159,152,36787
161,156,36788
162,164,36789
161,174,36790
159,180,36791
157,184,36792
148,193,36793
147,194,36794
136,197,36795
128,197,36796
121,195,36797
114,190,36798
111,188,36799
101,170,36800
99,161,36801
99,149,36802
99,148,36803
108,126,36804
112,120,36805
125,111,36806
133,108,36807
138,107,36808
155,109,36809
162,112,36810
176,124,36811
184,137,36812
188,147,36813
190,159,36814
190,175,36815
188,185,36816
186,192,36817
175,210,36818
160,223,36819
152,227,36820
135,231,36821
124,230,36822
107,224,36823
88,208,36824
86,206,36825
76,187,36826
71,168,36827
70,155,36828
78,118,36829
85,105,36830
90,99,36831
101,88,36832
134,74,36833
149,74,36834
163,77,36835
186,90,36836
197,101,36837
210,122,36838
217,144,36839
219,159,36840
218,183,36841
209,212,36842
206,218,36843
196,233,36844
182,247,36845
161,259,36846
138,264,36847
111,261,36848
98,256,36849
68,232,36850
54,210,36851
47,193,36852
43,174,36853
43,134,36854
50,109,36855
65,81,36856
69,76,36857
106,48,36858
123,42,36859
140,40,36860
174,46,36861
187,52,36862
221,82,36863
225,87,36864
245,137,36865
248,164,36866
245,195,36867
243,204,36868
223,248,36869
216,257,36870
189,281,36871
166,292,36872
147,297,36873
110,295,36874
87,287,36875
49,257,36876
26,220,36877
25,218,36878
13,164,36879
14,134,36880
21,103,36881
42,61,36882
57,43,36883
75,28,36884
101,14,36885
134,7,36886
192,18,36887
216,33,36888
242,59,36889
257,83,36890
136,159,36891
136,155,36892
139,153,36893
140,152,36894
145,153,36895
146,154,36896
149,156,36897
151,161,36898
151,168,36899
151,169,36900
150,173,36901
145,180,36902
143,182,36903
138,184,36904
129,184,36905
127,184,36906
124,183,36907
118,178,36908
115,175,36909
110,160,36910
110,151,36911
110,149,36912
111,144,36913
118,131,36914
123,127,36915
128,123,36916
139,120,36917
148,120,36918
158,124,36919
163,128,36920
171,136,36921
177,148,36922
178,153,36923
180,166,36924
178,179,36925
174,191,36926
170,198,36927
159,209,36928
151,214,36929
135,218,36930
122,216,36931
119,216,36932
97,200,36933
89,189,36934
86,182,36935
82,168,36936
81,154,36937
85,131,36938
89,121,36939
103,102,36940
112,95,36941
123,90,36942
141,86,36943
160,89,36944
178,99,36945
189,110,36946
193,115,36947
204,138,36948
206,144,36949
207,181,36950
202,200,36951
197,211,36952
173,238,36953
164,244,36954
148,250,36955
126,251,36956
109,247,36957
88,235,36958
75,222,36959
71,217,36960
60,196,36961
54,173,36962
53,143,36963
62,109,36964
68,97,36965
82,79,36966
98,66,36967
123,55,36968
146,53,36969
177,61,36970
178,61,36971
213,91,36972
214,92,36973
231,126,36974
237,166,36975
237,167,36976
231,205,36977
219,233,36978
202,255,36979
183,270,36980
168,278,36981
135,285,36982
118,284,36983
79,268,36984
55,246,36985
41,225,36986
32,205,36987
24,166,36988
25,135,36989
29,115,36990
42,83,36991
62,55,36992
98,29,36993
124,21,36994
122,21,36995
178,26,36996
213,46,36997
220,52,36998
243,81,36999
261,126,37000
265,150,37001
265,181,37002
256,223,37003
239,258,37004
220,281,37005
181,308,37006
171,312,37007
116,317,37008
87,309,37009
141,161,37010
142,164,37011
142,165,37012
140,169,37013
138,171,37014
135,172,37015
133,173,37016
128,171,37017
125,169,37018
123,166,37019
121,161,37020
121,151,37021
121,149,37022
122,146,37023
129,137,37024
132,135,37025
133,134,37026
141,132,37027
148,133,37028
155,137,37029
158,139,37030
165,148,37031
167,153,37032
169,167,37033
168,173,37034
163,187,37035
158,194,37036
154,198,37037
147,202,37038
136,205,37039
128,205,37040
120,203,37041
107,194,37042
102,188,37043
97,179,37044
94,171,37045
92,151,37046
93,144,37047
97,131,37048
109,113,37049
122,104,37050
133,100,37051
144,99,37052
158,102,37053
159,102,37054
177,114,37055
183,121,37056
193,140,37057
197,158,37058
197,174,37059
193,192,37060
187,205,37061
175,221,37062
170,226,37063
146,237,37064
142,238,37065
113,235,37066
95,225,37067
92,223,37068
81,211,37069
70,191,37070
64,166,37071
65,138,37072
66,132,37073
76,106,37074
90,88,37075
98,81,37076
117,70,37077
148,66,37078
161,68,37079
188,82,37080
197,90,37081
214,114,37082
220,128,37083
225,150,37084
224,188,37085
221,200,37086
215,216,37087
194,246,37088
168,264,37089
159,268,37090
129,272,37091
125,272,37092
99,265,37093
64,238,37094
56,228,37095
43,202,37096
37,181,37097
35,144,37098
40,118,37099
47,98,37100
69,65,37101
83,52,37102
107,39,37103
141,32,37104
160,34,37105
192,46,37106
218,67,37107
237,94,37108
247,117,37109
254,152,37110
254,181,37111
244,223,37112
234,244,37113
210,274,37114
195,286,37115
175,297,37116
122,305,37117
93,298,37118
61,279,37119
47,266,37120
38,255,37121
19,222,37122
6,162,37123
7,136,37124
21,84,37125
29,68,37126
43,48,37127
71,22,37128
134,162,37129
133,162,37130
131,158,37131
131,155,37132
131,152,37133
133,150,37134
135,147,37135
136,146,37136
143,145,37137
146,145,37138
149,147,37139
154,152,37140
157,159,37141
158,163,37142
158,167,37143
156,175,37144
157,175,37145
150,185,37146
144,190,37147
138,192,37148
128,192,37149
130,193,37150
120,189,37151
113,183,37152
108,176,37153
105,169,37154
103,154,37155
103,149,37156
109,132,37157
114,125,37158
119,120,37159
127,115,37160
140,112,37161
151,113,37162
161,117,37163
169,123,37164
177,132,37165
181,140,37166
186,158,37167
186,171,37168
180,193,37169
181,192,37170
169,210,37171
164,215,37172
149,223,37173
143,225,37174
117,223,37175
108,219,37176
97,211,37177
91,205,37178
79,183,37179
75,165,37180
74,155,37181
75,142,37182
85,114,37183
96,99,37184
106,90,37185
128,80,37186
142,78,37187
150,79,37188
177,89,37189
186,96,37190
203,118,37191
211,137,37192
215,161,37193
215,168,37194
207,206,37195
200,220,37196
189,234,37197
177,245,37198
147,258,37199
128,259,37200
114,257,37201
86,243,37202
74,232,37203
68,225,37204
49,184,37205
46,167,37206
48,131,37207
58,102,37208
58,101,37209
69,83,37210
100,56,37211
116,49,37212
145,45,37213
171,50,37214
184,56,37215
212,78,37216
229,103,37217
238,126,37218
243,151,37219
243,181,37220
241,195,37221
229,229,37222
210,257,37223
191,274,37224
163,288,37225
147,292,37226
106,289,37227
86,281,37228
54,256,37229
35,229,37230
25,206,37231
17,160,37232
17,150,37233
24,108,37234
31,89,37235
64,43,37236
76,33,37237
95,22,37238
131,12,37239
166,14,37240
204,30,37241
232,54,37242
248,76,37243
260,100,37244
269,131,37245
271,189,37246
258,236,37247
137,159,37248
140,156,37249
142,156,37250
145,158,37251
147,162,37252
147,164,37253
148,166,37254
146,172,37255
145,174,37256
140,178,37257
135,180,37258
131,180,37259
127,179,37260
123,176,37261
119,172,37262
115,165,37263
114,160,37264
114,152,37265
117,141,37266
118,139,37267
123,132,37268
129,128,37269
135,125,37270
146,125,37271
148,125,37272
157,129,37273
168,140,37274
172,147,37275
174,154,37276
175,172,37277
175,173,37278
172,185,37279
162,200,37280
162,201,37281
147,210,37282
136,213,37283
128,213,37284
120,211,37285
106,203,37286
100,197,37287
89,177,37288
86,166,37289
86,145,37290
87,140,37291
91,127,37292
97,116,37293
109,103,37294
125,94,37295
132,92,37296
152,92,37297
166,97,37298
185,112,37299
189,117,37300
199,135,37301
203,152,37302
204,168,37303
199,196,37304
193,209,37305
184,222,37306
165,238,37307
157,242,37308
126,246,37309
119,245,37310
96,235,37311
80,221,37312
70,207,37313
62,189,37314
57,165,37315
58,138,37316
60,127,37317
73,98,37318
82,86,37319
104,68,37320
107,66,37321
148,58,37322
150,58,37323
184,70,37324
205,88,37325
214,100,37326
224,120,37327
232,151,37328
233,166,37329
230,193,37330
216,229,37331
204,246,37332
174,270,37333
144,279,37334
147,279,37335
110,277,37336
90,269,37337
71,256,37338
55,239,37339
40,214,37340
28,159,37341
28,150,37342
39,99,37343
48,81,37344
56,69,37345
79,46,37346
101,33,37347
123,26,37348
155,25,37349
208,48,37350
207,47,37351
237,80,37352
256,124,37353
259,137,37354
261,178,37355
258,200,37356
245,238,37357
230,263,37358
210,284,37359
171,307,37360
144,313,37361
95,307,37362
81,301,37363
41,270,37364
20,240,37365
5,201,37366
139,164,37367
139,165,37368
135,168,37369
132,168,37370
130,167,37371
127,164,37372
125,161,37373
125,162,37374
124,155,37375
126,149,37376
126,147,37377
130,142,37378
134,139,37379
141,137,37380
147,138,37381
148,138,37382
157,144,37383
159,147,37384
162,152,37385
164,162,37386
165,165,37387
163,177,37388
160,184,37389
155,191,37390
146,197,37391
139,200,37392
125,199,37393
126,200,37394
116,195,37395
104,183,37396
103,182,37397
98,170,37398
96,156,37399
97,145,37400
104,127,37401
108,121,37402
109,119,37403
127,107,37404
139,104,37405
155,106,37406
163,110,37407
169,113,37408
184,131,37409
187,136,37410
190,144,37411
193,170,37412
191,184,37413
183,203,37414
180,208,37415
173,217,37416
147,232,37417
140,233,37418
123,233,37419
118,232,37420
88,212,37421
80,201,37422
76,194,37423
68,164,37424
68,169,37425
74,121,37426
79,110,37427
87,98,37428
114,77,37429
113,77,37430
135,71,37431
157,72,37432
184,85,37433
183,84,37434
209,114,37435
214,124,37436
219,141,37437
221,180,37438
220,186,37439
212,212,37440
193,241,37441
177,254,37442
161,262,37443
139,267,37444
114,265,37445
86,252,37446
81,249,37447
54,216,37448
45,196,37449
42,184,37450
39,158,37451
42,126,37452
62,81,37453
66,75,37454
95,50,37455
124,39,37456
145,37,37457
165,40,37458
178,44,37459
200,57,37460
227,86,37461
243,119,37462
250,153,37463
250,181,37464
246,203,37465
239,224,37466
216,261,37467
197,279,37468
167,295,37469
146,300,37470
121,300,37471
73,282,37472
61,273,37473
35,243,37474
29,233,37475
12,180,37476
10,157,37477
21,95,37478
36,65,37479
51,45,37480
88,17,37481
94,14,37482
150,4,37483
166,6,37484
204,21,37485
134,159,37486
134,158,37487
134,155,37488
136,152,37489
139,150,37490
144,150,37491
143,149,37492
147,151,37493
151,155,37494
153,159,37495
154,165,37496
153,172,37497
152,175,37498
148,181,37499
146,183,37500
138,187,37501
136,188,37502
127,187,37503
124,186,37504
114,177,37505
110,170,37506
108,165,37507
107,161,37508
108,146,37509
111,138,37510
113,134,37511
119,126,37512
130,119,37513
137,117,37514
145,117,37515
157,120,37516
164,124,37517
174,136,37518
178,144,37519
180,150,37520
182,169,37521
182,174,37522
174,196,37523
173,198,37524
166,207,37525
148,218,37526
136,221,37527
120,219,37528
112,216,37529
105,212,37530
89,194,37531
83,181,37532
81,175,37533
79,167,37534
79,145,37535
84,126,37536
95,107,37537
106,96,37538
111,92,37539
134,84,37540
156,85,37541
169,90,37542
180,97,37543
187,103,37544
202,125,37545
210,152,37546
211,167,37547
205,199,37548
201,209,37549
188,229,37550
178,238,37551
164,247,37552
140,254,37553
124,254,37554
103,248,37555
86,237,37556
68,217,37557
56,193,37558
51,173,37559
50,161,37560
55,120,37561
63,101,37562
68,92,37563
101,61,37564
121,53,37565
123,52,37566
156,51,37567
174,56,37568
205,77,37569
214,88,37570
232,121,37571
237,140,37572
239,151,37573
232,211,37574
218,239,37575
204,257,37576
194,266,37577
164,283,37578
132,288,37579
103,283,37580
87,276,37581
62,258,37582
41,231,37583
30,207,37584
25,190,37585
21,155,37586
28,109,37587
41,79,37588
61,52,37589
72,42,37590
119,19,37591
131,17,37592
161,18,37593
193,29,37594
224,52,37595
243,76,37596
257,104,37597
262,119,37598
268,175,37599
263,209,37600
253,237,37601
223,282,37602
195,304,37603
164,317,37604
139,159,37605
143,161,37606
144,164,37607
144,165,37608
142,170,37609
141,172,37610
139,174,37611
135,175,37612
133,176,37613
126,173,37614
124,172,37615
120,166,37616
118,159,37617
118,153,37618
118,152,37619
120,145,37620
120,143,37621
130,133,37622
136,130,37623
145,130,37624
148,130,37625
154,132,37626
159,136,37627
165,143,37628
170,155,37629
171,169,37630
171,170,37631
170,178,37632
165,189,37633
160,196,37634
148,205,37635
146,206,37636
130,208,37637
116,204,37638
114,203,37639
100,190,37640
95,182,37641
92,173,37642
90,166,37643
92,137,37644
99,122,37645
105,113,37646
116,104,37647
125,99,37648
139,96,37649
143,96,37650
163,101,37651
172,106,37652
189,125,37653
192,130,37654
198,148,37655
200,167,37656
199,178,37657
190,206,37658
178,222,37659
167,231,37660
154,238,37661
139,241,37662
131,242,37663
112,238,37664
98,231,37665
80,214,37666
65,184,37667
64,181,37668
61,149,37669
62,139,37670
68,117,37671
86,88,37672
96,79,37673
106,72,37674
135,63,37675
149,63,37676
167,67,37677
189,79,37678
208,99,37679
217,114,37680
227,146,37681
228,151,37682
226,191,37683
218,215,37684
207,235,37685
177,263,37686
162,270,37687
147,274,37688
111,272,37689
101,269,37690
81,258,37691
54,230,37692
39,199,37693
33,171,37694
32,153,37695
39,111,37696
42,102,37697
68,62,37698
72,58,37699
109,35,37700
141,29,37701
156,30,37702
185,39,37703
215,60,37704
235,85,37705
248,112,37706
256,145,37707
257,173,37708
256,187,37709
242,234,37710
219,269,37711
197,288,37712
161,305,37713
142,308,37714
108,306,37715
76,293,37716
53,276,37717
26,242,37718
12,210,37719
4,170,37720
4,139,37721
5,131,37722
28,65,37723
136,164,37724
133,164,37725
132,164,37726
129,160,37727
128,157,37728
129,152,37729
129,150,37730
131,147,37731
133,145,37732
139,142,37733
143,142,37734
147,143,37735
149,143,37736
154,148,37737
159,156,37738
160,160,37739
161,165,37740
160,171,37741
157,180,37742
154,185,37743
148,191,37744
142,194,37745
134,196,37746
122,193,37747
121,193,37748
111,185,37749
106,178,37750
103,172,37751
101,164,37752
101,147,37753
102,142,37754
108,128,37755
114,121,37756
126,112,37757
133,110,37758
145,109,37759
158,112,37760
165,116,37761
172,122,37762
182,136,37763
187,151,37764
189,163,37765
188,177,37766
185,189,37767
179,202,37768
168,215,37769
150,226,37770
142,228,37771
132,229,37772
107,222,37773
95,213,37774
85,201,37775
79,190,37776
73,172,37777
72,152,37778
75,131,37779
77,125,37780
86,107,37781
104,88,37782
116,81,37783
128,77,37784
157,77,37785
163,79,37786
192,98,37787
198,105,37788
211,129,37789
217,154,37790
218,165,37791
216,184,37792
206,215,37793
191,236,37794
171,252,37795
151,260,37796
152,260,37797
126,262,37798
110,259,37799
77,239,37800
64,224,37801
48,190,37802
44,169,37803
43,159,37804
44,139,37805
49,116,37806
63,87,37807
87,61,37808
103,51,37809
143,42,37810
156,43,37811
179,50,37812
212,74,37813
214,76,37814
239,120,37815
244,138,37816
245,184,37817
245,186,37818
231,231,37819
220,249,37820
203,268,37821
174,287,37822
147,295,37823
121,295,37824
99,290,37825
67,272,37826
37,238,37827
32,229,37828
15,169,37829
14,155,37830
19,116,37831
23,102,37832
54,49,37833
64,39,37834
107,14,37835
118,11,37836
162,10,37837
198,23,37838
209,30,37839
248,71,37840
262,98,37841
272,133,37842
137,160,37843
137,155,37844
142,154,37845
142,153,37846
146,156,37847
147,157,37848
149,159,37849
150,164,37850
150,168,37851
148,173,37852
144,179,37853
138,182,37854
136,183,37855
134,183,37856
126,181,37857
124,181,37858
119,177,37859
115,171,37860
112,162,37861
111,156,37862
112,147,37863
116,137,37864
121,130,37865
128,125,37866
138,122,37867
147,122,37868
153,124,37869
161,128,37870
164,131,37871
170,138,37872
174,145,37873
177,154,37874
176,180,37875
176,181,37876
166,200,37877
161,205,37878
152,212,37879
146,214,37880
130,216,37881
115,212,37882
107,207,37883
97,198,37884
88,182,37885
84,170,37886
83,160,37887
83,146,37888
89,125,37889
96,113,37890
110,99,37891
117,94,37892
133,89,37893
142,88,37894
167,94,37895
174,98,37896
186,109,37897
202,137,37898
206,155,37899
207,166,37900
204,189,37901
202,195,37902
192,216,37903
178,232,37904
167,240,37905
147,248,37906
124,249,37907
108,245,37908
84,229,37909
79,224,37910
61,194,37911
60,192,37912
54,153,37913
59,122,37914
63,111,37915
79,85,37916
95,70,37917
109,62,37918
128,56,37919
149,55,37920
168,59,37921
201,80,37922
209,88,37923
220,105,37924
233,140,37925
235,172,37926
234,185,37927
226,215,37928
209,244,37929
193,261,37930
180,270,37931
156,280,37932
119,282,37933
106,279,37934
76,264,37935
59,248,37936
32,199,37937
29,188,37938
25,156,37939
27,132,37940
36,99,37941
59,61,37942
76,45,37943
94,33,37944
123,23,37945
162,23,37946
184,30,37947
218,53,37948
242,83,37949
246,90,37950
257,117,37951
264,162,37952
262,193,37953
249,236,37954
226,272,37955
218,281,37956
187,303,37957
143,316,37958
115,315,37959
89,308,37960
52,285,37961
140,161,37962
140,166,37963
140,167,37964
138,169,37965
132,170,37966
130,170,37967
129,170,37968
125,166,37969
123,162,37970
122,158,37971
122,153,37972
124,146,37973
126,142,37974
129,139,37975
134,136,37976
140,134,37977
142,134,37978
151,136,37979
153,137,37980
162,147,37981
165,153,37982
166,155,37983
167,170,37984
166,176,37985
161,187,37986
153,196,37987
149,199,37988
139,203,37989
130,203,37990
119,200,37991
113,197,37992
108,193,37993
98,177,37994
96,172,37995
94,152,37996
95,142,37997
96,137,37998
106,119,37999
117,109,38000
118,108,38001
135,102,38002
145,101,38003
158,104,38004
172,112,38005
176,115,38006
190,137,38007
192,142,38008
196,166,38009
195,177,38010
189,198,38011
180,213,38012
171,222,38013
153,233,38014
152,234,38015
119,235,38016
115,234,38017
101,227,38018
78,203,38019
77,202,38020
69,183,38021
65,160,38022
68,131,38023
75,112,38024
77,108,38025
92,88,38026
118,72,38027
134,68,38028
150,68,38029
167,72,38030
188,84,38031
208,107,38032
212,114,38033
220,134,38034
224,159,38035
223,185,38036
216,210,38037
205,230,38038
193,245,38039
164,264,38040
151,268,38041
114,268,38042
104,265,38043
86,256,38044
60,231,38045
46,205,38046
38,177,38047
37,169,38048
41,119,38049
46,104,38050
68,69,38051
88,51,38052
109,40,38053
135,34,38054
143,34,38055
172,39,38056
203,56,38057
228,82,38058
233,90,38059
252,147,38060
253,160,38061
249,201,38062
238,233,38063
219,262,38064
198,282,38065
167,298,38066
151,302,38067
120,303,38068
93,296,38069
75,287,38070
35,248,38071
26,233,38072
16,209,38073
8,146,38074
11,119,38075
27,75,38076
47,46,38077
64,29,38078
104,7,38079
134,1,38080
134,161,38081
133,161,38082
132,157,38083
133,152,38084
134,150,38085
137,148,38086
138,147,38087
141,146,38088
147,148,38089
150,149,38090
154,155,38091
155,158,38092
156,161,38093
156,170,38094
155,175,38095
151,181,38096
150,184,38097
141,189,38098
140,190,38099
125,189,38100
124,189,38101
117,185,38102
114,182,38103
106,167,38104
105,160,38105
105,148,38106
108,138,38107
110,133,38108
121,121,38109
127,117,38110
136,114,38111
135,114,38112
151,115,38113
165,122,38114
173,130,38115
180,142,38116
180,141,38117
184,155,38118
184,177,38119
181,187,38120
170,206,38121
168,209,38122
149,221,38123
150,221,38124
130,224,38125
119,222,38126
101,212,38127
91,202,38128
82,186,38129
78,175,38130
76,151,38131
78,137,38132
84,119,38133
86,115,38134
105,93,38135
117,86,38136
132,81,38137
156,82,38138
164,84,38139
178,92,38140
189,101,38141
203,121,38142
212,149,38143
213,172,38144
211,189,38145
204,209,38146
195,224,38147
186,235,38148
160,252,38149
143,257,38150
126,257,38151
101,250,38152
85,240,38153
77,233,38154
59,207,38155
49,176,38156
47,154,38157
48,140,38158
53,118,38159
76,78,38160
79,74,38161
95,61,38162
135,47,38163
156,48,38164
176,54,38165
199,68,38166
213,82,38167
233,116,38168
241,148,38169
242,161,38170
241,184,38171
236,207,38172
228,228,38173
192,271,38174
166,285,38175
160,287,38176
135,291,38177
109,288,38178
72,270,38179
51,250,38180
32,219,38181
22,189,38182
19,164,38183
23,117,38184
26,106,38185
41,74,38186
62,47,38187
108,19,38188
107,19,38189
153,14,38190
167,16,38191
216,41,38192
224,48,38193
245,74,38194
267,129,38195
271,165,38196
266,207,38197
253,244,38198
228,280,38199
138,158,38200
141,157,38201
143,158,38202
145,160,38203
146,166,38204
146,167,38205
145,171,38206
142,175,38207
141,176,38208
135,178,38209
130,178,38210
127,177,38211
123,174,38212
119,169,38213
117,165,38214
115,156,38215
116,148,38216
118,143,38217
120,139,38218
126,132,38219
133,128,38220
141,126,38221
142,126,38222
151,128,38223
161,134,38224
168,143,38225
172,152,38226
174,162,38227
174,165,38228
170,185,38229
165,194,38230
159,201,38231
148,208,38232
143,210,38233
130,211,38234
123,210,38235
110,204,38236
105,200,38237
95,187,38238
89,172,38239
87,157,38240
87,150,38241
93,127,38242
96,121,38243
104,110,38244
112,103,38245
132,94,38246
141,93,38247
152,94,38248
174,104,38249
180,109,38250
192,125,38251
199,141,38252
202,155,38253
202,175,38254
196,199,38255
186,217,38256
180,224,38257
159,239,38258
151,242,38259
133,245,38260
115,242,38261
96,233,38262
85,224,38263
72,207,38264
63,187,38265
58,156,38266
60,135,38267
63,123,38268
70,106,38269
88,82,38270
117,64,38271
120,63,38272
157,61,38273
177,68,38274
187,74,38275
200,85,38276
219,112,38277
224,124,38278
231,163,38279
230,183,38280
226,202,38281
213,231,38282
197,251,38283
174,268,38284
138,278,38285
130,278,38286
96,270,38287
88,266,38288
67,250,38289
42,214,38290
38,204,38291
31,177,38292
31,134,38293
36,112,38294
56,72,38295
82,46,38296
88,42,38297
118,29,38298
143,26,38299
173,31,38300
208,50,38301
217,58,38302
241,90,38303
258,141,38304
260,167,38305
258,191,38306
252,216,38307
236,251,38308
198,291,38309
192,295,38310
152,310,38311
113,310,38312
101,307,38313
63,288,38314
38,264,38315
12,218,38316
3,184,38317
1,161,38318
138,165,38319
136,166,38320
134,167,38321
131,166,38322
129,164,38323
127,161,38324
126,158,38325
126,152,38326
127,149,38327
130,145,38328
132,142,38329
137,140,38330
144,139,38331
147,140,38332
153,143,38333
157,147,38334
158,148,38335
162,158,38336
163,167,38337
163,169,38338
161,178,38339
158,184,38340
154,190,38341
147,195,38342
137,198,38343
127,198,38344
118,194,38345
114,192,38346
107,184,38347
102,176,38348
99,168,38349
98,149,38350
102,135,38351
102,134,38352
112,119,38353
119,113,38354
125,109,38355
145,106,38356
147,106,38357
162,111,38358
180,128,38359
183,132,38360
187,141,38361
191,158,38362
190,181,38363
190,182,38364
178,208,38365
173,214,38366
157,226,38367
151,229,38368
134,232,38369
116,229,38370
108,226,38371
97,219,38372
79,196,38373
74,184,38374
70,169,38375
70,142,38376
73,128,38377
81,110,38378
91,96,38379
108,82,38380
128,74,38381
152,73,38382
171,79,38383
180,84,38384
191,93,38385
212,124,38386
217,139,38387
220,157,38388
219,182,38389
211,210,38390
205,222,38391
187,244,38392
172,255,38393
141,265,38394
119,264,38395
107,261,38396
92,254,38397
59,221,38398
53,211,38399
47,196,38400
41,166,38401
42,135,38402
53,99,38403
66,78,38404
74,69,38405
89,56,38406
112,44,38407
140,39,38408
182,48,38409
191,53,38410
205,63,38411
238,110,38412
244,128,38413
249,168,38414
245,200,38415
240,217,38416
228,242,38417
213,262,38418
184,285,38419
157,296,38420
132,299,38421
96,292,38422
81,285,38423
56,266,38424
27,225,38425
22,213,38426
14,183,38427
13,135,38428
22,97,38429
36,68,38430
61,38,38431
91,17,38432
114,9,38433
166,8,38434
198,20,38435
217,32,38436
233,47,38437
136,160,38438
135,155,38439
136,154,38440
140,151,38441
142,151,38442
145,152,38443
149,155,38444
151,159,38445
152,160,38446
152,168,38447
151,173,38448
150,175,38449
146,181,38450
143,183,38451
137,185,38452
135,186,38453
130,186,38454
120,181,38455
117,179,38456
112,170,38457
109,161,38458
108,156,38459
109,148,38460
112,139,38461
119,129,38462
128,122,38463
129,121,38464
136,119,38465
148,119,38466
156,122,38467
162,125,38468
173,137,38469
179,153,38470
180,157,38471
180,173,38472
179,180,38473
177,187,38474
163,207,38475
155,213,38476
143,218,38477
125,218,38478
122,218,38479
106,210,38480
96,201,38481
87,187,38482
83,176,38483
81,168,38484
81,143,38485
87,123,38486
93,112,38487
98,106,38488
120,90,38489
132,86,38490
146,85,38491
165,90,38492
171,93,38493
187,106,38494
200,125,38495
206,140,38496
208,150,38497
209,173,38498
201,205,38499
193,219,38500
179,235,38501
173,240,38502
147,251,38503
124,252,38504
106,247,38505
90,238,38506
86,235,38507
68,214,38508
54,179,38509
52,165,38510
52,143,38511
56,122,38512
70,92,38513
79,81,38514
106,60,38515
123,54,38516
140,52,38517
176,59,38518
190,67,38519
198,73,38520
216,93,38521
232,127,38522
238,162,38523
237,180,38524
230,212,38525
215,241,38526
204,254,38527
184,271,38528
166,280,38529
126,286,38530
106,282,38531
66,259,38532
61,254,38533
39,224,38534
29,199,38535
24,175,38536
23,145,38537
36,93,38538
40,84,38539
70,46,38540
90,32,38541
118,21,38542
153,19,38543
166,21,38544
210,42,38545
228,59,38546
250,92,38547
255,103,38548
265,143,38549
262,206,38550
261,211,38551
232,269,38552
215,287,38553
204,296,38554
143,319,38555
123,319,38556
138,160,38557
142,162,38558
143,165,38559
141,169,38560
138,172,38561
136,173,38562
134,174,38563
129,173,38564
125,170,38565
124,169,38566
121,165,38567
120,159,38568
119,156,38569
121,146,38570
124,141,38571
127,137,38572
128,136,38573
136,132,38574
143,131,38575
150,133,38576
155,135,38577
160,139,38578
165,146,38579
169,157,38580
170,166,38581
168,178,38582
166,183,38583
160,194,38584
151,201,38585
148,203,38586
138,206,38587
125,206,38588
118,203,38589
104,192,38590
99,185,38591
95,177,38592
93,172,38593
91,154,38594
95,133,38595
102,120,38596
106,115,38597
121,103,38598
132,99,38599
140,98,38600
148,98,38601
170,107,38602
181,117,38603
187,125,38604
195,143,38605
197,150,38606
198,173,38607
192,197,38608
190,202,38609
183,214,38610
156,235,38611
142,239,38612
134,240,38613
108,234,38614
99,230,38615
80,211,38616
74,202,38617
66,182,38618
63,163,38619
64,137,38620
68,121,38621
72,112,38622
85,92,38623
110,72,38624
128,66,38625
143,64,38626
172,71,38627
174,72,38628
201,93,38629
212,108,38630
222,132,38631
227,160,38632
225,188,38633
224,193,38634
213,222,38635
197,244,38636
180,259,38637
148,272,38638
126,273,38639
118,272,38640
83,257,38641
64,240,38642
53,225,38643
41,200,38644
35,175,38645
38,121,38646
39,117,38647
55,81,38648
62,71,38649
89,47,38650
123,33,38651
141,31,38652
162,33,38653
199,49,38654
209,57,38655
233,85,38656
252,132,38657
254,143,38658
253,195,38659
249,212,38660
239,237,38661
208,277,38662
184,294,38663
164,302,38664
134,307,38665
86,296,38666
83,295,38667
58,278,38668
21,229,38669
9,193,38670
5,160,38671
6,136,38672
14,99,38673
22,79,38674
68,23,38675
137,162,38676
133,163,38677
131,161,38678
130,157,38679
129,156,38680
131,151,38681
133,147,38682
136,145,38683
140,144,38684
141,143,38685
149,146,38686
153,149,38687
156,153,38688
157,156,38689
159,162,38690
158,172,38691
157,177,38692
153,183,38693
150,187,38694
142,192,38695
138,193,38696
131,194,38697
121,191,38698
118,189,38699
108,178,38700
105,172,38701
103,163,38702
102,159,38703
102,150,38704
109,130,38705
110,128,38706
123,116,38707
127,114,38708
139,111,38709
152,112,38710
163,117,38711
171,123,38712
175,128,38713
185,148,38714
187,159,38715
185,182,38716
183,190,38717
176,203,38718
169,212,38719
160,219,38720
150,224,38721
135,227,38722
124,226,38723
113,223,38724
95,211,38725
85,198,38726
80,188,38727
74,166,38728
73,157,38729
76,134,38730
88,107,38731
96,97,38732
103,91,38733
132,78,38734
143,77,38735
152,78,38736
174,86,38737
183,92,38738
206,121,38739
213,141,38740
216,161,38741
215,180,38742
209,204,38743
206,211,38744
188,237,38745
163,254,38746
158,256,38747
141,260,38748
118,259,38749
93,249,38750
69,228,38751
58,211,38752
51,195,38753
45,164,38754
46,139,38755
53,110,38756
55,105,38757
78,71,38758
90,61,38759
110,50,38760
138,44,38761
165,47,38762
196,62,38763
200,65,38764
229,101,38765
238,122,38766
244,153,38767
244,183,38768
232,225,38769
227,235,38770
198,270,38771
190,276,38772
172,286,38773
135,294,38774
109,291,38775
77,277,38776
49,252,38777
39,238,38778
27,214,38779
19,187,38780
17,137,38781
24,104,38782
39,72,38783
61,44,38784
77,31,38785
123,12,38786
142,10,38787
174,15,38788
190,21,38789
217,38,38790
251,79,38791
261,100,38792
271,136,38793
270,200,38794
138,156,38795
140,155,38796
141,155,38797
145,156,38798
147,160,38799
148,163,38800
149,165,38801
148,169,38802
146,174,38803
142,178,38804
139,180,38805
135,181,38806
129,181,38807
125,179,38808
121,176,38809
118,173,38810
115,168,38811
113,153,38812
113,151,38813
114,146,38814
120,134,38815
123,131,38816
132,125,38817
137,124,38818
142,123,38819
156,127,38820
159,129,38821
166,135,38822
171,143,38823
176,159,38824
176,172,38825
176,174,38826
171,189,38827
165,199,38828
152,209,38829
151,210,38830
139,214,38831
123,213,38832
119,212,38833
107,205,38834
96,193,38835
87,175,38836
86,170,38837
84,155,38838
86,139,38839
91,124,38840
103,107,38841
110,101,38842
125,93,38843
131,91,38844
156,92,38845
170,98,38846
183,108,38847
190,116,38848
200,136,38849
205,163,38850
205,169,38851
200,196,38852
196,206,38853
181,227,38854
169,237,38855
147,246,38856
143,247,38857
118,246,38858
102,240,38859
82,225,38860
74,215,38861
64,197,38862
56,165,38863
56,143,38864
59,128,38865
73,96,38866
84,82,38867
105,66,38868
116,61,38869
135,57,38870
168,61,38871
189,72,38872
200,81,38873
215,100,38874
225,119,38875
232,145,38876
234,166,38877
228,204,38878
222,220,38879
198,254,38880
187,263,38881
153,279,38882
128,281,38883
119,280,38884
91,271,38885
56,242,38886
46,228,38887
36,206,38888
27,160,38889
30,125,38890
33,113,38891
45,84,38892
68,54,38893
94,35,38894
130,24,38895
145,23,38896
173,28,38897
184,32,38898
221,58,38899
246,94,38900
254,113,38901
260,137,38902
262,179,38903
258,204,38904
234,259,38905
215,281,38906
189,300,38907
172,308,38908
121,314,38909
101,310,38910
55,285,38911
48,279,38912
24,249,38913
140,163,38914
139,166,38915
137,168,38916
136,169,38917
133,169,38918
128,167,38919
126,165,38920
124,161,38921
124,153,38922
124,151,38923
125,147,38924
128,143,38925
129,141,38926
136,137,38927
141,136,38928
144,136,38929
151,138,38930
156,142,38931
162,149,38932
164,156,38933
165,157,38934
165,173,38935
165,174,38936
160,186,38937
148,197,38938
149,197,38939
137,201,38940
134,202,38941
121,199,38942
109,191,38943
105,187,38944
102,182,38945
96,164,38946
95,154,38947
99,135,38948
103,126,38949
106,121,38950
120,109,38951
129,105,38952
139,103,38953
154,105,38954
159,106,38955
175,117,38956
182,125,38957
191,144,38958
192,148,38959
194,169,38960
191,187,38961
184,204,38962
180,210,38963
160,228,38964
146,233,38965
136,235,38966
128,235,38967
106,228,38968
91,217,38969
84,209,38970
69,176,38971
69,178,38972
68,139,38973
68,138,38974
74,118,38975
86,98,38976
96,87,38977
122,72,38978
134,70,38979
164,73,38980
169,75,38981
195,93,38982
199,97,38983
218,133,38984
220,141,38985
222,180,38986
217,202,38987
210,219,38988
189,246,38989
174,257,38990
153,266,38991
139,268,38992
111,265,38993
99,261,38994
70,240,38995
53,217,38996
47,204,38997
38,159,38998
38,150,38999
43,119,39000
47,106,39001
70,69,39002
90,52,39003
109,42,39004
147,36,39005
167,39,39006
188,48,39007
203,58,39008
232,92,39009
237,101,39010
250,144,39011
251,178,39012
247,203,39013
223,254,39014
206,273,39015
187,287,39016
157,299,39017
131,302,39018
99,296,39019
68,280,39020
49,263,39021
37,248,39022
25,227,39023
11,181,39024
11,129,39025
16,107,39026
26,80,39027
52,43,39028
71,26,39029
89,15,39030
153,3,39031
161,4,39032
134,160,39033
133,158,39034
133,156,39035
135,152,39036
138,149,39037
140,149,39038
141,148,39039
146,149,39040
149,151,39041
153,156,39042
154,160,39043
155,166,39044
155,169,39045
153,175,39046
149,182,39047
141,187,39048
141,188,39049
132,189,39050
126,188,39051
118,183,39052
115,180,39053
113,178,39054
107,165,39055
106,157,39056
108,143,39057
110,137,39058
113,132,39059
122,122,39060
130,118,39061
138,116,39062
149,116,39063
156,118,39064
162,122,39065
170,129,39066
180,146,39067
183,161,39068
183,172,39069
181,182,39070
178,191,39071
172,201,39072
160,213,39073
154,217,39074
136,222,39075
119,220,39076
113,218,39077
95,204,39078
89,196,39079
85,189,39080
78,164,39081
77,154,39082
79,140,39083
86,119,39084
102,98,39085
106,94,39086
128,84,39087
141,82,39088
160,85,39089
165,87,39090
177,93,39091
197,114,39092
207,135,39093
209,142,39094
211,178,39095
207,197,39096
202,210,39097
188,230,39098
170,245,39099
167,247,39100
141,255,39101
113,253,39102
99,247,39103
76,229,39104
66,216,39105
57,199,39106
50,172,39107
49,148,39108
55,117,39109
65,95,39110
78,78,39111
93,65,39112
110,55,39113
136,49,39114
158,50,39115
191,64,39116
204,75,39117
224,101,39118
234,124,39119
238,139,39120
240,179,39121
235,204,39122
222,235,39123
208,254,39124
204,259,39125
166,283,39126
129,289,39127
120,288,39128
92,280,39129
66,263,39130
45,239,39131
26,198,39132
22,179,39133
20,157,39134
23,125,39135
37,84,39136
68,44,39137
74,39,39138
93,27,39139
128,16,39140
156,16,39141
187,25,39142
211,39,39143
246,79,39144
257,101,39145
265,127,39146
269,174,39147
265,204,39148
252,242,39149
216,290,39150
203,300,39151
140,158,39152
142,159,39153
144,162,39154
145,165,39155
144,169,39156
142,172,39157
141,174,39158
139,175,39159
133,177,39160
130,176,39161
124,173,39162
122,171,39163
118,162,39164
117,160,39165
117,156,39166
118,147,39167
121,140,39168
124,137,39169
129,132,39170
136,129,39171
143,128,39172
150,129,39173
157,133,39174
164,140,39175
166,143,39176
171,155,39177
172,168,39178
172,174,39179
170,181,39180
165,191,39181
155,202,39182
146,207,39183
137,209,39184
128,209,39185
117,206,39186
107,199,39187
104,197,39188
92,176,39189
89,164,39190
89,147,39191
92,135,39192
96,124,39193
104,113,39194
106,110,39195
128,97,39196
138,95,39197
152,96,39198
164,100,39199
176,108,39200
188,121,39201
193,130,39202
200,154,39203
201,164,39204
198,189,39205
195,197,39206
185,215,39207
171,230,39208
159,237,39209
135,243,39210
123,242,39211
109,238,39212
82,218,39213
74,207,39214
69,198,39215
63,181,39216
60,150,39217
67,117,39218
72,106,39219
84,89,39220
99,75,39221
123,64,39222
149,62,39223
152,62,39224
175,69,39225
203,91,39226
204,92,39227
219,116,39228
229,153,39229
229,179,39230
225,198,39231
219,216,39232
204,241,39233
179,263,39234
153,274,39235
138,276,39236
126,276,39237
94,267,39238
79,258,39239
48,222,39240
43,212,39241
33,179,39242
31,157,39243
32,137,39244
52,81,39245
63,66,39246
85,46,39247
99,38,39248
122,30,39249
156,29,39250
193,42,39251
210,54,39252
228,73,39253
248,109,39254
254,129,39255
258,175,39256
255,198,39257
246,228,39258
229,258,39259
195,291,39260
176,301,39261
132,310,39262
120,309,39263
69,290,39264
57,281,39265
28,247,39266
20,233,39267
8,200,39268
3,138,39269
10,104,39270
138,162,39271
135,165,39272
132,165,39273
130,163,39274
129,162,39275
128,154,39276
127,155,39277
129,148,39278
130,147,39279
136,142,39280
138,141,39281
143,141,39282
146,141,39283
152,145,39284
155,147,39285
160,156,39286
161,159,39287
161,170,39288
160,175,39289
158,181,39290
151,190,39291
148,192,39292
143,195,39293
128,196,39294
123,195,39295
119,193,39296
109,184,39297
104,177,39298
102,171,39299
99,155,39300
100,146,39301
104,133,39302
112,122,39303
112,121,39304
125,112,39305
132,109,39306
149,108,39307
158,111,39308
168,117,39309
179,129,39310
185,141,39311
188,149,39312
190,167,39313
187,186,39314
183,197,39315
177,207,39316
164,220,39317
157,224,39318
136,230,39319
129,230,39320
113,226,39321
98,217,39322
85,203,39323
81,197,39324
73,175,39325
71,151,39326
72,140,39327
83,110,39328
86,105,39329
102,88,39330
113,81,39331
131,75,39332
152,75,39333
178,85,39334
184,89,39335
200,106,39336
213,131,39337
217,147,39338
218,178,39339
214,198,39340
204,220,39341
199,228,39342
173,252,39343
159,259,39344
141,263,39345
123,263,39346
102,257,39347
83,246,39348
65,227,39349
52,204,39350
45,183,39351
42,153,39352
45,127,39353
55,99,39354
65,82,39355
97,53,39356
116,45,39357
127,42,39358
157,42,39359
189,54,39360
194,57,39361
217,78,39362
239,116,39363
246,147,39364
246,185,39365
242,205,39366
230,235,39367
210,263,39368
195,276,39369
170,290,39370
131,297,39371
113,295,39372
85,285,39373
56,264,39374
36,238,39375
28,223,39376
16,185,39377
14,139,39378
17,120,39379
37,70,39380
57,44,39381
72,31,39382
86,22,39383
127,8,39384
171,11,39385
200,23,39386
215,33,39387
244,63,39388
266,106,39389
136,157,39390
137,154,39391
140,153,39392
142,152,39393
145,154,39394
147,155,39395
150,160,39396
150,159,39397
151,167,39398
149,173,39399
149,174,39400
144,180,39401
139,183,39402
135,184,39403
132,184,39404
124,182,39405
121,180,39406
115,173,39407
113,170,39408
111,161,39409
110,154,39410
111,147,39411
114,138,39412
118,132,39413
131,123,39414
132,122,39415
147,121,39416
149,121,39417
158,125,39418
170,136,39419
171,137,39420
176,147,39421
179,167,39422
179,169,39423
173,191,39424
169,198,39425
161,207,39426
153,212,39427
138,217,39428
129,217,39429
108,209,39430
110,211,39431
97,199,39432
92,193,39433
83,170,39434
82,161,39435
82,147,39436
91,119,39437
94,114,39438
100,106,39439
117,93,39440
142,87,39441
145,87,39442
161,90,39443
174,97,39444
189,111,39445
202,134,39446
204,140,39447
208,163,39448
203,195,39449
195,213,39450
194,215,39451
177,234,39452
152,248,39453
143,250,39454
133,251,39455
100,242,39456
96,240,39457
72,217,39458
63,202,39459
56,181,39460
53,157,39461
54,140,39462
65,104,39463
67,100,39464
83,79,39465
116,58,39466
133,54,39467
157,55,39468
175,61,39469
201,78,39470
209,87,39471
225,112,39472
232,132,39473
236,173,39474
232,200,39475
219,231,39476
210,245,39477
192,263,39478
168,277,39479
153,282,39480
109,281,39481
90,274,39482
62,253,39483
44,229,39484
30,196,39485
27,184,39486
24,157,39487
32,107,39488
42,84,39489
48,74,39490
66,52,39491
102,28,39492
140,20,39493
144,20,39494
186,30,39495
207,42,39496
239,76,39497
255,108,39498
264,147,39499
265,171,39500
256,221,39501
253,229,39502
242,252,39503
205,293,39504
177,309,39505
144,317,39506
113,316,39507
94,311,39508
139,160,39509
141,163,39510
141,167,39511
138,170,39512
136,171,39513
133,172,39514
131,172,39515
128,170,39516
124,166,39517
123,165,39518
121,158,39519
121,154,39520
123,146,39521
125,142,39522
130,137,39523
136,134,39524
139,133,39525
144,133,39526
153,136,39527
158,140,39528
164,148,39529
166,152,39530
168,160,39531
168,170,39532
165,181,39533
161,189,39534
155,196,39535
150,200,39536
139,204,39537
128,204,39538
126,204,39539
117,201,39540
108,194,39541
99,182,39542
94,167,39543
93,160,39544
92,155,39545
96,135,39546
104,120,39547
111,112,39548
124,104,39549
128,102,39550
145,100,39551
165,106,39552
173,111,39553
182,121,39554
188,130,39555
193,142,39556
197,167,39557
195,183,39558
193,190,39559
184,209,39560
175,220,39561
155,234,39562
148,236,39563
133,238,39564
102,229,39565
89,219,39566
85,215,39567
72,194,39568
66,176,39569
64,152,39570
67,131,39571
72,116,39572
75,109,39573
98,82,39574
117,71,39575
127,68,39576
158,68,39577
162,69,39578
194,88,39579
203,98,39580
218,125,39581
220,130,39582
225,173,39583
224,185,39584
216,212,39585
209,226,39586
193,246,39587
155,268,39588
153,269,39589
118,270,39590
94,262,39591
74,248,39592
50,216,39593
45,206,39594
36,168,39595
35,153,39596
40,119,39597
48,98,39598
68,67,39599
82,54,39600
97,44,39601
138,33,39602
146,33,39603
175,39,39604
194,48,39605
227,79,39606
246,116,39607
249,126,39608
253,184,39609
253,185,39610
239,233,39611
232,246,39612
189,289,39613
182,293,39614
147,304,39615
108,302,39616
90,296,39617
54,272,39618
41,258,39619
19,220,39620
11,195,39621
7,143,39622
15,101,39623
24,79,39624
39,54,39625
64,28,39626
110,4,39627
136,162,39628
132,161,39629
131,157,39630
131,156,39631
131,153,39632
134,149,39633
137,146,39634
140,145,39635
145,146,39636
146,146,39637
151,149,39638
154,153,39639
156,157,39640
157,168,39641
157,171,39642
155,176,39643
152,183,39644
145,188,39645
140,191,39646
133,192,39647
132,192,39648
125,191,39649
117,186,39650
108,175,39651
106,170,39652
104,160,39653
105,144,39654
105,142,39655
108,135,39656
119,121,39657
120,120,39658
135,113,39659
146,113,39660
152,114,39661
167,122,39662
169,124,39663
178,135,39664
183,147,39665
186,164,39666
184,181,39667
178,196,39668
178,197,39669
167,211,39670
153,221,39671
137,225,39672
128,225,39673
114,221,39674
99,212,39675
94,207,39676
81,187,39677
77,174,39678
75,158,39679
77,136,39680
81,123,39681
95,101,39682
99,97,39683
118,84,39684
132,80,39685
139,79,39686
172,87,39687
185,96,39688
196,108,39689
205,123,39690
211,139,39691
214,174,39692
211,193,39693
203,213,39694
191,231,39695
185,237,39696
166,251,39697
142,258,39698
124,258,39699
100,251,39700
87,243,39701
69,225,39702
54,198,39703
51,189,39704
46,158,39705
51,121,39706
56,108,39707
74,78,39708
85,67,39709
96,59,39710
134,46,39711
165,49,39712
185,57,39713
209,76,39714
217,85,39715
226,99,39716
238,128,39717
243,171,39718
239,200,39719
237,208,39720
222,240,39721
201,265,39722
180,280,39723
153,290,39724
118,291,39725
99,286,39726
69,269,39727
43,241,39728
29,215,39729
21,189,39730
18,145,39731
22,117,39732
38,77,39733
54,54,39734
64,44,39735
85,28,39736
129,13,39737
163,14,39738
183,20,39739
206,32,39740
237,61,39741
248,77,39742
270,140,39743
272,166,39744
268,203,39745
256,239,39746
138,157,39747
141,156,39748
143,157,39749
145,159,39750
146,162,39751
147,165,39752
146,171,39753
144,174,39754
143,176,39755
139,178,39756
135,179,39757
130,179,39758
126,178,39759
119,171,39760
117,167,39761
116,166,39762
114,154,39763
116,145,39764
119,139,39765
120,137,39766
128,129,39767
130,128,39768
140,125,39769
151,127,39770
156,129,39771
161,133,39772
166,138,39773
173,152,39774
175,164,39775
175,166,39776
171,185,39777
171,186,39778
159,202,39779
153,207,39780
137,212,39781
128,212,39782
119,210,39783
107,203,39784
101,197,39785
95,189,39786
87,166,39787
86,160,39788
86,151,39789
91,129,39790
100,113,39791
110,103,39792
113,101,39793
131,93,39794
140,92,39795
157,94,39796
170,100,39797
184,112,39798
191,121,39799
199,137,39800
203,171,39801
203,175,39802
195,204,39803
184,221,39804
170,234,39805
167,236,39806
144,245,39807
132,246,39808
104,239,39809
88,228,39810
76,215,39811
67,200,39812
63,190,39813
57,157,39814
60,131,39815
66,112,39816
73,99,39817
102,70,39818
107,67,39819
122,61,39820
151,59,39821
166,62,39822
190,75,39823
205,89,39824
221,114,39825
231,150,39826
232,172,39827
227,202,39828
224,211,39829
203,246,39830
187,261,39831
163,274,39832
152,277,39833
118,278,39834
93,270,39835
80,262,39836
60,244,39837
46,224,39838
34,196,39839
30,136,39840
32,123,39841
41,96,39842
50,79,39843
75,50,39844
89,40,39845
137,25,39846
162,27,39847
192,38,39848
207,48,39849
235,78,39850
241,88,39851
259,142,39852
261,169,39853
256,206,39854
244,239,39855
223,270,39856
207,286,39857
181,302,39858
147,312,39859
132,313,39860
97,307,39861
67,292,39862
30,255,39863
12,221,39864
3,189,39865
139,163,39866
137,167,39867
135,167,39868
134,168,39869
130,166,39870
127,163,39871
126,162,39872
125,158,39873
125,153,39874
127,148,39875
127,146,39876
134,140,39877
138,138,39878
143,138,39879
150,140,39880
154,142,39881
155,143,39882
162,154,39883
163,158,39884
164,164,39885
164,170,39886
162,178,39887
156,189,39888
149,195,39889
142,198,39890
134,200,39891
124,198,39892
122,198,39893
109,188,39894
103,180,39895
102,179,39896
97,162,39897
97,152,39898
98,143,39899
103,130,39900
115,115,39901
115,114,39902
132,106,39903
146,105,39904
152,106,39905
173,118,39906
174,118,39907
186,136,39908
191,150,39909
192,172,39910
192,177,39911
189,189,39912
183,202,39913
164,223,39914
160,226,39915
144,232,39916
134,233,39917
122,232,39918
107,227,39919
82,203,39920
79,198,39921
70,174,39922
68,157,39923
68,151,39924
76,118,39925
84,103,39926
93,92,39927
118,76,39928
131,72,39929
142,71,39930
165,75,39931
188,89,39932
199,100,39933
206,110,39934
214,126,39935
221,161,39936
220,182,39937
210,215,39938
205,224,39939
190,243,39940
162,261,39941
148,265,39942
123,266,39943
97,258,39944
86,251,39945
73,241,39946
57,220,39947
42,182,39948
40,164,39949
41,135,39950
51,101,39951
69,73,39952
75,66,39953
100,48,39954
128,39,39955
162,40,39956
180,46,39957
202,59,39958
225,84,39959
235,101,39960
245,128,39961
248,141,39962
249,183,39963
241,217,39964
228,244,39965
203,273,39966
185,286,39967
148,299,39968
136,300,39969
98,294,39970
66,276,39971
46,257,39972
31,235,39973
20,211,39974
12,175,39975
12,134,39976
22,94,39977
32,73,39978
51,46,39979
101,12,39980
129,5,39981
154,5,39982
199,19,39983
216,30,39984
135,160,39985
134,156,39986
135,154,39987
138,151,39988
141,150,39989
145,151,39990
145,150,39991
150,155,39992
152,158,39993
153,162,39994
153,168,39995
151,175,39996
152,174,39997
148,180,39998
142,185,39999
135,187,40000
130,187,40001
124,185,40002
119,182,40003
115,177,40004
112,173,40005
108,162,40006
107,155,40007
108,149,40008
115,132,40009
119,127,40010
127,121,40011
132,119,40012
142,117,40013
154,120,40014
159,122,40015
165,126,40016
176,141,40017
177,143,40018
181,161,40019
181,176,40020
180,181,40021
175,193,40022
166,206,40023
154,215,40024
142,219,40025
128,220,40026
114,216,40027
104,210,40028
100,207,40029
86,187,40030
82,176,40031
80,168,40032
80,143,40033
81,137,40034
92,112,40035
106,97,40036
110,94,40037
120,88,40038
141,84,40039
166,89,40040
181,99,40041
191,109,40042
193,111,40043
206,137,40044
210,159,40045
210,173,40046
206,194,40047
197,215,40048
181,235,40049
168,244,40050
148,252,40051
122,253,40052
117,252,40053
92,241,40054
70,219,40055
60,201,40056
57,194,40057
51,164,40058
51,141,40059
61,106,40060
75,84,40061
79,79,40062
104,60,40063
137,51,40064
152,51,40065
162,53,40066
179,59,40067
206,79,40068
227,111,40069
233,126,40070
239,164,40071
238,183,40072
233,206,40073
208,251,40074
201,259,40075
186,271,40076
158,284,40077
129,287,40078
109,284,40079
68,262,40080
59,254,40081
39,226,40082
31,208,40083
22,164,40084
23,136,40085
28,111,40086
48,69,40087
65,49,40088
93,29,40089
129,18,40090
144,17,40091
180,24,40092
213,43,40093
224,53,40094
241,74,40095
261,118,40096
267,178,40097
266,192,40098
261,214,40099
234,268,40100
219,285,40101
190,306,40102
157,318,40103
140,159,40104
143,162,40105
143,166,40106
143,167,40107
142,169,40108
140,172,40109
138,174,40110
134,175,40111
129,174,40112
127,173,40113
124,171,40114
120,164,40115
119,160,40116
118,155,40117
121,144,40118
122,142,40119
126,136,40120
136,131,40121
139,130,40122
148,131,40123
149,131,40124
157,135,40125
165,144,40126
167,148,40127
170,159,40128
171,166,40129
168,181,40130
168,182,40131
159,196,40132
150,203,40133
146,205,40134
134,208,40135
120,205,40136
114,202,40137
105,195,40138
96,182,40139
94,178,40140
91,167,40141
90,155,40142
93,136,40143
99,123,40144
109,110,40145
119,103,40146
127,99,40147
147,97,40148
159,100,40149
172,107,40150
180,114,40151
187,123,40152
195,139,40153
198,151,40154
198,180,40155
192,200,40156
187,210,40157
178,221,40158
164,232,40159
144,240,40160
133,241,40161
113,238,40162
103,233,40163
90,224,40164
70,196,40165
63,173,40166
62,147,40167
61,155,40168
65,128,40169
74,106,40170
91,84,40171
108,72,40172
122,66,40173
152,64,40174
161,66,40175
185,77,40176
194,84,40177
218,118,40178
219,120,40179
228,161,40180
227,182,40181
218,214,40182
205,236,40183
198,245,40184
170,266,40185
142,274,40186
124,274,40187
110,271,40188
92,264,40189
68,246,40190
43,208,40191
36,186,40192
33,162,40193
33,146,40194
39,113,40195
53,82,40196
84,49,40197
97,41,40198
111,35,40199
138,30,40200
179,37,40201
202,50,40202
225,72,40203
233,83,40204
252,127,40205
256,154,40206
254,196,40207
243,231,40208
229,255,40209
203,283,40210
186,294,40211
162,304,40212
119,307,40213
100,303,40214
65,285,40215
36,256,40216
20,229,40217
14,214,40218
4,160,40219
5,136,40220
12,102,40221
32,60,40222
137,163,40223
135,164,40224
132,163,40225
130,160,40226
129,158,40227
129,154,40228
130,150,40229
132,147,40230
134,145,40231
138,143,40232
145,143,40233
150,145,40234
153,147,40235
156,152,40236
158,155,40237
160,164,40238
160,168,40239
157,179,40240
152,186,40241
148,190,40242
143,193,40243
135,195,40244
132,195,40245
118,190,40246
116,189,40247
108,180,40248
104,172,40249
101,160,40250
101,157,40251
103,141,40252
106,133,40253
112,124,40254
121,116,40255
128,112,40256
138,110,40257
153,111,40258
164,116,40259
169,120,40260
177,129,40261
184,142,40262
188,162,40263
188,172,40264
185,187,40265
181,197,40266
167,215,40267
166,216,40268
144,227,40269
135,228,40270
115,225,40271
110,223,40272
92,209,40273
84,198,40274
75,177,40275
73,168,40276
73,145,40277
75,133,40278
80,119,40279
99,93,40280
108,86,40281
131,77,40282
144,76,40283
158,78,40284
178,87,40285
188,95,40286
207,121,40287
210,128,40288
217,162,40289
217,170,40290
214,191,40291
197,228,40292
185,241,40293
179,246,40294
142,261,40295
133,262,40296
113,259,40297
89,248,40298
73,234,40299
62,220,40300
47,184,40301
44,150,40302
44,145,40303
48,122,40304
63,88,40305
74,74,40306
107,50,40307
112,48,40308
147,43,40309
175,49,40310
189,56,40311
205,68,40312
227,95,40313
241,129,40314
244,142,40315
245,180,40316
242,199,40317
224,242,40318
211,259,40319
192,276,40320
170,288,40321
137,295,40322
96,288,40323
72,275,40324
53,258,40325
41,243,40326
23,206,40327
15,151,40328
15,150,40329
21,111,40330
40,68,40331
70,35,40332
96,19,40333
113,13,40334
144,9,40335
175,14,40336
202,26,40337
223,42,40338
260,95,40339
261,97,40340
274,174,40341
137,156,40342
138,155,40343
141,154,40344
144,154,40345
146,157,40346
148,160,40347
149,162,40348
149,169,40349
149,171,40350
147,174,40351
144,178,40352
137,182,40353
131,182,40354
130,182,40355
122,178,40356
119,176,40357
116,172,40358
113,164,40359
112,153,40360
113,146,40361
115,140,40362
118,135,40363
120,132,40364
126,127,40365
136,123,40366
149,123,40367
154,125,40368
160,128,40369
171,141,40370
175,150,40371
177,158,40372
178,166,40373
175,181,40374
172,190,40375
164,201,40376
153,210,40377
154,210,40378
137,215,40379
126,215,40380
111,209,40381
101,201,40382
97,197,40383
89,183,40384
84,165,40385
83,155,40386
84,143,40387
91,122,40388
100,109,40389
116,96,40390
121,93,40391
145,89,40392
157,91,40393
163,93,40394
176,100,40395
199,131,40396
203,143,40397
204,146,40398
206,169,40399
204,186,40400
197,206,40401
186,223,40402
172,236,40403
143,248,40404
131,249,40405
108,244,40406
103,242,40407
80,224,40408
66,204,40409
62,195,40410
56,174,40411
56,138,40412
60,121,40413
65,108,40414
90,75,40415
106,64,40416
122,58,40417
152,56,40418
162,58,40419
176,63,40420
200,80,40421
216,99,40422
226,119,40423
233,144,40424
234,180,40425
224,218,40426
219,228,40427
196,257,40428
182,268,40429
149,281,40430
137,282,40431
117,281,40432
82,267,40433
73,261,40434
43,224,40435
32,197,40436
26,160,40437
26,150,40438
33,109,40439
48,77,40440
73,48,40441
87,38,40442
117,25,40443
139,22,40444
174,27,40445
189,33,40446
230,67,40447
250,100,40448
258,123,40449
263,153,40450
261,194,40451
259,205,40452
238,255,40453
225,272,40454
190,301,40455
174,308,40456
133,316,40457
89,307,40458
66,295,40459
52,284,40460
140,162,40461
140,165,40462
139,168,40463
135,170,40464
133,170,40465
129,169,40466
127,168,40467
125,165,40468
123,160,40469
123,153,40470
123,150,40471
125,145,40472
128,141,40473
133,137,40474
136,136,40475
144,135,40476
145,135,40477
151,137,40478
156,140,40479
163,150,40480
166,159,40481
167,163,40482
166,173,40483
164,180,40484
157,191,40485
151,197,40486
146,200,40487
135,203,40488
123,201,40489
115,197,40490
110,194,40491
104,187,40492
100,180,40493
95,165,40494
95,146,40495
95,145,40496
99,131,40497
107,119,40498
118,109,40499
131,103,40500
141,102,40501
149,102,40502
161,106,40503
171,112,40504
181,122,40505
193,148,40506
195,160,40507
195,168,40508
192,188,40509
187,201,40510
180,212,40511
166,225,40512
144,235,40513
139,236,40514
118,234,40515
107,230,40516
93,220,40517
80,205,40518
74,195,40519
67,172,40520
66,145,40521
71,123,40522
78,108,40523
85,97,40524
103,80,40525
120,72,40526
141,68,40527
152,69,40528
176,77,40529
194,90,40530
206,105,40531
215,122,40532
222,146,40533
223,181,40534
221,192,40535
210,221,40536
198,238,40537
178,256,40538
153,267,40539
128,269,40540
106,265,40541
82,252,40542
70,242,40543
58,227,40544
40,183,40545
37,162,40546
38,139,40547
41,121,40548
53,91,40549
69,69,40550
94,48,40551
111,40,40552
132,35,40553
157,36,40554
201,55,40555
218,71,40556
231,88,40557
245,118,40558
249,133,40559
252,178,40560
245,213,40561
230,246,40562
203,277,40563
182,291,40564
147,302,40565
134,303,40566
95,296,40567
80,289,40568
62,277,40569
28,235,40570
15,204,40571
9,172,40572
9,137,40573
10,128,40574
39,57,40575
63,31,40576
72,24,40577
106,7,40578
155,2,40579
137,161,40580
132,159,40581
132,156,40582
134,152,40583
135,150,40584
139,148,40585
140,147,40586
143,147,40587
150,151,40588
150,150,40589
154,156,40590
155,162,40591
156,168,40592
154,175,40593
153,178,40594
146,185,40595
145,187,40596
140,189,40597
131,190,40598
127,189,40599
123,188,40600
114,181,40601
111,177,40602
107,168,40603
105,154,40604
106,146,40605
110,135,40606
112,131,40607
117,125,40608
125,119,40609
135,115,40610
141,114,40611
155,117,40612
164,122,40613
173,131,40614
179,141,40615
184,159,40616
184,164,40617
182,183,40618
174,200,40619
163,212,40620
162,213,40621
147,221,40622
137,223,40623
126,223,40624
113,219,40625
101,211,40626
89,198,40627
84,189,40628
78,172,40629
77,147,40630
82,126,40631
83,123,40632
97,101,40633
109,91,40634
121,85,40635
139,81,40636
163,85,40637
162,84,40638
193,107,40639
194,108,40640
210,142,40641
211,148,40642
212,180,40643
212,181,40644
199,217,40645
192,227,40646
169,247,40647
148,255,40648
130,257,40649
123,256,40650
92,244,40651
78,233,40652
64,215,40653
57,201,40654
48,163,40655
49,139,40656
56,111,40657
64,95,40658
90,66,40659
103,57,40660
112,53,40661
133,48,40662
158,49,40663
186,60,40664
198,68,40665
221,94,40666
236,127,40667
240,145,40668
241,176,40669
233,214,40670
226,230,40671
214,249,40672
188,273,40673
148,289,40674
136,290,40675
112,288,40676
96,283,40677
69,267,40678
34,222,40679
29,210,40680
21,180,40681
20,138,40682
27,105,40683
46,67,40684
70,41,40685
79,34,40686
107,20,40687
147,14,40688
174,19,40689
181,21,40690
225,50,40691
243,72,40692
261,109,40693
267,132,40694
270,173,40695
259,228,40696
245,257,40697
217,290,40698
139,158,40699
142,158,40700
144,160,40701
145,162,40702
145,168,40703
145,169,40704
142,174,40705
139,176,40706
137,177,40707
133,178,40708
129,177,40709
125,175,40710
119,168,40711
118,166,40712
116,158,40713
116,153,40714
118,144,40715
119,142,40716
123,136,40717
127,132,40718
135,128,40719
145,127,40720
149,128,40721
160,134,40722
162,136,40723
169,146,40724
172,155,40725
173,161,40726
173,172,40727
168,188,40728
162,197,40729
154,204,40730
149,207,40731
138,210,40732
126,210,40733
113,205,40734
106,200,40735
97,189,40736
94,184,40737
88,164,40738
89,143,40739
88,146,40740
94,126,40741
104,111,40742
108,107,40743
131,95,40744
146,94,40745
153,95,40746
170,102,40747
182,112,40748
187,118,40749
199,144,40750
201,153,40751
202,169,40752
199,188,40753
192,206,40754
188,213,40755
165,235,40756
152,241,40757
136,244,40758
117,242,40759
111,240,40760
84,222,40761
76,212,40762
64,188,40763
61,177,40764
59,151,40765
65,119,40766
77,96,40767
85,86,40768
102,72,40769
119,64,40770
130,61,40771
158,62,40772
179,70,40773
197,83,40774
207,94,40775
223,123,40776
229,146,40777
230,174,40778
225,203,40779
213,230,40780
200,247,40781
188,258,40782
168,270,40783
139,277,40784
109,274,40785
100,271,40786
65,247,40787
53,232,40788
40,208,40789
33,184,40790
30,159,40791
37,111,40792
50,82,40793
71,56,40794
78,50,40795
121,29,40796
137,27,40797
167,30,40798
190,39,40799
220,62,40800
233,78,40801
255,129,40802
256,133,40803
258,185,40804
249,223,40805
242,239,40806
212,279,40807
205,285,40808
162,307,40809
148,310,40810
112,309,40811
89,302,40812
45,271,40813
38,263,40814
15,224,40815
2,170,40816
5,120,40817
138,164,40818
137,165,40819
133,166,40820
130,165,40821
129,163,40822
127,159,40823
126,155,40824
126,154,40825
129,147,40826
133,143,40827
133,142,40828
143,140,40829
141,139,40830
150,142,40831
156,147,40832
157,148,40833
161,155,40834
162,163,40835
162,171,40836
161,176,40837
156,186,40838
154,188,40839
146,195,40840
139,197,40841
134,198,40842
126,197,40843
112,189,40844
108,185,40845
101,171,40846
100,168,40847
98,158,40848
99,146,40849
103,134,40850
105,129,40851
119,114,40852
122,112,40853
130,108,40854
153,108,40855
163,112,40856
173,120,40857
183,134,40858
184,135,40859
189,150,40860
191,168,40861
190,178,40862
187,190,40863
174,212,40864
161,223,40865
143,230,40866
145,230,40867
129,231,40868
110,226,40869
95,216,40870
86,207,40871
79,195,40872
72,175,40873
70,150,40874
72,135,40875
75,124,40876
92,96,40877
109,82,40878
120,77,40879
141,73,40880
153,74,40881
180,85,40882
195,98,40883
204,110,40884
209,119,40885
218,147,40886
220,167,40887
215,197,40888
210,211,40889
187,243,40890
177,251,40891
167,257,40892
149,263,40893
117,263,40894
90,252,40895
71,236,40896
63,226,40897
46,191,40898
45,187,40899
41,152,40900
44,128,40901
51,105,40902
79,65,40903
97,52,40904
121,42,40905
127,41,40906
166,43,40907
178,47,40908
207,66,40909
228,91,40910
235,105,40911
246,140,40912
248,172,40913
246,192,40914
228,241,40915
205,269,40916
185,284,40917
157,295,40918
127,298,40919
118,297,40920
95,291,40921
52,261,40922
40,246,40923
23,214,40924
13,170,40925
12,155,40926
20,105,40927
35,71,40928
43,59,40929
69,32,40930
95,16,40931
142,6,40932
181,13,40933
202,23,40934
224,39,40935
250,70,40936
135,158,40937
135,157,40938
138,153,40939
139,152,40940
143,152,40941
147,154,40942
148,154,40943
151,160,40944
152,163,40945
152,166,40946
150,174,40947
148,177,40948
145,181,40949
142,183,40950
132,185,40951
129,185,40952
128,185,40953
120,180,40954
117,178,40955
111,166,40956
109,157,40957
109,155,40958
110,146,40959
116,133,40960
125,125,40961
132,121,40962
136,120,40963
141,119,40964
149,120,40965
165,129,40966
166,129,40967
175,142,40968
179,156,40969
180,168,40970
179,176,40971
174,192,40972
173,194,40973
162,207,40974
152,214,40975
139,218,40976
124,217,40977
121,217,40978
98,202,40979
95,199,40980
85,181,40981
81,162,40982
81,149,40983
84,133,40984
89,120,40985
97,108,40986
113,94,40987
122,90,40988
137,86,40989
149,86,40990
173,95,40991
187,107,40992
192,113,40993
203,134,40994
207,147,40995
209,166,40996
205,192,40997
199,208,40998
181,232,40999
173,239,41000
161,246,41001
133,252,41002
122,251,41003
108,247,41004
90,237,41005
71,218,41006
63,204,41007
54,176,41008
52,153,41009
56,125,41010
59,115,41011
71,92,41012
88,73,41013
118,56,41014
127,54,41015
165,56,41016
186,65,41017
207,83,41018
218,97,41019
226,112,41020
236,148,41021
236,185,41022
229,212,41023
227,218,41024
214,241,41025
177,274,41026
161,281,41027
126,285,41028
122,285,41029
77,267,41030
66,258,41031
44,231,41032
30,200,41033
27,189,41034
23,155,41035
32,104,41036
38,90,41037
53,65,41038
72,45,41039
117,22,41040
137,19,41041
170,23,41042
187,29,41043
215,47,41044
244,82,41045
256,108,41046
265,146,41047
266,169,41048
262,203,41049
257,222,41050
226,275,41051
207,293,41052
182,308,41053
159,316,41054
100,314,41055
140,160,41056
142,163,41057
142,166,41058
141,168,41059
137,172,41060
136,172,41061
132,173,41062
129,172,41063
127,171,41064
124,168,41065
121,163,41066
120,156,41067
120,152,41068
122,145,41069
124,142,41070
131,135,41071
132,134,41072
140,132,41073
145,132,41074
156,137,41075
159,139,41076
163,144,41077
167,152,41078
169,162,41079
168,175,41080
166,182,41081
164,186,41082
156,197,41083
148,202,41084
143,204,41085
134,206,41086
121,204,41087
110,197,41088
101,187,41089
97,180,41090
93,168,41091
92,164,41092
93,142,41093
97,130,41094
105,117,41095
116,107,41096
119,105,41097
138,99,41098
147,99,41099
158,101,41100
170,108,41101
185,123,41102
193,139,41103
195,145,41104
198,168,41105
194,190,41106
191,198,41107
180,216,41108
178,219,41109
154,235,41110
144,238,41111
130,239,41112
112,235,41113
99,229,41114
83,214,41115
73,199,41116
64,170,41117
63,154,41118
67,127,41119
75,107,41120
85,93,41121
100,79,41122
122,68,41123
126,67,41124
144,65,41125
180,76,41126
191,84,41127
211,108,41128
216,117,41129
222,134,41130
226,176,41131
225,184,41132
213,221,41133
199,241,41134
173,262,41135
163,267,41136
142,272,41137
115,271,41138
92,262,41139
73,248,41140
57,230,41141
44,206,41142
35,170,41143
35,172,41144
41,113,41145
50,91,41146
58,78,41147
88,48,41148
114,36,41149
136,32,41150
162,34,41151
179,39,41152
206,55,41153
226,76,41154
247,116,41155
251,130,41156
255,162,41157
252,197,41158
246,219,41159
225,258,41160
205,279,41161
158,303,41162
136,306,41163
128,306,41164
95,299,41165
52,272,41166
36,253,41167
19,223,41168
7,178,41169
7,133,41170
8,126,41171
31,64,41172
35,58,41173
65,26,41174
135,163,41175
134,163,41176
131,159,41177
130,156,41178
130,154,41179
133,149,41180
134,147,41181
137,145,41182
142,144,41183
144,144,41184
151,148,41185
153,150,41186
155,153,41187
158,161,41188
158,169,41189
157,173,41190
155,180,41191
151,184,41192
149,187,41193
140,192,41194
134,193,41195
128,193,41196
121,190,41197
113,184,41198
107,175,41199
106,173,41200
103,152,41201
102,156,41202
104,143,41203
108,133,41204
117,121,41205
126,115,41206
132,113,41207
148,112,41208
153,113,41209
166,120,41210
172,125,41211
181,139,41212
186,156,41213
187,167,41214
185,179,41215
183,188,41216
173,206,41217
170,210,41218
155,221,41219
148,224,41220
129,226,41221
113,222,41222
104,217,41223
94,209,41224
79,184,41225
76,174,41226
74,159,41227
76,135,41228
84,115,41229
89,107,41230
95,99,41231
110,87,41232
130,79,41233
144,78,41234
171,85,41235
182,92,41236
200,112,41237
207,125,41238
215,157,41239
215,175,41240
212,192,41241
205,212,41242
199,222,41243
179,244,41244
153,257,41245
143,259,41246
121,259,41247
96,250,41248
88,245,41249
64,220,41250
55,203,41251
46,170,41252
45,156,41253
51,119,41254
54,109,41255
76,74,41256
87,64,41257
118,48,41258
134,45,41259
151,45,41260
185,56,41261
207,72,41262
221,89,41263
237,121,41264
242,141,41265
244,162,41266
242,192,41267
235,216,41268
214,253,41269
197,270,41270
167,287,41271
154,291,41272
127,293,41273
85,281,41274
78,277,41275
46,247,41276
24,204,41277
19,183,41278
17,143,41279
23,110,41280
28,95,41281
45,64,41282
61,45,41283
94,22,41284
139,11,41285
145,11,41286
175,16,41287
216,38,41288
246,72,41289
257,92,41290
271,141,41291
273,168,41292
264,221,41293
137,158,41294
139,156,41295
143,156,41296
145,157,41297
146,159,41298
148,165,41299
148,167,41300
146,173,41301
145,175,41302
139,179,41303
137,180,41304
133,181,41305
129,180,41306
122,176,41307
120,174,41308
117,170,41309
114,163,41310
113,155,41311
114,149,41312
116,142,41313
121,134,41314
128,128,41315
129,127,41316
141,124,41317
149,125,41318
158,129,41319
164,134,41320
170,142,41321
174,153,41322
176,163,41323
175,176,41324
172,186,41325
165,197,41326
164,199,41327
146,211,41328
144,212,41329
132,214,41330
122,212,41331
114,209,41332
102,200,41333
89,178,41334
89,179,41335
85,153,41336
87,138,41337
89,131,41338
95,118,41339
103,108,41340
114,99,41341
131,92,41342
148,91,41343
165,96,41344
169,98,41345
182,108,41346
190,117,41347
202,145,41348
204,172,41349
201,191,41350
200,194,41351
193,210,41352
179,228,41353
156,243,41354
135,247,41355
132,247,41356
106,241,41357
85,227,41358
74,214,41359
63,193,41360
57,168,41361
56,157,41362
58,134,41363
69,104,41364
73,97,41365
86,81,41366
118,61,41367
126,59,41368
142,57,41369
171,63,41370
185,70,41371
201,83,41372
221,112,41373
229,133,41374
233,161,41375
232,184,41376
222,218,41377
213,235,41378
199,252,41379
168,273,41380
143,280,41381
117,279,41382
95,272,41383
82,265,41384
51,234,41385
37,208,41386
32,191,41387
28,166,41388
32,119,41389
47,82,41390
48,80,41391
68,55,41392
110,29,41393
127,25,41394
163,26,41395
199,41,41396
216,54,41397
238,81,41398
251,107,41399
258,130,41400
262,168,41401
256,210,41402
245,239,41403
236,255,41404
196,295,41405
172,307,41406
149,313,41407
107,311,41408
80,301,41409
65,292,41410
26,251,41411
16,233,41412
139,162,41413
139,165,41414
136,168,41415
134,169,41416
131,168,41417
127,165,41418
126,164,41419
124,159,41420
124,156,41421
125,150,41422
126,146,41423
132,140,41424
135,138,41425
139,137,41426
144,137,41427
149,138,41428
153,140,41429
158,145,41430
161,149,41431
164,159,41432
165,168,41433
163,178,41434
162,181,41435
158,188,41436
150,195,41437
146,198,41438
128,200,41439
129,201,41440
115,195,41441
110,191,41442
102,181,41443
98,171,41444
96,158,41445
96,151,41446
99,137,41447
105,124,41448
106,122,41449
120,110,41450
136,104,41451
147,104,41452
160,108,41453
167,111,41454
180,124,41455
185,131,41456
189,140,41457
193,173,41458
193,175,41459
188,194,41460
180,209,41461
170,220,41462
165,224,41463
135,234,41464
121,233,41465
111,230,41466
93,218,41467
82,205,41468
73,188,41469
68,167,41470
68,170,41471
68,143,41472
78,111,41473
79,109,41474
106,81,41475
119,74,41476
130,71,41477
140,70,41478
172,77,41479
190,89,41480
195,94,41481
208,111,41482
219,139,41483
222,170,41484
220,188,41485
216,203,41486
201,232,41487
189,245,41488
171,258,41489
144,267,41490
122,267,41491
104,262,41492
77,246,41493
71,240,41494
58,224,41495
43,190,41496
39,146,41497
41,129,41498
52,97,41499
64,77,41500
78,62,41501
118,40,41502
133,37,41503
158,38,41504
179,44,41505
198,55,41506
224,81,41507
244,121,41508
248,136,41509
251,170,41510
245,208,41511
241,220,41512
213,265,41513
205,273,41514
189,285,41515
154,299,41516
128,301,41517
77,285,41518
72,282,41519
49,262,41520
35,244,41521
14,193,41522
10,147,41523
14,117,41524
27,80,41525
40,58,41526
74,25,41527
85,18,41528
128,4,41529
143,3,41530
203,20,41531
136,161,41532
133,157,41533
134,154,41534
136,151,41535
138,150,41536
142,149,41537
145,149,41538
149,152,41539
150,153,41540
153,158,41541
154,163,41542
154,168,41543
154,171,41544
150,179,41545
147,183,41546
142,186,41547
138,188,41548
131,188,41549
123,186,41550
118,182,41551
112,175,41552
110,172,41553
108,167,41554
107,150,41555
110,139,41556
112,135,41557
121,124,41558
122,123,41559
135,117,41560
142,116,41561
153,118,41562
154,118,41563
166,126,41564
175,137,41565
180,149,41566
182,160,41567
183,167,41568
180,183,41569
173,199,41570
168,205,41571
154,216,41572
139,221,41573
129,221,41574
122,220,41575
109,215,41576
96,204,41577
85,187,41578
80,172,41579
78,153,41580
79,142,41581
84,125,41582
97,104,41583
103,98,41584
106,95,41585
138,83,41586
153,84,41587
168,89,41588
178,95,41589
193,109,41590
201,122,41591
206,134,41592
211,171,41593
209,186,41594
201,210,41595
196,219,41596
182,235,41597
167,246,41598
145,254,41599
131,255,41600
104,249,41601
92,242,41602
77,229,41603
62,208,41604
51,175,41605
50,145,41606
51,135,41607
61,104,41608
67,93,41609
84,73,41610
113,55,41611
121,52,41612
152,50,41613
175,56,41614
199,71,41615
216,90,41616
228,110,41617
235,130,41618
240,170,41619
236,199,41620
221,235,41621
209,252,41622
197,264,41623
187,272,41624
140,288,41625
126,288,41626
88,277,41627
79,272,41628
47,241,41629
39,228,41630
23,182,41631
21,161,41632
24,123,41633
34,92,41634
41,78,41635
74,40,41636
89,30,41637
137,16,41638
157,17,41639
178,22,41640
218,46,41641
231,59,41642
247,82,41643
260,111,41644
267,141,41645
268,181,41646
247,250,41647
239,263,41648
199,302,41649
192,306,41650
141,159,41651
143,160,41652
144,163,41653
144,166,41654
143,170,41655
140,173,41656
138,175,41657
135,176,41658
134,176,41659
129,175,41660
125,173,41661
122,170,41662
119,164,41663
117,157,41664
118,151,41665
120,144,41666
123,138,41667
131,132,41668
132,131,41669
141,129,41670
144,129,41671
153,131,41672
157,134,41673
166,144,41674
168,148,41675
171,159,41676
171,173,41677
171,176,41678
168,184,41679
162,194,41680
154,202,41681
147,206,41682
127,208,41683
122,207,41684
109,200,41685
103,194,41686
96,185,41687
93,177,41688
89,159,41689
89,154,41690
98,123,41691
102,116,41692
109,109,41693
116,103,41694
127,98,41695
148,96,41696
153,97,41697
168,103,41698
186,120,41699
192,129,41700
198,146,41701
200,170,41702
200,173,41703
197,190,41704
189,208,41705
174,226,41706
155,238,41707
152,239,41708
138,242,41709
117,240,41710
92,227,41711
76,209,41712
73,204,41713
66,189,41714
61,166,41715
61,144,41716
68,116,41717
77,99,41718
93,81,41719
113,68,41720
122,65,41721
153,63,41722
171,68,41723
187,77,41724
203,92,41725
220,120,41726
222,125,41727
229,170,41728
227,188,41729
217,218,41730
202,242,41731
196,249,41732
176,264,41733
154,273,41734
113,273,41735
112,273,41736
82,259,41737
61,240,41738
51,226,41739
40,203,41740
32,163,41741
32,145,41742
36,119,41743
59,72,41744
82,49,41745
105,36,41746
135,29,41747
151,29,41748
186,39,41749
195,44,41750
228,74,41751
243,99,41752
253,127,41753
257,179,41754
253,205,41755
242,235,41756
223,265,41757
202,285,41758
192,292,41759
154,307,41760
138,309,41761
97,303,41762
58,281,41763
41,264,41764
19,229,41765
5,182,41766
3,160,41767
4,136,41768
15,91,41769
137,164,41770
134,165,41771
131,164,41772
130,162,41773
128,158,41774
128,156,41775
128,153,41776
130,148,41777
132,145,41778
138,142,41779
141,141,41780
145,142,41781
151,144,41782
156,150,41783
157,151,41784
159,155,41785
161,163,41786
160,173,41787
157,181,41788
153,187,41789
151,189,41790
140,195,41791
137,196,41792
127,195,41793
125,195,41794
112,187,41795
105,177,41796
103,173,41797
100,159,41798
100,153,41799
101,145,41800
103,137,41801
117,118,41802
123,113,41803
132,110,41804
143,108,41805
150,109,41806
167,117,41807
176,126,41808
183,137,41809
187,149,41810
188,152,41811
188,179,41812
183,195,41813
178,204,41814
169,215,41815
161,221,41816
148,227,41817
127,229,41818
117,227,41819
99,217,41820
89,207,41821
82,197,41822
74,178,41823
72,162,41824
72,143,41825
79,119,41826
82,113,41827
96,94,41828
111,83,41829
130,76,41830
139,75,41831
158,77,41832
185,91,41833
197,103,41834
209,123,41835
214,137,41836
218,161,41837
215,191,41838
212,202,41839
195,232,41840
181,246,41841
170,253,41842
150,261,41843
133,263,41844
101,256,41845
86,247,41846
67,229,41847
53,205,41848
44,172,41849
43,164,41850
47,122,41851
54,102,41852
62,88,41853
78,68,41854
102,51,41855
127,43,41856
154,42,41857
170,46,41858
202,64,41859
218,80,41860
236,111,41861
240,121,41862
246,177,41863
246,181,41864
239,213,41865
219,251,41866
198,273,41867
188,280,41868
165,291,41869
128,296,41870
95,289,41871
76,279,41872
47,253,41873
38,240,41874
22,206,41875
14,162,41876
16,129,41877
24,98,41878
50,53,41879
56,46,41880
103,15,41881
112,12,41882
147,8,41883
172,12,41884
219,37,41885
237,55,41886
246,67,41887
272,131,41888
136,158,41889
136,156,41890
140,154,41891
143,153,41892
145,155,41893
148,158,41894
150,161,41895
150,163,41896
150,170,41897
147,175,41898
147,176,41899
143,180,41900
140,182,41901
131,183,41902
127,182,41903
122,180,41904
117,175,41905
114,170,41906
112,165,41907
111,153,41908
111,150,41909
114,140,41910
116,136,41911
123,128,41912
136,122,41913
140,121,41914
148,122,41915
153,123,41916
165,131,41917
169,136,41918
174,144,41919
178,157,41920
177,177,41921
177,179,41922
167,199,41923
162,205,41924
156,210,41925
147,214,41926
133,217,41927
116,213,41928
104,205,41929
103,205,41930
88,183,41931
86,179,41932
83,164,41933
82,154,41934
84,139,41935
97,111,41936
102,105,41937
106,101,41938
130,89,41939
139,88,41940
158,90,41941
170,95,41942
184,106,41943
200,131,41944
204,142,41945
207,162,41946
206,181,41947
201,199,41948
196,210,41949
180,231,41950
155,246,41951
153,247,41952
135,250,41953
120,249,41954
88,233,41955
81,227,41956
63,200,41957
60,193,41958
54,162,41959
54,147,41960
63,110,41961
76,88,41962
87,76,41963
104,64,41964
126,56,41965
141,54,41966
163,57,41967
188,69,41968
211,90,41969
224,112,41970
232,134,41971
235,154,41972
235,180,41973
231,201,41974
220,228,41975
204,251,41976
169,276,41977
148,282,41978
143,283,41979
112,281,41980
81,268,41981
64,254,41982
38,216,41983
27,180,41984
26,174,41985
25,149,41986
36,98,41987
50,72,41988
65,54,41989
97,31,41990
116,24,41991
137,21,41992
164,23,41993
213,48,41994
220,54,41995
247,91,41996
254,107,41997
264,156,41998
264,179,41999
257,216,42000
229,269,42001
234,263,42002
184,305,42003
175,309,42004
133,317,42005
96,311,42006
56,289,42007
141,162,42008
141,164,42009
140,168,42010
137,170,42011
134,171,42012
132,171,42013
129,171,42014
127,169,42015
123,163,42016
122,160,42017
121,155,42018
122,151,42019
123,147,42020
130,138,42021
133,136,42022
135,135,42023
144,134,42024
150,135,42025
155,138,42026
162,146,42027
165,152,42028
166,154,42029
168,165,42030
167,173,42031
164,182,42032
157,193,42033
150,199,42034
146,201,42035
134,204,42036
123,202,42037
117,200,42038
111,196,42039
101,184,42040
97,176,42041
94,162,42042
93,156,42043
95,139,42044
104,121,42045
109,115,42046
113,111,42047
138,101,42048
134,101,42049
153,102,42050
162,105,42051
173,112,42052
190,136,42053
193,144,42054
196,161,42055
195,179,42056
191,194,42057
188,201,42058
174,220,42059
154,233,42060
147,236,42061
130,237,42062
117,235,42063
96,224,42064
90,219,42065
79,206,42066
68,181,42067
65,165,42068
65,147,42069
72,118,42070
75,111,42071
82,99,42072
110,75,42073
122,70,42074
140,67,42075
154,68,42076
177,76,42077
197,92,42078
213,115,42079
217,124,42080
224,153,42081
225,166,42082
216,211,42083
208,226,42084
189,249,42085
181,255,42086
141,270,42087
134,271,42088
112,268,42089
81,253,42090
67,240,42091
46,206,42092
45,204,42093
36,159,42094
36,148,42095
43,111,42096
55,86,42097
76,60,42098
83,54,42099
116,37,42100
134,34,42101
181,42,42102
197,51,42103
218,69,42104
229,83,42105
248,125,42106
253,154,42107
251,193,42108
248,207,42109
222,259,42110
217,265,42111
191,287,42112
162,300,42113
128,304,42114
107,301,42115
87,294,42116
55,272,42117
25,232,42118
15,207,42119
9,180,42120
7,152,42121
17,97,42122
35,61,42123
60,32,42124
95,10,42125
122,2,42126
135,162,42127
132,160,42128
132,155,42129
132,154,42130
132,152,42131
135,149,42132
137,147,42133
143,146,42134
146,147,42135
147,147,42136
151,150,42137
154,154,42138
156,159,42139
157,166,42140
156,173,42141
153,179,42142
152,182,42143
142,189,42144
137,191,42145
133,191,42146
123,189,42147
119,187,42148
111,179,42149
107,171,42150
105,164,42151
104,154,42152
105,147,42153
108,136,42154
115,126,42155
120,121,42156
128,116,42157
139,113,42158
148,114,42159
158,117,42160
167,123,42161
175,132,42162
182,145,42163
185,161,42164
185,170,42165
183,182,42166
173,203,42167
170,207,42168
161,215,42169
149,222,42170
127,224,42171
121,223,42172
111,219,42173
99,211,42174
90,201,42175
83,190,42176
77,171,42177
76,148,42178
79,131,42179
85,116,42180
95,102,42181
106,92,42182
120,84,42183
145,80,42184
150,80,42185
176,90,42186
192,104,42187
196,109,42188
209,135,42189
213,154,42190
214,164,42191
210,194,42192
194,226,42193
182,239,42194
171,247,42195
157,254,42196
134,258,42197
107,253,42198
96,248,42199
73,229,42200
63,215,42201
55,199,42202
47,162,42203
47,148,42204
52,120,42205
69,86,42206
70,84,42207
99,58,42208
109,53,42209
130,47,42210
172,52,42211
196,65,42212
209,77,42213
230,108,42214
233,115,42215
242,155,42216
239,197,42217
230,224,42218
228,229,42219
201,264,42220
187,275,42221
154,289,42222
140,291,42223
116,290,42224
89,281,42225
49,248,42226
36,228,42227
27,208,42228
20,179,42229
18,154,42230
27,102,42231
36,82,42232
54,55,42233
76,35,42234
112,17,42235
145,13,42236
164,15,42237
213,38,42238
232,56,42239
240,66,42240
265,119,42241
270,145,42242
271,172,42243
265,213,42244
233,275,42245
139,157,42246
140,157,42247
143,158,42248
146,161,42249
146,164,42250
146,168,42251
145,172,42252
143,174,42253
142,176,42254
137,178,42255
133,179,42256
126,177,42257
122,174,42258
118,168,42259
117,166,42260
115,159,42261
115,152,42262
117,144,42263
121,137,42264
123,134,42265
128,130,42266
134,127,42267
145,126,42268
149,127,42269
158,131,42270
166,139,42271
168,142,42272
174,160,42273
174,163,42274
173,177,42275
168,190,42276
165,195,42277
151,207,42278
150,208,42279
138,211,42280
126,211,42281
121,210,42282
108,203,42283
94,186,42284
92,182,42285
88,168,42286
87,146,42287
88,141,42288
92,128,42289
100,114,42290
110,104,42291
130,94,42292
138,93,42293
149,93,42294
172,102,42295
185,114,42296
195,130,42297
198,137,42298
201,146,42299
202,179,42300
198,195,42301
191,210,42302
184,220,42303
174,230,42304
145,244,42305
137,245,42306
113,242,42307
108,240,42308
81,220,42309
76,214,42310
64,191,42311
58,162,42312
58,149,42313
61,129,42314
69,107,42315
81,89,42316
105,69,42317
126,61,42318
145,59,42319
166,63,42320
178,68,42321
194,79,42322
206,91,42323
224,123,42324
231,158,42325
231,178,42326
227,200,42327
220,219,42328
192,256,42329
186,261,42330
161,274,42331
118,277,42332
108,275,42333
89,267,42334
61,244,42335
43,217,42336
35,196,42337
30,174,42338
30,138,42339
35,114,42340
52,77,42341
62,64,42342
100,35,42343
107,32,42344
149,26,42345
171,30,42346
180,33,42347
212,53,42348
245,97,42349
254,121,42350
260,158,42351
258,193,42352
256,203,42353
237,250,42354
228,263,42355
199,291,42356
177,303,42357
138,312,42358
117,311,42359
86,302,42360
36,262,42361
25,246,42362
16,229,42363
1,168,42364
138,161,42365
137,166,42366
133,167,42367
132,167,42368
128,163,42369
127,162,42370
126,160,42371
125,156,42372
126,151,42373
128,147,42374
131,142,42375
135,140,42376
138,139,42377
145,139,42378
152,142,42379
154,143,42380
157,146,42381
162,156,42382
163,163,42383
163,171,42384
161,179,42385
159,183,42386
156,188,42387
146,196,42388
134,199,42389
131,199,42390
117,194,42391
113,192,42392
108,186,42393
102,177,42394
98,165,42395
97,157,42396
99,143,42397
102,133,42398
109,122,42399
117,114,42400
122,110,42401
136,106,42402
154,107,42403
163,111,42404
172,118,42405
179,125,42406
187,140,42407
190,149,42408
192,164,42409
189,187,42410
183,201,42411
176,211,42412
163,223,42413
157,227,42414
137,232,42415
127,232,42416
102,223,42417
95,218,42418
84,205,42419
72,179,42420
69,162,42421
69,150,42422
72,130,42423
77,117,42424
84,104,42425
100,87,42426
117,77,42427
146,72,42428
154,73,42429
176,81,42430
197,99,42431
204,108,42432
212,123,42433
217,137,42434
219,184,42435
217,194,42436
206,221,42437
191,241,42438
171,256,42439
160,261,42440
132,266,42441
116,264,42442
88,252,42443
70,236,42444
60,224,42445
44,187,42446
44,188,42447
40,156,42448
44,123,42449
53,98,42450
69,74,42451
83,60,42452
125,40,42453
149,39,42454
176,45,42455
192,53,42456
209,66,42457
222,81,42458
242,120,42459
247,140,42460
247,192,42461
245,202,42462
226,246,42463
210,266,42464
185,285,42465
159,296,42466
139,299,42467
111,297,42468
90,290,42469
44,253,42470
29,230,42471
18,202,42472
12,171,42473
13,132,42474
23,93,42475
35,69,42476
56,42,42477
72,28,42478
103,12,42479
146,5,42480
175,10,42481
208,25,42482
215,30,42483
135,159,42484
135,155,42485
136,153,42486
139,151,42487
141,151,42488
146,152,42489
147,152,42490
150,156,42491
151,157,42492
153,164,42493
152,171,42494
150,176,42495
148,179,42496
144,183,42497
140,185,42498
136,186,42499
129,186,42500
122,183,42501
120,182,42502
113,173,42503
109,163,42504
108,159,42505
108,154,42506
112,138,42507
116,132,42508
119,128,42509
125,123,42510
139,118,42511
143,118,42512
157,122,42513
158,122,42514
169,131,42515
178,148,42516
180,155,42517
181,165,42518
181,171,42519
177,188,42520
172,197,42521
156,213,42522
145,218,42523
135,219,42524
124,219,42525
108,212,42526
98,204,42527
93,198,42528
87,188,42529
82,174,42530
81,142,42531
81,141,42532
90,116,42533
100,103,42534
106,98,42535
123,88,42536
134,85,42537
154,86,42538
164,89,42539
190,109,42540
194,114,42541
206,139,42542
207,143,42543
210,166,42544
206,192,42545
200,208,42546
182,233,42547
180,235,42548
149,251,42549
130,253,42550
121,252,42551
92,240,42552
83,233,42553
63,206,42554
59,197,42555
53,177,42556
51,157,42557
54,128,42558
67,96,42559
82,77,42560
85,74,42561
121,54,42562
150,52,42563
159,53,42564
179,60,42565
191,67,42566
221,100,42567
235,137,42568
235,136,42569
238,172,42570
233,204,42571
218,237,42572
208,250,42573
178,275,42574
174,277,42575
156,284,42576
108,283,42577
94,278,42578
51,243,42579
45,235,42580
38,223,42581
24,178,42582
23,139,42583
28,114,42584
39,85,42585
61,54,42586
89,32,42587
99,27,42588
138,18,42589
175,23,42590
199,34,42591
225,55,42592
242,77,42593
251,93,42594
262,124,42595
267,163,42596
259,219,42597
248,245,42598
219,284,42599
194,303,42600
159,317,42601
134,320,42602
141,160,42603
142,161,42604
143,164,42605
142,168,42606
141,170,42607
139,172,42608
135,174,42609
132,174,42610
127,172,42611
124,170,42612
123,169,42613
120,161,42614
119,153,42615
119,152,42616
123,142,42617
125,139,42618
130,134,42619
138,131,42620
140,131,42621
151,133,42622
157,136,42623
158,137,42624
163,142,42625
168,152,42626
170,164,42627
170,169,42628
168,179,42629
164,189,42630
157,197,42631
149,203,42632
145,205,42633
131,207,42634
122,205,42635
106,195,42636
101,189,42637
95,178,42638
93,173,42639
91,150,42640
92,142,42641
99,124,42642
103,118,42643
109,111,42644
127,100,42645
136,98,42646
142,97,42647
160,101,42648
179,114,42649
180,115,42650
195,142,42651
198,154,42652
199,165,42653
197,182,42654
193,196,42655
181,217,42656
163,232,42657
159,234,42658
145,239,42659
122,239,42660
110,236,42661
87,220,42662
84,217,42663
72,199,42664
63,169,42665
62,157,42666
63,139,42667
77,102,42668
91,85,42669
92,84,42670
122,67,42671
129,65,42672
153,65,42673
175,72,42674
199,90,42675
201,92,42676
219,122,42677
227,156,42678
227,175,42679
221,205,42680
216,217,42681
188,253,42682
191,251,42683
158,270,42684
133,274,42685
105,269,42686
96,265,42687
67,244,42688
49,219,42689
45,211,42690
35,178,42691
35,134,42692
37,123,42693
54,82,42694
64,68,42695
80,53,42696
121,33,42697
149,31,42698
152,31,42699
177,37,42700
213,60,42701
225,73,42702
249,119,42703
254,140,42704
256,168,42705
250,210,42706
246,222,42707
212,274,42708
208,278,42709
174,299,42710
140,307,42711
118,306,42712
99,302,42713
47,268,42714
44,265,42715
18,223,42716
5,167,42717
6,133,42718
15,95,42719
18,87,42720
44,45,42721
136,163,42722
134,164,42723
131,162,42724
130,158,42725
129,155,42726
130,152,42727
132,148,42728
135,145,42729
138,144,42730
143,143,42731
146,144,42732
150,146,42733
153,148,42734
157,155,42735
159,160,42736
159,168,42737
159,171,42738
156,179,42739
153,184,42740
145,191,42741
143,192,42742
137,194,42743
125,193,42744
119,190,42745
111,183,42746
105,173,42747
104,170,42748
102,162,42749
103,143,42750
104,140,42751
109,129,42752
117,120,42753
124,115,42754
135,111,42755
143,110,42756
156,113,42757
167,119,42758
177,130,42759
180,135,42760
185,147,42761
187,172,42762
185,185,42763
179,199,42764
178,201,42765
166,215,42766
149,225,42767
139,227,42768
118,225,42769
117,225,42770
98,214,42771
91,207,42772
77,181,42773
74,169,42774
73,150,42775
77,129,42776
85,111,42777
92,101,42778
108,87,42779
117,82,42780
137,77,42781
154,78,42782
175,86,42783
193,101,42784
200,110,42785
209,127,42786
213,139,42787
216,173,42788
214,189,42789
209,205,42790
199,224,42791
170,251,42792
164,254,42793
131,261,42794
121,260,42795
92,249,42796
89,247,42797
61,217,42798
58,212,42799
46,176,42800
46,136,42801
50,117,42802
59,96,42803
73,76,42804
88,62,42805
117,47,42806
126,45,42807
170,48,42808
178,51,42809
204,68,42810
218,83,42811
238,121,42812
244,148,42813
244,184,42814
240,204,42815
228,234,42816
211,258,42817
186,279,42818
181,282,42819
149,293,42820
124,294,42821
98,288,42822
62,266,42823
51,255,42824
30,222,42825
21,197,42826
16,145,42827
21,113,42828
30,88,42829
48,58,42830
66,39,42831
103,17,42832
136,10,42833
148,10,42834
197,24,42835
215,36,42836
246,70,42837
258,92,42838
269,124,42839
273,181,42840
137,157,42841
139,155,42842
142,155,42843
144,155,42844
146,158,42845
148,162,42846
149,164,42847
149,167,42848
148,171,42849
143,178,42850
140,180,42851
137,181,42852
134,182,42853
126,180,42854
119,174,42855
120,176,42856
116,171,42857
113,160,42858
112,155,42859
113,148,42860
117,138,42861
122,131,42862
123,130,42863
131,125,42864
140,123,42865
153,125,42866
161,130,42867
164,132,42868
172,144,42869
175,152,42870
177,163,42871
177,167,42872
173,185,42873
169,194,42874
161,203,42875
144,213,42876
146,213,42877
125,214,42878
118,212,42879
104,203,42880
93,189,42881
92,188,42882
86,172,42883
84,152,42884
85,142,42885
87,133,42886
99,111,42887
108,102,42888
124,93,42889
129,91,42890
147,90,42891
158,92,42892
174,100,42893
184,108,42894
200,135,42895
205,159,42896
205,175,42897
203,187,42898
196,207,42899
191,215,42900
168,238,42901
149,246,42902
137,248,42903
129,248,42904
103,241,42905
93,235,42906
69,208,42907
62,193,42908
59,184,42909
55,159,42910
61,120,42911
64,112,42912
79,87,42913
96,71,42914
112,62,42915
140,56,42916
163,59,42917
169,61,42918
196,77,42919
219,106,42920
221,109,42921
232,142,42922
234,171,42923
232,189,42924
220,225,42925
205,247,42926
189,262,42927
179,269,42928
154,279,42929
108,278,42930
90,271,42931
79,264,42932
64,252,42933
36,207,42934
32,195,42935
27,144,42936
29,128,42937
44,85,42938
60,62,42939
74,48,42940
110,28,42941
116,26,42942
158,24,42943
185,32,42944
204,43,42945
236,76,42946
254,112,42947
259,130,42948
263,169,42949
257,210,42950
242,247,42951
233,261,42952
195,297,42953
192,299,42954
136,315,42955
103,311,42956
91,307,42957
59,289,42958
24,250,42959
139,161,42960
140,164,42961
138,168,42962
137,169,42963
132,169,42964
129,168,42965
128,168,42966
125,164,42967
123,158,42968
123,155,42969
123,152,42970
126,145,42971
128,142,42972
135,137,42973
140,136,42974
142,135,42975
153,139,42976
157,142,42977
159,144,42978
165,159,42979
166,162,42980
166,168,42981
164,179,42982
161,185,42983
154,193,42984
148,198,42985
140,201,42986
136,202,42987
120,199,42988
112,194,42989
107,190,42990
101,181,42991
98,174,42992
95,152,42993
97,140,42994
97,139,42995
104,123,42996
115,112,42997
121,108,42998
135,103,42999
146,103,43000
160,106,43001
172,114,43002
181,123,43003
185,129,43004
194,158,43005
194,157,43006
192,185,43007
185,203,43008
182,208,43009
167,224,43010
158,229,43011
140,235,43012
133,236,43013
117,233,43014
99,224,43015
80,204,43016
76,197,43017
71,186,43018
66,153,43019
67,142,43020
71,125,43021
89,94,43022
92,90,43023
111,76,43024
140,69,43025
145,69,43026
165,73,43027
181,81,43028
196,93,43029
210,113,43030
220,139,43031
223,162,43032
218,200,43033
217,204,43034
203,231,43035
185,250,43036
158,265,43037
154,266,43038
117,267,43039
108,265,43040
86,254,43041
71,242,43042
45,200,43043
39,174,43044
38,168,43045
40,130,43046
50,98,43047
56,87,43048
80,59,43049
99,46,43050
125,37,43051
143,35,43052
189,48,43053
201,56,43054
226,82,43055
243,114,43056
247,127,43057
251,148,43058
246,208,43059
229,246,43060
226,251,43061
211,269,43062
184,289,43063
159,299,43064
104,298,43065
92,294,43066
76,286,43067
40,253,43068
27,232,43069
14,198,43070
9,149,43071
13,117,43072
26,79,43073
47,48,43074
76,22,43075
102,9,43076
138,2,43077
157,3,43078
135,161,43079
133,159,43080
133,155,43081
134,153,43082
137,149,43083
139,149,43084
143,148,43085
145,148,43086
148,150,43087
151,152,43088
154,158,43089
155,167,43090
156,166,43091
153,176,43092
150,181,43093
145,185,43094
142,188,43095
135,189,43096
129,189,43097
120,185,43098
115,181,43099
114,180,43100
109,172,43101
106,161,43102
106,152,43103
108,141,43104
114,130,43105
116,127,43106
123,121,43107
135,116,43108
144,115,43109
147,115,43110
161,121,43111
168,126,43112
175,135,43113
181,148,43114
183,155,43115
183,174,43116
178,192,43117
175,197,43118
158,215,43119
148,220,43120
139,222,43121
126,222,43122
120,221,43123
103,212,43124
88,195,43125
85,190,43126
81,180,43127
78,169,43128
79,138,43129
83,125,43130
93,107,43131
102,97,43132
118,87,43133
130,83,43134
154,83,43135
166,87,43136
175,91,43137
194,109,43138
201,120,43139
211,150,43140
212,169,43141
210,187,43142
205,204,43143
197,219,43144
174,243,43145
166,248,43146
136,256,43147
128,256,43148
100,248,43149
86,239,43150
72,225,43151
63,212,43152
50,174,43153
49,170,43154
52,126,43155
57,110,43156
68,90,43157
87,69,43158
114,53,43159
125,50,43160
155,49,43161
167,52,43162
200,71,43163
221,95,43164
225,102,43165
236,129,43166
241,162,43167
239,188,43168
232,215,43169
220,239,43170
199,264,43171
180,277,43172
142,289,43173
108,286,43174
87,278,43175
70,267,43176
48,244,43177
30,211,43178
21,175,43179
20,148,43180
23,123,43181
35,87,43182
52,60,43183
62,49,43184
94,26,43185
126,16,43186
159,16,43187
178,21,43188
220,46,43189
244,75,43190
246,78,43191
261,111,43192
269,181,43193
267,196,43194
256,234,43195
239,265,43196
205,299,43197
138,159,43198
141,158,43199
144,161,43200
145,164,43201
145,166,43202
143,171,43203
142,173,43204
138,176,43205
135,177,43206
132,177,43207
128,176,43208
123,173,43209
120,168,43210
117,161,43211
117,152,43212
117,150,43213
120,141,43214
124,136,43215
130,131,43216
132,130,43217
140,128,43218
148,128,43219
156,132,43220
163,138,43221
167,144,43222
170,150,43223
172,161,43224
173,167,43225
170,182,43226
166,190,43227
157,201,43228
147,207,43229
144,208,43230
132,210,43231
125,209,43232
113,204,43233
107,200,43234
96,186,43235
90,171,43236
88,158,43237
91,137,43238
91,135,43239
97,122,43240
104,112,43241
124,98,43242
134,95,43243
149,95,43244
154,96,43245
167,101,43246
177,108,43247
190,124,43248
200,151,43249
201,171,43250
200,182,43251
195,198,43252
187,213,43253
181,221,43254
167,233,43255
140,243,43256
121,242,43257
113,240,43258
88,225,43259
86,223,43260
70,201,43261
64,186,43262
60,166,43263
62,132,43264
69,111,43265
77,97,43266
91,81,43267
113,67,43268
125,63,43269
144,61,43270
169,66,43271
196,83,43272
198,85,43273
219,115,43274
225,131,43275
230,169,43276
228,186,43277
224,204,43278
214,227,43279
194,252,43280
161,272,43281
154,274,43282
122,276,43283
93,267,43284
77,257,43285
66,247,43286
47,221,43287
36,194,43288
31,162,43289
32,134,43290
48,87,43291
54,77,43292
71,57,43293
96,39,43294
120,30,43295
151,28,43296
182,36,43297
214,57,43298
219,62,43299
248,108,43300
252,120,43301
258,149,43302
251,215,43303
246,229,43304
225,264,43305
211,279,43306
177,301,43307
155,308,43308
127,310,43309
96,304,43310
53,278,43311
46,271,43312
25,243,43313
9,205,43314
3,175,43315
4,130,43316
138,163,43317
136,165,43318
134,166,43319
130,164,43320
128,160,43321
127,157,43322
127,153,43323
128,150,43324
131,145,43325
135,142,43326
136,141,43327
145,141,43328
144,140,43329
153,145,43330
157,149,43331
158,151,43332
160,154,43333
162,165,43334
160,176,43335
157,183,43336
156,185,43337
150,191,43338
142,196,43339
131,197,43340
125,196,43341
122,195,43342
113,189,43343
107,183,43344
102,172,43345
100,166,43346
99,152,43347
102,137,43348
107,128,43349
109,124,43350
122,113,43351
134,108,43352
140,107,43353
154,109,43354
163,113,43355
171,119,43356
185,140,43357
189,152,43358
190,162,43359
190,173,43360
185,193,43361
182,200,43362
168,217,43363
156,225,43364
145,229,43365
133,231,43366
121,229,43367
104,222,43368
91,211,43369
78,192,43370
73,177,43371
71,147,43372
71,144,43373
77,121,43374
79,116,43375
103,87,43376
104,86,43377
122,77,43378
146,74,43379
165,78,43380
179,85,43381
199,104,43382
211,125,43383
214,133,43384
219,162,43385
219,172,43386
212,204,43387
198,230,43388
187,242,43389
165,257,43390
146,263,43391
130,264,43392
95,254,43393
79,243,43394
61,222,43395
57,215,43396
50,201,43397
42,148,43398
42,144,43399
55,98,43400
71,74,43401
90,57,43402
102,50,43403
130,41,43404
154,41,43405
167,44,43406
190,54,43407
214,74,43408
224,86,43409
240,119,43410
247,152,43411
246,188,43412
234,228,43413
219,253,43414
203,270,43415
187,282,43416
162,293,43417
111,295,43418
107,294,43419
82,284,43420
46,253,43421
31,230,43422
17,192,43423
13,160,43424
14,136,43425
21,104,43426
34,74,43427
70,32,43428
95,17,43429
119,9,43430
146,7,43431
179,13,43432
225,41,43433
240,57,43434
251,73,43435
136,159,43436
136,155,43437
139,153,43438
141,152,43439
144,153,43440
148,156,43441
148,155,43442
151,162,43443
151,164,43444
150,172,43445
149,175,43446
146,179,43447
142,182,43448
137,184,43449
130,184,43450
125,183,43451
123,182,43452
116,175,43453
113,171,43454
111,164,43455
110,158,43456
110,150,43457
112,142,43458
119,130,43459
130,123,43460
131,122,43461
141,120,43462
146,120,43463
159,125,43464
164,129,43465
172,138,43466
176,146,43467
179,161,43468
179,172,43469
177,182,43470
174,190,43471
164,205,43472
150,214,43473
141,217,43474
133,218,43475
117,214,43476
111,212,43477
99,202,43478
95,198,43479
87,184,43480
82,165,43481
82,144,43482
88,124,43483
90,120,43484
97,109,43485
116,93,43486
137,87,43487
150,87,43488
159,89,43489
180,101,43490
186,107,43491
197,122,43492
206,147,43493
207,150,43494
207,180,43495
200,204,43496
195,214,43497
181,231,43498
167,242,43499
157,247,43500
137,251,43501
113,248,43502
86,233,43503
78,225,43504
63,203,43505
56,183,43506
53,149,43507
53,146,43508
56,127,43509
65,103,43510
89,73,43511
97,67,43512
129,54,43513
141,53,43514
174,60,43515
181,63,43516
206,83,43517
225,111,43518
229,121,43519
236,153,43520
236,180,43521
229,210,43522
222,227,43523
195,261,43524
161,280,43525
155,282,43526
122,284,43527
114,283,43528
86,272,43529
48,236,43530
43,228,43531
30,198,43532
25,174,43533
26,130,43534
31,109,43535
49,72,43536
57,61,43537
84,37,43538
116,23,43539
159,21,43540
193,33,43541
197,35,43542
236,71,43543
242,80,43544
260,123,43545
264,144,43546
260,209,43547
256,222,43548
236,262,43549
213,287,43550
194,301,43551
167,313,43552
137,318,43553
77,304,43554
141,161,43555
141,163,43556
142,165,43557
139,170,43558
137,171,43559
134,172,43560
130,172,43561
127,170,43562
124,167,43563
122,163,43564
121,160,43565
121,152,43566
121,150,43567
124,143,43568
126,140,43569
131,136,43570
137,133,43571
142,132,43572
150,134,43573
160,142,43574
162,144,43575
166,151,43576
168,158,43577
169,166,43578
167,176,43579
164,185,43580
161,190,43581
156,196,43582
144,203,43583
134,205,43584
124,204,43585
118,202,43586
110,196,43587
103,189,43588
95,173,43589
93,164,43590
92,158,43591
95,137,43592
99,127,43593
113,110,43594
125,103,43595
130,101,43596
149,100,43597
154,101,43598
163,104,43599
180,118,43600
190,133,43601
194,144,43602
196,152,43603
197,171,43604
194,188,43605
183,211,43606
170,225,43607
172,224,43608
145,237,43609
128,238,43610
117,236,43611
93,223,43612
90,221,43613
75,201,43614
71,193,43615
64,163,43616
64,148,43617
72,115,43618
78,103,43619
95,84,43620
101,79,43621
118,70,43622
145,66,43623
160,68,43624
175,74,43625
201,95,43626
212,111,43627
219,126,43628
225,152,43629
225,181,43630
218,208,43631
210,225,43632
188,251,43633
175,260,43634
161,267,43635
132,272,43636
107,268,43637
82,255,43638
56,227,43639
57,229,43640
39,188,43641
35,163,43642
36,137,43643
42,112,43644
56,82,43645
63,72,43646
96,44,43647
132,33,43648
152,33,43649
179,40,43650
202,53,43651
214,63,43652
242,105,43653
252,138,43654
254,156,43655
254,178,43656
243,225,43657
225,257,43658
221,262,43659
196,285,43660
155,303,43661
140,305,43662
89,296,43663
59,277,43664
50,269,43665
24,232,43666
13,204,43667
6,157,43668
11,114,43669
23,80,43670
35,59,43671
67,25,43672
79,17,43673
134,162,43674
133,162,43675
131,158,43676
131,155,43677
131,152,43678
135,148,43679
134,148,43680
139,145,43681
141,145,43682
145,145,43683
150,148,43684
155,154,43685
156,156,43686
158,164,43687
158,166,43688
154,179,43689
156,177,43690
144,189,43691
141,191,43692
136,192,43693
130,192,43694
127,192,43695
115,185,43696
110,179,43697
106,171,43698
104,164,43699
103,155,43700
103,150,43701
108,134,43702
111,129,43703
117,122,43704
130,114,43705
143,112,43706
150,113,43707
165,120,43708
164,119,43709
173,127,43710
182,143,43711
186,160,43712
186,169,43713
179,195,43714
179,196,43715
163,215,43716
161,217,43717
151,222,43718
134,226,43719
118,223,43720
105,217,43721
90,203,43722
85,196,43723
80,185,43724
75,162,43725
76,139,43726
79,127,43727
87,111,43728
104,92,43729
105,91,43730
122,82,43731
135,79,43732
162,82,43733
178,90,43734
188,98,43735
204,120,43736
208,129,43737
214,152,43738
214,180,43739
205,210,43740
202,216,43741
194,228,43742
178,244,43743
157,255,43744
131,259,43745
120,258,43746
89,245,43747
77,235,43748
60,212,43749
49,183,43750
48,179,43751
48,132,43752
62,95,43753
61,96,43754
76,75,43755
104,54,43756
130,46,43757
154,46,43758
178,53,43759
196,64,43760
209,75,43761
232,110,43762
241,139,43763
243,155,43764
243,177,43765
238,206,43766
226,234,43767
207,260,43768
175,283,43769
162,288,43770
121,292,43771
111,290,43772
78,276,43773
57,259,43774
30,218,43775
24,202,43776
19,180,43777
19,130,43778
24,109,43779
39,74,43780
51,57,43781
84,28,43782
125,13,43783
135,12,43784
184,20,43785
191,23,43786
229,51,43787
249,78,43788
268,127,43789
270,138,43790
271,187,43791
263,222,43792
137,159,43793
141,156,43794
144,157,43795
146,160,43796
147,163,43797
147,166,43798
147,169,43799
145,173,43800
142,177,43801
137,179,43802
134,180,43803
133,180,43804
124,177,43805
122,175,43806
118,170,43807
115,164,43808
114,159,43809
115,147,43810
116,144,43811
121,135,43812
125,131,43813
134,126,43814
133,126,43815
144,125,43816
153,127,43817
162,133,43818
164,135,43819
171,145,43820
175,161,43821
175,169,43822
173,181,43823
171,187,43824
165,196,43825
154,207,43826
139,212,43827
131,213,43828
124,212,43829
109,205,43830
102,199,43831
94,188,43832
89,176,43833
87,170,43834
86,148,43835
89,133,43836
96,118,43837
102,110,43838
117,98,43839
121,96,43840
135,92,43841
155,93,43842
169,99,43843
183,110,43844
188,116,43845
199,136,43846
203,156,43847
204,166,43848
200,192,43849
191,212,43850
182,224,43851
168,236,43852
161,240,43853
128,246,43854
110,242,43855
98,236,43856
86,227,43857
74,213,43858
63,191,43859
59,177,43860
57,149,43861
60,128,43862
72,100,43863
87,81,43864
101,70,43865
124,60,43866
145,58,43867
167,62,43868
185,71,43869
202,85,43870
220,111,43871
226,126,43872
232,154,43873
232,177,43874
230,192,43875
219,223,43876
195,255,43877
189,260,43878
154,277,43879
134,280,43880
121,279,43881
87,267,43882
68,253,43883
45,223,43884
38,209,43885
30,178,43886
29,138,43887
41,95,43888
45,87,43889
71,53,43890
85,42,43891
125,26,43892
134,25,43893
172,29,43894
209,49,43895
222,61,43896
236,79,43897
256,125,43898
261,156,43899
259,193,43900
248,231,43901
230,262,43902
212,282,43903
182,302,43904
160,310,43905
140,313,43906
93,306,43907
76,298,43908
49,278,43909
28,253,43910
12,222,43911
139,164,43912
138,166,43913
136,167,43914
133,168,43915
129,166,43916
127,164,43917
126,163,43918
124,158,43919
125,151,43920
127,147,43921
128,144,43922
133,140,43923
137,138,43924
145,138,43925
149,139,43926
150,139,43927
158,146,43928
162,153,43929
163,155,43930
164,169,43931
164,173,43932
163,176,43933
158,187,43934
151,194,43935
143,198,43936
137,200,43937
123,198,43938
121,198,43939
109,189,43940
103,181,43941
101,178,43942
98,169,43943
97,149,43944
99,138,43945
102,131,43946
110,119,43947
112,116,43948
135,105,43949
143,104,43950
157,107,43951
166,112,43952
171,115,43953
180,125,43954
186,134,43955
191,149,43956
193,168,43957
191,183,43958
181,206,43959
175,214,43960
161,226,43961
157,228,43962
128,233,43963
125,233,43964
108,228,43965
90,214,43966
78,197,43967
72,183,43968
68,161,43969
68,146,43970
71,131,43971
81,107,43972
89,96,43973
117,76,43974
121,74,43975
138,71,43976
166,75,43977
174,79,43978
190,90,43979
207,111,43980
211,118,43981
221,156,43982
221,176,43983
215,204,43984
210,216,43985
197,236,43986
175,255,43987
154,264,43988
146,266,43989
108,263,43990
93,256,43991
83,250,43992
59,224,43993
46,198,43994
41,178,43995
39,155,43996
42,127,43997
63,80,43998
69,72,43999
99,48,44000
111,43,44001
129,38,44002
171,42,44003
186,48,44004
208,64,44005
228,88,44006
244,123,44007
250,156,44008
250,175,44009
246,202,44010
229,243,44011
207,270,44012
184,287,44013
174,292,44014
141,300,44015
97,294,44016
82,287,44017
44,255,44018
30,234,44019
18,206,44020
12,178,44021
12,131,44022
22,93,44023
37,64,44024
55,41,44025
95,14,44026
120,6,44027
138,4,44028
159,5,44029
192,15,44030
134,159,44031
134,158,44032
135,153,44033
136,152,44034
140,150,44035
143,150,44036
146,150,44037
148,152,44038
152,157,44039
153,160,44040
154,166,44041
153,170,44042
151,177,44043
149,179,44044
143,185,44045
137,187,44046
134,188,44047
125,186,44048
123,185,44049
116,179,44050
111,172,44051
108,164,44052
107,159,44053
108,147,44054
110,141,44055
117,129,44056
123,123,44057
128,120,44058
139,117,44059
150,118,44060
156,120,44061
162,123,44062
173,135,44063
177,142,44064
181,156,44065
182,164,44066
182,172,44067
176,192,44068
169,203,44069
161,211,44070
147,218,44071
133,221,44072
118,218,44073
115,217,44074
104,211,44075
87,190,44076
81,174,44077
79,162,44078
79,149,44079
82,132,44080
86,122,44081
103,99,44082
114,91,44083
119,88,44084
147,84,44085
150,84,44086
170,91,44087
183,100,44088
192,109,44089
205,133,44090
208,143,44091
210,177,44092
208,188,44093
202,206,44094
194,221,44095
175,240,44096
159,249,44097
137,254,44098
126,254,44099
96,244,44100
83,234,44101
60,202,44102
57,195,44103
52,177,44104
50,152,44105
53,128,44106
65,98,44107
71,88,44108
98,63,44109
126,52,44110
129,51,44111
167,54,44112
180,59,44113
211,84,44114
227,110,44115
229,114,44116
239,158,44117
239,176,44118
236,196,44119
217,240,44120
209,251,44121
182,274,44122
177,277,44123
143,287,44124
101,282,44125
71,265,44126
68,263,44127
50,244,44128
26,193,44129
24,184,44130
24,127,44131
25,121,44132
43,76,44133
56,58,44134
85,33,44135
109,22,44136
135,17,44137
169,20,44138
186,26,44139
217,46,44140
235,65,44141
253,95,44142
265,133,44143
268,171,44144
262,212,44145
249,245,44146
229,275,44147
189,307,44148
159,318,44149
139,159,44150
142,160,44151
143,163,44152
144,165,44153
142,170,44154
139,173,44155
137,175,44156
132,175,44157
131,175,44158
128,174,44159
122,169,44160
120,165,44161
119,162,44162
118,154,44163
119,148,44164
121,143,44165
123,139,44166
129,134,44167
134,131,44168
144,130,44169
147,130,44170
153,132,44171
160,137,44172
166,145,44173
170,156,44174
171,168,44175
169,179,44176
168,183,44177
164,190,44178
154,201,44179
145,206,44180
137,208,44181
125,207,44182
119,205,44183
109,199,44184
102,192,44185
94,179,44186
90,162,44187
90,150,44188
92,138,44189
98,124,44190
102,117,44191
111,108,44192
121,101,44193
133,97,44194
150,97,44195
158,99,44196
174,108,44197
183,117,44198
195,138,44199
199,155,44200
199,176,44201
197,187,44202
194,197,44203
185,213,44204
168,230,44205
150,239,44206
137,241,44207
118,240,44208
108,236,44209
97,230,44210
73,203,44211
68,192,44212
62,169,44213
61,151,44214
64,130,44215
73,107,44216
79,97,44217
102,75,44218
120,66,44219
146,63,44220
159,65,44221
176,71,44222
186,77,44223
211,104,44224
223,130,44225
228,156,44226
227,184,44227
222,205,44228
207,234,44229
206,236,44230
188,255,44231
155,272,44232
135,275,44233
112,272,44234
91,264,44235
73,251,44236
50,223,44237
41,204,44238
33,168,44239
34,133,44240
39,112,44241
45,96,44242
63,68,44243
86,47,44244
107,36,44245
152,30,44246
175,35,44247
204,51,44248
223,69,44249
230,78,44250
251,122,44251
253,130,44252
257,170,44253
253,202,44254
237,243,44255
214,274,44256
198,287,44257
167,303,44258
139,308,44259
115,307,44260
84,297,44261
49,272,44262
37,258,44263
17,223,44264
4,167,44265
4,144,44266
11,104,44267
25,71,44268
136,164,44269
133,164,44270
131,163,44271
130,161,44272
129,159,44273
129,153,44274
129,151,44275
132,146,44276
135,144,44277
140,142,44278
141,142,44279
149,144,44280
151,145,44281
156,151,44282
157,152,44283
160,162,44284
161,166,44285
159,174,44286
156,181,44287
150,189,44288
146,192,44289
137,195,44290
133,196,44291
123,193,44292
118,191,44293
112,186,44294
104,173,44295
101,162,44296
101,151,44297
102,143,44298
106,132,44299
107,130,44300
119,117,44301
127,112,44302
134,110,44303
143,109,44304
155,111,44305
163,115,44306
180,133,44307
186,147,44308
187,152,44309
189,167,44310
187,181,44311
184,191,44312
171,212,44313
169,214,44314
149,226,44315
139,228,44316
120,227,44317
109,223,44318
104,220,44319
89,206,44320
80,192,44321
74,176,44322
72,154,44323
73,141,44324
82,114,44325
89,103,44326
109,85,44327
125,78,44328
136,76,44329
150,76,44330
177,86,44331
184,91,44332
197,104,44333
207,120,44334
214,139,44335
217,175,44336
215,188,44337
209,208,44338
201,223,44339
181,245,44340
154,259,44341
146,261,44342
120,261,44343
108,258,44344
87,247,44345
58,214,44346
55,208,44347
44,166,44348
43,156,44349
49,117,44350
59,94,44351
66,83,44352
86,62,44353
120,45,44354
152,43,44355
171,47,44356
176,49,44357
196,60,44358
228,96,44359
234,108,44360
240,123,44361
246,163,44362
243,196,44363
225,241,44364
207,264,44365
185,281,44366
163,291,44367
150,294,44368
123,295,44369
97,289,44370
66,271,44371
38,239,44372
28,220,44373
15,166,44374
16,133,44375
20,113,44376
37,72,44377
59,44,44378
69,35,44379
93,20,44380
150,9,44381
165,11,44382
185,17,44383
213,33,44384
245,67,44385
261,96,44386
274,150,44387
137,160,44388
138,154,44389
142,154,44390
141,153,44391
147,158,44392
148,159,44393
149,160,44394
150,165,44395
150,167,44396
146,176,44397
145,178,44398
142,180,44399
135,183,44400
133,183,44401
123,179,44402
122,179,44403
116,173,44404
113,166,44405
112,160,44406
112,149,44407
112,148,44408
115,139,44409
118,134,44410
127,126,44411
139,122,44412
145,122,44413
155,125,44414
156,125,44415
169,137,44416
175,149,44417
175,148,44418
178,162,44419
176,179,44420
174,186,44421
168,197,44422
163,203,44423
149,213,44424
142,215,44425
132,216,44426
110,209,44427
104,204,44428
95,195,44429
89,184,44430
85,173,44431
83,152,44432
83,148,44433
90,123,44434
102,106,44435
109,100,44436
125,91,44437
136,89,44438
150,89,44439
164,93,44440
175,99,44441
189,113,44442
199,130,44443
206,157,44444
206,174,44445
204,188,44446
193,214,44447
183,227,44448
174,235,44449
150,247,44450
138,249,44451
120,248,44452
102,242,44453
90,234,44454
69,210,44455
65,203,44456
57,181,44457
55,141,44458
61,117,44459
66,105,44460
76,89,44461
88,76,44462
112,61,44463
139,55,44464
160,57,44465
170,60,44466
207,87,44467
211,91,44468
222,109,44469
230,129,44470
235,162,44471
233,190,44472
220,227,44473
201,253,44474
196,258,44475
159,279,44476
142,282,44477
115,281,44478
101,277,44479
78,265,44480
42,223,44481
31,195,44482
28,182,44483
27,134,44484
32,111,44485
44,83,44486
62,58,44487
75,46,44488
106,28,44489
151,22,44490
160,23,44491
190,33,44492
229,65,44493
236,74,44494
254,109,44495
259,125,44496
263,184,44497
260,202,44498
251,231,44499
222,276,44500
206,291,44501
180,306,44502
139,316,44503
93,309,44504
83,305,44505
42,275,44506
140,161,44507
140,166,44508
140,167,44509
138,169,44510
134,170,44511
130,170,44512
128,169,44513
126,167,44514
124,164,44515
122,157,44516
122,154,44517
123,149,44518
125,144,44519
128,140,44520
137,135,44521
136,135,44522
146,135,44523
150,136,44524
154,138,44525
161,146,44526
164,151,44527
167,161,44528
167,168,44529
166,175,44530
161,186,44531
157,192,44532
147,200,44533
145,201,44534
134,203,44535
122,201,44536
112,196,44537
105,189,44538
99,179,44539
96,171,44540
94,157,44541
95,143,44542
99,130,44543
104,122,44544
110,115,44545
124,105,44546
138,102,44547
141,101,44548
162,106,44549
174,114,44550
180,120,44551
192,143,44552
195,157,44553
195,173,44554
195,175,44555
192,190,44556
178,215,44557
168,224,44558
157,231,44559
151,234,44560
126,236,44561
113,233,44562
90,218,44563
83,210,44564
74,196,44565
68,179,44566
65,153,44567
68,132,44568
74,115,44569
81,102,44570
97,84,44571
122,71,44572
129,69,44573
163,71,44574
166,72,44575
185,82,44576
205,103,44577
219,132,44578
220,135,44579
224,170,44580
223,184,44581
214,214,44582
201,235,44583
188,249,44584
158,266,44585
144,269,44586
120,269,44587
100,263,44588
76,248,44589
55,223,44590
41,189,44591
40,186,44592
37,146,44593
43,113,44594
52,92,44595
71,66,44596
77,60,44597
116,38,44598
128,35,44599
168,38,44600
196,51,44601
214,66,44602
229,84,44603
246,120,44604
252,149,44605
253,164,44606
250,195,44607
242,223,44608
216,265,44609
200,280,44610
163,299,44611
149,302,44612
123,303,44613
74,286,44614
71,284,44615
42,257,44616
18,214,44617
11,189,44618
8,161,44619
14,108,44620
29,72,44621
50,43,44622
61,32,44623
88,14,44624
120,3,44625
134,161,44626
132,159,44627
132,157,44628
133,153,44629
134,150,44630
136,149,44631
139,147,44632
142,146,44633
148,149,44634
149,149,44635
152,152,44636
155,160,44637
156,162,44638
156,169,44639
155,174,44640
150,182,44641
147,186,44642
137,190,44643
134,191,44644
126,189,44645
119,186,44646
115,183,44647
110,176,44648
108,172,44649
105,158,44650
105,151,44651
107,141,44652
113,129,44653
119,123,44654
128,117,44655
138,114,44656
146,114,44657
160,119,44658
166,123,44659
171,128,44660
178,138,44661
182,147,44662
184,172,44663
184,175,44664
178,194,44665
175,199,44666
164,212,44667
145,222,44668
146,222,44669
134,224,44670
112,219,44671
98,209,44672
90,200,44673
81,183,44674
77,169,44675
76,153,44676
77,144,44677
83,122,44678
93,105,44679
107,92,44680
120,85,44681
129,82,44682
148,81,44683
168,86,44684
190,103,44685
193,106,44686
207,131,44687
211,145,44688
213,162,44689
213,175,44690
200,216,44691
189,231,44692
176,243,44693
168,248,44694
147,256,44695
112,254,44696
96,247,44697
91,244,44698
72,227,44699
53,191,44700
48,167,44701
48,143,44702
49,135,44703
55,113,44704
72,83,44705
86,68,44706
106,55,44707
139,47,44708
155,48,44709
193,64,44710
202,71,44711
211,80,44712
232,114,44713
237,129,44714
242,167,44715
240,189,44716
227,229,44717
213,251,44718
190,272,44719
177,280,44720
142,290,44721
110,288,44722
100,285,44723
64,263,44724
46,243,44725
30,214,44726
20,176,44727
19,150,44728
24,114,44729
27,104,44730
48,64,44731
69,41,44732
90,27,44733
124,15,44734
164,16,44735
182,21,44736
209,36,44737
240,67,44738
255,93,44739
264,118,44740
270,181,44741
266,206,44742
258,232,44743
224,284,44744
138,158,44745
141,157,44746
144,159,44747
145,161,44748
146,165,44749
145,170,44750
144,172,44751
140,176,44752
139,177,44753
132,178,44754
131,178,44755
124,175,44756
122,173,44757
118,167,44758
116,161,44759
115,155,44760
116,149,44761
119,141,44762
124,134,44763
125,133,44764
137,127,44765
136,127,44766
147,127,44767
153,129,44768
162,135,44769
166,140,44770
172,153,44771
173,157,44772
173,175,44773
171,182,44774
169,187,44775
160,200,44776
150,207,44777
142,210,44778
131,211,44779
118,208,44780
112,205,44781
99,193,44782
97,190,44783
90,175,44784
87,155,44785
87,152,44786
92,130,44787
101,114,44788
114,102,44789
121,98,44790
134,94,44791
150,94,44792
155,95,44793
169,101,44794
185,115,44795
196,134,44796
200,146,44797
202,159,44798
201,180,44799
194,203,44800
184,219,44801
173,230,44802
153,241,44803
150,242,44804
126,244,44805
110,240,44806
98,234,44807
80,218,44808
70,203,44809
63,186,44810
59,166,44811
63,124,44812
64,121,44813
81,90,44814
93,78,44815
115,65,44816
129,61,44817
147,60,44818
180,70,44819
193,79,44820
205,91,44821
223,122,44822
226,131,44823
230,180,44824
229,188,44825
221,215,44826
204,243,44827
186,260,44828
169,270,44829
155,275,44830
115,276,44831
87,265,44832
78,259,44833
56,237,44834
41,211,44835
32,181,44836
30,146,44837
34,120,44838
41,99,44839
61,66,44840
76,51,44841
90,41,44842
131,27,44843
160,28,44844
189,38,44845
211,53,44846
232,76,44847
247,103,44848
255,127,44849
259,180,44850
258,189,44851
249,224,44852
231,258,44853
193,294,44854
186,298,44855
142,311,44856
110,309,44857
88,302,44858
56,282,44859
40,266,44860
25,245,44861
2,174,44862
1,157,44863
138,165,44864
137,165,44865
132,166,44866
131,166,44867
128,162,44868
127,160,44869
126,158,44870
126,153,44871
127,150,44872
132,143,44873
131,143,44874
139,140,44875
140,139,44876
149,141,44877
151,142,44878
156,146,44879
161,154,44880
162,160,44881
163,165,44882
161,177,44883
159,182,44884
154,189,44885
151,192,44886
142,197,44887
130,198,44888
128,198,44889
114,191,44890
109,187,44891
102,175,44892
99,165,44893
98,161,44894
98,151,44895
103,133,44896
104,130,44897
120,113,44898
127,109,44899
128,108,44900
141,106,44901
160,110,44902
170,117,44903
175,122,44904
182,131,44905
189,148,44906
191,171,44907
191,173,44908
189,185,44909
177,209,44910
166,220,44911
160,224,44912
147,230,44913
125,231,44914
120,230,44915
105,224,44916
95,217,44917
76,189,44918
70,164,44919
70,167,44920
71,138,44921
77,118,44922
88,100,44923
95,92,44924
112,80,44925
125,75,44926
155,74,44927
176,82,44928
181,85,44929
205,111,44930
208,116,44931
215,133,44932
219,150,44933
216,195,44934
214,202,44935
200,229,44936
191,240,44937
178,251,44938
138,265,44939
130,265,44940
105,260,44941
91,253,44942
62,225,44943
51,206,44944
46,192,44945
41,163,44946
46,118,44947
48,112,44948
60,87,44949
87,58,44950
103,48,44951
116,43,44952
160,41,44953
174,45,44954
192,54,44955
223,83,44956
235,104,44957
247,144,44958
248,151,44959
246,194,44960
237,224,44961
221,252,44962
208,267,44963
178,288,44964
151,297,44965
122,298,44966
106,295,44967
72,279,44968
47,256,44969
23,215,44970
15,187,44971
12,149,44972
13,137,44973
29,81,44974
41,61,44975
67,33,44976
76,26,44977
135,6,44978
173,10,44979
179,12,44980
219,34,44981
230,44,44982
136,160,44983
135,156,44984
137,153,44985
138,152,44986
144,152,44987
146,153,44988
147,153,44989
150,157,44990
152,161,44991
152,167,44992
152,169,44993
148,178,44994
144,182,44995
141,184,44996
136,185,44997
134,186,44998
123,183,44999
118,179,45000
115,176,45001
111,167,45002
110,165,45003
109,152,45004
109,149,45005
115,134,45006
123,126,45007
125,124,45008
133,120,45009
139,119,45010
146,119,45011
162,126,45012
164,127,45013
170,133,45014
178,150,45015
180,160,45016
180,171,45017
179,179,45018
174,193,45019
165,205,45020
153,214,45021
142,218,45022
128,218,45023
117,216,45024
105,209,45025
101,206,45026
91,194,45027
82,171,45028
81,167,45029
81,145,45030
86,126,45031
88,121,45032
100,104,45033
121,90,45034
134,86,45035
144,85,45036
159,88,45037
178,98,45038
194,115,45039
201,128,45040
207,145,45041
209,170,45042
206,190,45043
204,197,45044
194,217,45045
185,229,45046
166,244,45047
150,250,45048
120,251,45049
109,248,45050
95,241,45051
84,233,45052
60,198,45053
53,173,45054
52,162,45055
53,137,45056
56,123,45057
74,87,45058
95,67,45059
109,59,45060
129,53,45061
159,54,45062
161,54,45063
195,71,45064
215,92,45065
226,111,45066
236,146,45067
238,166,45068
236,186,45069
232,205,45070
218,236,45071
183,271,45072
185,270,45073
145,285,45074
119,285,45075
107,282,45076
71,263,45077
51,242,45078
33,210,45079
26,186,45080
23,161,45081
25,130,45082
38,89,45083
48,71,45084
67,49,45085
87,34,45086
124,20,45087
168,22,45088
188,29,45089
201,36,45090
240,75,45091
246,85,45092
264,136,45093
266,175,45094
262,205,45095
261,210,45096
239,259,45097
218,284,45098
176,311,45099
140,319,45100
106,316,45101
138,160,45102
142,162,45103
142,167,45104
140,170,45105
138,172,45106
135,173,45107
133,174,45108
130,173,45109
128,172,45110
123,167,45111
121,164,45112
120,157,45113
119,155,45114
120,150,45115
125,140,45116
128,137,45117
133,133,45118
137,132,45119
147,132,45120
152,134,45121
157,137,45122
162,142,45123
167,151,45124
168,154,45125
169,171,45126
168,177,45127
165,185,45128
162,191,45129
147,203,45130
145,204,45131
136,206,45132
123,205,45133
112,199,45134
108,196,45135
97,181,45136
93,170,45137
92,167,45138
92,144,45139
97,129,45140
103,119,45141
109,112,45142
124,102,45143
134,99,45144
143,98,45145
156,100,45146
168,106,45147
179,115,45148
188,127,45149
195,144,45150
198,159,45151
198,170,45152
194,191,45153
183,213,45154
181,216,45155
155,235,45156
140,239,45157
125,239,45158
117,237,45159
103,232,45160
86,218,45161
76,205,45162
64,172,45163
63,150,45164
66,129,45165
65,132,45166
82,96,45167
92,85,45168
102,77,45169
121,68,45170
151,65,45171
163,68,45172
194,86,45173
209,104,45174
216,116,45175
225,146,45176
227,167,45177
223,196,45178
215,218,45179
203,237,45180
179,259,45181
178,260,45182
146,272,45183
137,273,45184
107,269,45185
82,256,45186
68,244,45187
52,223,45188
42,202,45189
34,162,45190
35,139,45191
41,111,45192
50,90,45193
64,69,45194
110,37,45195
124,33,45196
164,34,45197
172,36,45198
197,48,45199
232,84,45200
234,87,45201
252,133,45202
255,156,45203
255,178,45204
249,211,45205
224,260,45206
216,269,45207
187,292,45208
142,306,45209
121,306,45210
77,291,45211
70,287,45212
37,255,45213
27,240,45214
12,204,45215
5,155,45216
7,130,45217
15,97,45218
33,60,45219
52,37,45220
137,162,45221
132,162,45222
131,160,45223
130,157,45224
130,153,45225
131,151,45226
132,149,45227
135,146,45228
141,144,45229
142,143,45230
147,145,45231
152,148,45232
155,152,45233
158,160,45234
159,164,45235
158,171,45236
158,174,45237
151,185,45238
147,189,45239
141,192,45240
136,193,45241
132,194,45242
120,190,45243
116,187,45244
111,182,45245
107,176,45246
103,161,45247
102,158,45248
103,146,45249
107,134,45250
112,126,45251
119,119,45252
130,113,45253
144,111,45254
146,111,45255
159,115,45256
167,120,45257
177,131,45258
185,149,45259
187,161,45260
185,181,45261
185,183,45262
180,196,45263
173,207,45264
156,221,45265
142,226,45266
133,227,45267
112,222,45268
104,218,45269
91,206,45270
83,194,45271
77,179,45272
74,162,45273
74,143,45274
79,125,45275
84,114,45276
92,102,45277
111,86,45278
134,78,45279
150,78,45280
156,79,45281
177,88,45282
192,101,45283
207,124,45284
212,138,45285
216,164,45286
215,178,45287
208,206,45288
196,227,45289
182,242,45290
160,255,45291
146,259,45292
128,260,45293
103,254,45294
86,244,45295
72,231,45296
60,214,45297
50,191,45298
46,172,45299
48,129,45300
55,106,45301
57,101,45302
84,66,45303
106,52,45304
124,46,45305
143,44,45306
178,52,45307
202,67,45308
220,87,45309
226,96,45310
241,134,45311
244,175,45312
242,194,45313
234,220,45314
217,250,45315
211,257,45316
188,277,45317
145,293,45318
120,293,45319
110,291,45320
73,274,45321
42,242,45322
38,236,45323
24,205,45324
16,157,45325
22,112,45326
31,87,45327
49,58,45328
67,39,45329
95,21,45330
105,17,45331
152,11,45332
182,18,45333
210,33,45334
241,64,45335
253,83,45336
267,119,45337
272,145,45338
268,208,45339
138,156,45340
140,155,45341
143,156,45342
144,156,45343
147,161,45344
148,164,45345
149,165,45346
147,171,45347
147,172,45348
143,177,45349
138,180,45350
132,181,45351
131,181,45352
126,179,45353
118,172,45354
117,171,45355
114,165,45356
113,154,45357
114,147,45358
116,141,45359
117,139,45360
127,128,45361
130,126,45362
139,124,45363
147,124,45364
151,125,45365
161,131,45366
170,141,45367
172,146,45368
176,160,45369
176,170,45370
175,178,45371
167,195,45372
162,202,45373
155,207,45374
142,213,45375
136,214,45376
124,213,45377
113,209,45378
99,197,45379
92,186,45380
87,174,45381
85,161,45382
85,147,45383
87,136,45384
90,127,45385
100,111,45386
115,98,45387
134,91,45388
140,90,45389
155,92,45390
166,96,45391
186,112,45392
193,121,45393
199,134,45394
204,155,45395
204,179,45396
197,203,45397
194,209,45398
185,222,45399
174,233,45400
150,245,45401
120,246,45402
107,242,45403
99,238,45404
78,220,45405
66,201,45406
60,185,45407
56,162,45408
56,147,45409
67,107,45410
68,105,45411
79,88,45412
93,74,45413
128,58,45414
138,57,45415
167,61,45416
194,76,45417
207,89,45418
216,102,45419
227,125,45420
233,156,45421
233,179,45422
228,203,45423
214,234,45424
205,246,45425
177,269,45426
156,278,45427
134,281,45428
94,272,45429
88,269,45430
59,245,45431
44,224,45432
33,196,45433
27,156,45434
30,126,45435
37,102,45436
42,90,45437
74,49,45438
91,37,45439
132,24,45440
129,24,45441
178,30,45442
200,41,45443
226,64,45444
242,87,45445
257,124,45446
262,158,45447
262,175,45448
249,231,45449
246,238,45450
208,287,45451
192,298,45452
157,312,45453
125,314,45454
110,312,45455
59,288,45456
34,263,45457
23,247,45458
140,163,45459
138,167,45460
137,168,45461
135,169,45462
130,168,45463
129,167,45464
127,166,45465
125,163,45466
124,157,45467
125,149,45468
124,150,45469
130,141,45470
132,139,45471
137,137,45472
142,136,45473
148,137,45474
155,141,45475
157,143,45476
161,148,45477
165,162,45478
165,170,45479
164,176,45480
164,177,45481
161,184,45482
149,196,45483
147,198,45484
131,201,45485
133,202,45486
119,198,45487
112,193,45488
104,185,45489
101,180,45490
97,168,45491
96,147,45492
100,133,45493
101,130,45494
108,119,45495
119,110,45496
127,106,45497
144,103,45498
153,105,45499
166,110,45500
178,121,45501
181,124,45502
189,139,45503
194,163,45504
194,165,45505
188,195,45506
187,198,45507
173,218,45508
163,226,45509
145,233,45510
134,235,45511
115,232,45512
100,224,45513
83,207,45514
79,201,45515
72,186,45516
67,165,45517
67,150,45518
73,121,45519
83,102,45520
96,88,45521
100,84,45522
115,75,45523
148,70,45524
163,73,45525
187,86,45526
203,103,45527
206,107,45528
215,125,45529
222,157,45530
220,190,45531
212,214,45532
205,227,45533
193,242,45534
170,259,45535
147,267,45536
120,267,45537
96,259,45538
80,249,45539
66,235,45540
61,229,45541
45,198,45542
39,171,45543
40,132,45544
52,96,45545
58,85,45546
73,66,45547
99,47,45548
124,38,45549
144,36,45550
162,38,45551
204,59,45552
223,79,45553
228,86,45554
248,134,45555
249,139,45556
249,192,45557
239,226,45558
234,236,45559
212,267,45560
179,291,45561
151,300,45562
121,301,45563
100,296,45564
76,285,45565
54,268,45566
32,240,45567
21,217,45568
10,170,45569
12,125,45570
23,88,45571
30,73,45572
64,32,45573
79,21,45574
104,9,45575
149,3,45576
180,9,45577
134,160,45578
133,158,45579
133,156,45580
135,152,45581
138,149,45582
141,149,45583
142,148,45584
147,150,45585
150,152,45586
152,155,45587
154,161,45588
154,170,45589
155,168,45590
151,178,45591
150,180,45592
144,185,45593
140,188,45594
133,189,45595
127,188,45596
120,184,45597
116,181,45598
112,176,45599
108,168,45600
106,156,45601
108,144,45602
112,134,45603
117,127,45604
124,121,45605
126,120,45606
140,116,45607
146,116,45608
155,118,45609
163,123,45610
176,138,45611
178,142,45612
182,155,45613
183,162,45614
181,181,45615
174,198,45616
171,202,45617
161,212,45618
151,218,45619
134,222,45620
117,219,45621
114,218,45622
97,206,45623
87,192,45624
84,186,45625
78,162,45626
78,147,45627
80,136,45628
87,118,45629
100,100,45630
111,91,45631
129,84,45632
133,83,45633
155,84,45634
169,89,45635
190,105,45636
198,116,45637
209,143,45638
211,155,45639
209,188,45640
207,196,45641
203,207,45642
185,233,45643
164,248,45644
155,252,45645
138,255,45646
124,255,45647
86,238,45648
79,232,45649
61,207,45650
59,203,45651
49,157,45652
49,152,45653
55,118,45654
60,105,45655
73,84,45656
105,58,45657
116,53,45658
139,49,45659
157,50,45660
178,57,45661
215,88,45662
226,105,45663
236,132,45664
239,146,45665
239,185,45666
229,220,45667
228,223,45668
201,261,45669
183,275,45670
144,288,45671
133,289,45672
98,282,45673
74,269,45674
51,247,45675
46,240,45676
33,217,45677
22,177,45678
22,132,45679
25,117,45680
43,74,45681
60,52,45682
98,25,45683
108,21,45684
152,16,45685
182,23,45686
206,36,45687
220,47,45688
254,95,45689
261,113,45690
268,146,45691
269,169,45692
262,215,45693
244,256,45694
225,281,45695
201,301,45696
140,158,45697
143,160,45698
144,162,45699
144,167,45700
144,168,45701
142,171,45702
140,174,45703
136,176,45704
131,176,45705
128,175,45706
127,175,45707
121,169,45708
119,165,45709
117,158,45710
117,155,45711
119,145,45712
119,144,45713
125,136,45714
128,133,45715
138,129,45716
147,129,45717
149,129,45718
155,132,45719
162,138,45720
167,145,45721
171,156,45722
172,167,45723
171,177,45724
166,189,45725
160,197,45726
157,200,45727
150,205,45728
135,209,45729
130,209,45730
118,206,45731
104,196,45732
98,189,45733
91,172,45734
89,163,45735
89,150,45736
95,128,45737
94,129,45738
106,111,45739
117,102,45740
129,97,45741
144,95,45742
158,98,45743
167,102,45744
178,110,45745
187,120,45746
196,138,45747
199,150,45748
200,178,45749
199,184,45750
190,207,45751
177,224,45752
169,231,45753
156,238,45754
133,243,45755
125,242,45756
98,232,45757
84,220,45758
72,203,45759
66,190,45760
62,176,45761
60,154,45762
65,123,45763
74,103,45764
90,83,45765
101,74,45766
124,64,45767
146,62,45768
150,62,45769
172,68,45770
200,88,45771
209,99,45772
222,124,45773
228,147,45774
228,184,45775
217,219,45776
210,232,45777
201,244,45778
183,260,45779
167,269,45780
131,276,45781
107,272,45782
76,255,45783
64,244,45784
45,216,45785
42,209,45786
33,177,45787
33,133,45788
38,111,45789
51,83,45790
73,56,45791
80,50,45792
124,30,45793
144,28,45794
175,34,45795
187,39,45796
213,57,45797
243,98,45798
244,100,45799
256,140,45800
258,170,45801
249,219,45802
231,255,45803
218,271,45804
196,290,45805
164,305,45806
122,309,45807
115,308,45808
68,289,45809
44,268,45810
22,236,45811
18,228,45812
6,190,45813
4,133,45814
15,90,45815
138,162,45816
135,165,45817
133,165,45818
129,161,45819
128,159,45820
128,154,45821
127,155,45822
128,151,45823
133,144,45824
137,142,45825
139,141,45826
142,141,45827
150,143,45828
153,146,45829
158,152,45830
160,157,45831
161,160,45832
161,169,45833
158,180,45834
157,182,45835
152,189,45836
144,194,45837
139,196,45838
130,196,45839
124,195,45840
118,192,45841
111,186,45842
106,180,45843
101,167,45844
100,149,45845
100,148,45846
102,139,45847
114,120,45848
119,115,45849
128,111,45850
133,109,45851
152,109,45852
157,111,45853
170,119,45854
178,128,45855
184,139,45856
188,150,45857
189,175,45858
188,181,45859
181,200,45860
175,209,45861
167,217,45862
152,226,45863
143,229,45864
119,228,45865
101,219,45866
96,215,45867
86,204,45868
79,193,45869
72,168,45870
71,153,45871
75,128,45872
79,118,45873
91,99,45874
100,90,45875
121,78,45876
135,75,45877
163,78,45878
179,86,45879
187,92,45880
206,116,45881
213,132,45882
218,156,45883
218,174,45884
217,184,45885
200,226,45886
193,235,45887
165,256,45888
161,258,45889
138,263,45890
125,263,45891
88,249,45892
70,233,45893
66,228,45894
47,189,45895
45,182,45896
43,141,45897
47,120,45898
65,83,45899
82,64,45900
94,55,45901
125,43,45902
138,41,45903
155,42,45904
181,50,45905
199,61,45906
222,85,45907
239,117,45908
244,136,45909
247,169,45910
242,204,45911
221,249,45912
214,258,45913
182,284,45914
156,294,45915
144,296,45916
121,296,45917
71,276,45918
50,257,45919
43,248,45920
21,204,45921
14,168,45922
14,144,45923
20,109,45924
31,81,45925
46,57,45926
74,30,45927
107,13,45928
131,8,45929
177,13,45930
203,25,45931
233,50,45932
251,74,45933
268,113,45934
136,157,45935
136,156,45936
139,154,45937
142,152,45938
146,155,45939
148,157,45940
149,158,45941
151,163,45942
151,165,45943
149,172,45944
147,177,45945
145,179,45946
141,182,45947
133,184,45948
129,183,45949
127,183,45950
118,177,45951
116,174,45952
112,167,45953
111,159,45954
110,155,45955
112,144,45956
115,137,45957
120,130,45958
129,124,45959
137,121,45960
150,122,45961
148,121,45962
159,126,45963
168,134,45964
175,145,45965
177,151,45966
179,166,45967
177,180,45968
174,188,45969
170,196,45970
165,203,45971
148,214,45972
136,217,45973
124,216,45974
114,212,45975
106,208,45976
91,190,45977
90,189,45978
84,173,45979
82,151,45980
83,142,45981
93,116,45982
99,108,45983
109,98,45984
125,90,45985
135,88,45986
156,89,45987
165,92,45988
180,102,45989
193,117,45990
198,125,45991
207,157,45992
208,165,45993
206,182,45994
199,205,45995
191,219,45996
161,244,45997
164,243,45998
140,250,45999
118,249,46000
97,240,46001
77,223,46002
73,218,46003
62,199,46004
54,168,46005
54,142,46006
55,135,46007
67,101,46008
76,87,46009
105,63,46010
120,57,46011
137,54,46012
156,55,46013
193,72,46014
195,73,46015
224,111,46016
226,115,46017
234,142,46018
236,163,46019
230,206,46020
213,240,46021
212,242,46022
194,261,46023
155,281,46024
130,284,46025
120,283,46026
95,276,46027
57,247,46028
41,223,46029
38,217,46030
29,192,46031
25,142,46032
34,102,46033
44,81,46034
60,59,46035
73,46,46036
94,32,46037
130,21,46038
154,21,46039
210,45,46040
209,44,46041
238,75,46042
247,90,46043
262,135,46044
265,164,46045
261,202,46046
237,259,46047
238,258,46048
187,304,46049
156,315,46050
126,317,46051
123,317,46052
62,294,46053
139,160,46054
141,165,46055
141,166,46056
139,169,46057
136,171,46058
131,171,46059
132,172,46060
125,167,46061
123,164,46062
122,162,46063
121,157,46064
122,149,46065
124,144,46066
126,141,46067
129,138,46068
134,135,46069
141,133,46070
148,134,46071
154,137,46072
161,144,46073
165,151,46074
167,156,46075
168,162,46076
167,175,46077
164,183,46078
160,190,46079
156,195,46080
145,202,46081
137,204,46082
130,204,46083
118,201,46084
116,200,46085
101,185,46086
100,183,46087
94,166,46088
93,152,46089
93,147,46090
101,125,46091
106,118,46092
109,114,46093
127,103,46094
139,100,46095
151,101,46096
158,103,46097
175,113,46098
181,120,46099
193,143,46100
196,157,46101
196,175,46102
195,182,46103
191,195,46104
179,215,46105
163,229,46106
164,229,46107
139,237,46108
124,237,46109
98,226,46110
85,214,46111
82,211,46112
69,186,46113
65,169,46114
64,156,46115
69,125,46116
71,119,46117
87,92,46118
104,78,46119
113,73,46120
136,67,46121
150,67,46122
176,75,46123
189,84,46124
201,96,46125
213,114,46126
222,138,46127
224,182,46128
220,201,46129
212,220,46130
195,244,46131
187,251,46132
163,265,46133
147,270,46134
107,267,46135
91,260,46136
79,252,46137
53,221,46138
42,197,46139
36,166,46140
36,141,46141
42,113,46142
57,82,46143
56,83,46144
96,45,46145
106,40,46146
142,33,46147
154,34,46148
184,43,46149
214,64,46150
222,73,46151
246,117,46152
253,149,46153
254,166,46154
245,218,46155
241,228,46156
225,256,46157
185,291,46158
177,295,46159
143,304,46160
102,300,46161
84,293,46162
69,284,46163
29,240,46164
14,205,46165
11,194,46166
7,147,46167
9,127,46168
36,59,46169
55,36,46170
82,16,46171
115,3,46172
136,162,46173
132,161,46174
132,158,46175
132,153,46176
132,151,46177
136,148,46178
136,147,46179
139,146,46180
144,146,46181
148,147,46182
153,152,46183
155,155,46184
157,162,46185
157,164,46186
156,174,46187
152,181,46188
154,180,46189
143,189,46190
139,191,46191
130,191,46192
124,190,46193
121,189,46194
116,185,46195
110,178,46196
106,169,46197
104,152,46198
104,151,46199
106,140,46200
112,129,46201
115,125,46202
127,116,46203
132,114,46204
144,113,46205
154,115,46206
161,118,46207
174,130,46208
176,132,46209
184,152,46210
185,155,46211
184,180,46212
174,202,46213
174,203,46214
159,217,46215
158,218,46216
135,225,46217
131,225,46218
105,216,46219
96,209,46220
88,199,46221
83,191,46222
78,177,46223
75,156,46224
76,143,46225
79,129,46226
87,112,46227
113,87,46228
124,82,46229
136,80,46230
141,79,46231
175,89,46232
187,98,46233
195,107,46234
206,126,46235
213,150,46236
214,160,46237
213,182,46238
198,221,46239
189,233,46240
170,248,46241
163,252,46242
146,257,46243
115,256,46244
103,252,46245
79,236,46246
65,219,46247
59,209,46248
49,180,46249
46,155,46250
51,122,46251
58,104,46252
68,86,46253
81,71,46254
116,50,46255
137,46,46256
164,49,46257
191,61,46258
195,64,46259
221,91,46260
228,103,46261
238,129,46262
243,164,46263
239,199,46264
232,221,46265
206,260,46266
183,278,46267
163,287,46268
133,292,46269
109,289,46270
88,281,46271
76,274,46272
44,242,46273
26,206,46274
22,192,46275
18,162,46276
22,118,46277
40,74,46278
57,51,46279
86,28,46280
89,26,46281
151,13,46282
155,13,46283
187,22,46284
215,39,46285
244,71,46286
259,100,46287
268,130,46288
271,180,46289
263,221,46290
245,259,46291
138,157,46292
142,157,46293
144,158,46294
145,159,46295
146,163,46296
146,169,46297
146,171,46298
143,175,46299
141,177,46300
138,178,46301
132,179,46302
127,178,46303
124,176,46304
120,172,46305
118,169,46306
115,161,46307
114,156,46308
115,150,46309
118,141,46310
122,135,46311
126,131,46312
133,127,46313
143,125,46314
153,128,46315
154,128,46316
162,134,46317
171,147,46318
173,153,46319
174,158,46320
174,173,46321
172,182,46322
167,193,46323
161,200,46324
149,209,46325
135,212,46326
124,211,46327
123,211,46328
110,205,46329
98,193,46330
93,185,46331
88,170,46332
86,158,46333
88,139,46334
92,127,46335
98,116,46336
112,102,46337
123,96,46338
128,94,46339
142,92,46340
156,94,46341
180,108,46342
187,116,46343
193,125,46344
198,135,46345
203,169,46346
201,186,46347
196,201,46348
189,214,46349
177,228,46350
154,242,46351
142,245,46352
124,245,46353
107,240,46354
96,234,46355
77,216,46356
64,192,46357
59,173,46358
58,169,46359
59,137,46360
68,108,46361
84,85,46362
95,75,46363
106,68,46364
134,59,46365
156,60,46366
179,68,46367
198,82,46368
213,100,46369
227,131,46370
230,145,46371
232,163,46372
230,188,46373
218,224,46374
200,249,46375
194,255,46376
156,276,46377
133,279,46378
114,277,46379
96,271,46380
64,248,46381
48,227,46382
43,218,46383
30,177,46384
29,161,46385
32,124,46386
44,90,46387
65,60,46388
82,45,46389
115,29,46390
129,26,46391
169,29,46392
173,30,46393
221,61,46394
236,80,46395
243,92,46396
258,137,46397
260,149,46398
259,189,46399
249,227,46400
220,273,46401
205,287,46402
178,303,46403
161,309,46404
114,311,46405
95,306,46406
50,278,46407
27,250,46408
9,212,46409
4,193,46410
139,163,46411
137,167,46412
135,167,46413
131,167,46414
129,165,46415
128,164,46416
126,161,46417
125,157,46418
125,154,46419
129,145,46420
128,145,46421
137,139,46422
139,138,46423
141,138,46424
147,139,46425
152,141,46426
159,148,46427
160,150,46428
163,160,46429
164,165,46430
163,174,46431
161,180,46432
154,191,46433
150,194,46434
137,199,46435
128,199,46436
118,195,46437
115,194,46438
110,189,46439
105,183,46440
101,176,46441
97,160,46442
98,146,46443
99,140,46444
109,121,46445
111,119,46446
118,112,46447
139,105,46448
141,105,46449
160,109,46450
169,115,46451
177,122,46452
187,139,46453
191,151,46454
192,170,46455
190,185,46456
188,191,46457
181,205,46458
171,217,46459
163,224,46460
142,232,46461
119,231,46462
108,227,46463
104,225,46464
81,201,46465
73,184,46466
69,166,46467
69,167,46468
71,132,46469
79,112,46470
83,105,46471
97,89,46472
110,80,46473
128,73,46474
156,73,46475
164,75,46476
194,95,46477
196,97,46478
211,120,46479
216,132,46480
221,168,46481
215,202,46482
207,220,46483
195,237,46484
177,253,46485
166,259,46486
138,266,46487
119,265,46488
92,255,46489
73,240,46490
67,234,46491
51,208,46492
46,196,46493
40,161,46494
45,118,46495
49,106,46496
77,65,46497
80,62,46498
107,45,46499
142,38,46500
143,38,46501
172,43,46502
204,61,46503
221,79,46504
241,116,46505
248,144,46506
250,166,46507
249,181,46508
234,233,46509
220,255,46510
206,270,46511
167,294,46512
145,299,46513
113,298,46514
102,295,46515
69,278,46516
49,260,46517
27,227,46518
13,182,46519
11,158,46520
17,110,46521
23,92,46522
45,54,46523
55,42,46524
99,13,46525
124,6,46526
165,7,46527
174,9,46528
224,37,46529
135,160,46530
134,157,46531
135,154,46532
137,152,46533
141,150,46534
145,151,46535
146,151,46536
150,155,46537
151,156,46538
153,163,46539
153,167,46540
152,172,46541
151,176,46542
146,182,46543
141,185,46544
134,187,46545
132,187,46546
125,185,46547
122,184,46548
112,172,46549
109,164,46550
108,161,46551
108,151,46552
110,142,46553
114,134,46554
117,130,46555
124,123,46556
130,120,46557
146,118,46558
150,119,46559
157,121,46560
168,129,46561
174,138,46562
179,149,46563
181,169,46564
180,179,46565
180,180,46566
168,203,46567
162,209,46568
157,213,46569
138,219,46570
130,220,46571
120,218,46572
103,209,46573
93,199,46574
85,184,46575
80,165,46576
80,167,46577
81,139,46578
86,123,46579
91,114,46580
103,100,46581
112,93,46582
130,85,46583
156,86,46584
165,89,46585
183,101,46586
197,118,46587
198,119,46588
206,138,46589
210,162,46590
207,190,46591
203,202,46592
189,226,46593
185,231,46594
157,249,46595
151,251,46596
119,252,46597
111,250,46598
91,240,46599
76,226,46600
57,193,46601
55,187,46602
51,161,46603
52,136,46604
58,114,46605
77,82,46606
90,69,46607
120,54,46608
144,51,46609
148,51,46610
180,60,46611
197,71,46612
219,96,46613
229,116,46614
233,127,46615
238,152,46616
235,198,46617
230,214,46618
206,253,46619
187,270,46620
173,278,46621
148,286,46622
114,285,46623
93,278,46624
65,259,46625
50,243,46626
34,215,46627
23,173,46628
22,161,46629
30,106,46630
38,86,46631
45,74,46632
76,40,46633
108,23,46634
132,18,46635
161,19,46636
170,21,46637
215,45,46638
240,73,46639
255,101,46640
266,143,46641
267,157,46642
263,206,46643
251,240,46644
242,256,46645
213,290,46646
168,315,46647
140,320,46648
140,159,46649
143,162,46650
143,166,46651
143,167,46652
142,169,46653
138,173,46654
137,174,46655
133,175,46656
130,174,46657
126,172,46658
122,168,46659
120,163,46660
119,159,46661
119,150,46662
120,147,46663
125,138,46664
128,135,46665
137,131,46666
140,130,46667
150,132,46668
151,132,46669
159,137,46670
161,139,46671
169,154,46672
170,161,46673
170,172,46674
167,183,46675
165,188,46676
155,199,46677
153,201,46678
143,206,46679
140,207,46680
124,206,46681
110,199,46682
100,188,46683
95,179,46684
95,180,46685
90,156,46686
91,145,46687
94,134,46688
105,115,46689
107,112,46690
126,100,46691
128,99,46692
139,97,46693
161,101,46694
170,106,46695
186,122,46696
193,135,46697
196,143,46698
199,170,46699
196,188,46700
195,192,46701
189,206,46702
167,230,46703
160,234,46704
151,238,46705
125,240,46706
114,238,46707
97,229,46708
88,222,46709
75,205,46710
64,177,46711
62,161,46712
64,132,46713
72,110,46714
76,103,46715
97,79,46716
105,74,46717
127,65,46718
149,64,46719
174,71,46720
183,76,46721
198,88,46722
211,105,46723
225,140,46724
228,167,46725
227,180,46726
214,222,46727
199,243,46728
187,255,46729
175,263,46730
156,271,46731
114,272,46732
97,266,46733
80,256,46734
56,231,46735
45,212,46736
38,193,46737
33,152,46738
35,131,46739
50,88,46740
52,84,46741
78,54,46742
104,38,46743
119,33,46744
156,31,46745
183,39,46746
194,45,46747
230,79,46748
243,102,46749
252,128,46750
256,158,46751
252,204,46752
251,208,46753
225,260,46754
204,282,46755
175,299,46756
157,305,46757
123,307,46758
95,301,46759
73,290,46760
51,273,46761
18,224,46762
6,180,46763
4,155,46764
9,114,46765
16,91,46766
38,52,46767
137,163,46768
134,164,46769
132,163,46770
130,159,46771
129,157,46772
130,151,46773
130,150,46774
133,146,46775
136,144,46776
139,143,46777
144,143,46778
151,146,46779
154,149,46780
157,154,46781
159,159,46782
160,166,46783
160,167,46784
157,178,46785
155,182,46786
146,191,46787
142,193,46788
140,194,46789
127,194,46790
120,191,46791
112,185,46792
107,178,46793
105,174,46794
101,159,46795
101,156,46796
105,136,46797
110,127,46798
116,120,46799
120,117,46800
132,111,46801
145,110,46802
155,112,46803
165,117,46804
172,123,46805
182,138,46806
187,154,46807
188,167,46808
188,170,46809
185,186,46810
179,200,46811
169,213,46812
163,218,46813
150,225,46814
132,228,46815
123,227,46816
101,217,46817
94,211,46818
80,190,46819
77,183,46820
73,165,46821
76,131,46822
80,120,46823
85,110,46824
97,95,46825
116,82,46826
121,80,46827
151,77,46828
166,81,46829
183,91,46830
197,105,46831
209,126,46832
213,138,46833
217,165,46834
215,186,46835
209,206,46836
196,229,46837
188,238,46838
163,255,46839
147,260,46840
126,261,46841
114,259,46842
84,244,46843
68,228,46844
56,209,46845
47,183,46846
44,153,46847
45,138,46848
51,113,46849
62,90,46850
77,71,46851
103,52,46852
123,45,46853
144,43,46854
165,46,46855
185,54,46856
209,72,46857
230,101,46858
243,139,46859
245,153,46860
245,178,46861
239,209,46862
221,246,46863
208,262,46864
180,283,46865
146,294,46866
133,295,46867
82,281,46868
71,274,46869
56,261,46870
30,223,46871
24,208,46872
15,156,46873
16,139,46874
30,87,46875
49,56,46876
57,47,46877
80,28,46878
118,12,46879
154,10,46880
174,14,46881
203,27,46882
228,47,46883
254,83,46884
267,115,46885
274,161,46886
137,156,46887
138,155,46888
143,155,46889
143,154,46890
147,159,46891
148,161,46892
149,163,46893
149,168,46894
149,170,46895
146,175,46896
141,180,46897
139,181,46898
135,182,46899
127,181,46900
124,179,46901
118,174,46902
117,173,46903
113,162,46904
112,157,46905
112,152,46906
115,141,46907
117,137,46908
121,131,46909
128,126,46910
138,123,46911
151,124,46912
157,127,46913
166,134,46914
169,138,46915
175,151,46916
177,159,46917
177,172,46918
173,186,46919
173,187,46920
162,203,46921
154,209,46922
152,211,46923
135,215,46924
128,215,46925
107,206,46926
95,193,46927
92,189,46928
88,180,46929
84,162,46930
84,146,46931
87,132,46932
97,113,46933
102,107,46934
123,93,46935
131,90,46936
143,89,46937
162,93,46938
175,100,46939
187,111,46940
196,125,46941
203,144,46942
206,164,46943
205,178,46944
203,189,46945
188,220,46946
184,225,46947
170,237,46948
154,245,46949
124,248,46950
104,242,46951
95,237,46952
83,227,46953
64,199,46954
57,177,46955
55,163,46956
56,139,46957
60,122,46958
70,99,46959
88,77,46960
111,62,46961
135,56,46962
148,56,46963
161,58,46964
183,67,46965
214,97,46966
217,101,46967
232,140,46968
234,176,46969
230,200,46970
229,204,46971
217,231,46972
199,254,46973
186,265,46974
147,281,46975
114,280,46976
100,276,46977
78,264,46978
54,241,46979
38,213,46980
29,184,46981
26,157,46982
27,139,46983
40,92,46984
53,70,46985
63,58,46986
86,39,46987
108,28,46988
156,23,46989
186,32,46990
194,36,46991
220,56,46992
245,90,46993
256,117,46994
263,157,46995
259,203,46996
253,224,46997
243,246,46998
203,292,46999
205,291,47000
143,315,47001
122,315,47002
83,304,47003
68,296,47004
49,281,47005
140,162,47006
140,164,47007
139,167,47008
135,170,47009
131,169,47010
130,169,47011
126,166,47012
124,163,47013
123,159,47014
123,154,47015
123,151,47016
125,146,47017
129,140,47018
132,138,47019
137,136,47020
143,135,47021
152,138,47022
154,139,47023
157,141,47024
163,151,47025
166,160,47026
167,165,47027
166,172,47028
162,184,47029
156,192,47030
147,199,47031
145,200,47032
140,202,47033
124,201,47034
119,199,47035
113,196,47036
101,182,47037
96,168,47038
95,163,47039
95,149,47040
98,135,47041
103,124,47042
112,114,47043
117,110,47044
126,105,47045
150,103,47046
147,102,47047
166,109,47048
173,114,47049
186,130,47050
193,149,47051
195,163,47052
194,177,47053
188,198,47054
186,202,47055
177,215,47056
159,229,47057
147,234,47058
129,236,47059
108,230,47060
98,224,47061
91,218,47062
79,203,47063
68,177,47064
66,161,47065
66,148,47066
72,121,47067
85,98,47068
88,94,47069
102,81,47070
135,69,47071
150,69,47072
169,74,47073
179,79,47074
199,96,47075
205,104,47076
221,142,47077
223,157,47078
223,177,47079
221,191,47080
205,229,47081
189,247,47082
176,257,47083
147,268,47084
131,269,47085
97,261,47086
75,246,47087
77,248,47088
57,225,47089
44,197,47090
38,172,47091
39,134,47092
43,115,47093
60,80,47094
71,67,47095
102,44,47096
128,36,47097
136,35,47098
172,40,47099
188,47,47100
214,67,47101
237,99,47102
249,134,47103
252,157,47104
252,175,47105
243,218,47106
231,244,47107
196,282,47108
190,286,47109
164,298,47110
115,301,47111
91,294,47112
72,284,47113
47,262,47114
31,240,47115
15,203,47116
9,168,47117
9,140,47118
13,114,47119
40,56,47120
66,29,47121
71,25,47122
124,3,47123
151,2,47124
137,161,47125
133,160,47126
133,154,47127
135,151,47128
135,150,47129
139,148,47130
141,147,47131
147,149,47132
146,148,47133
151,151,47134
154,157,47135
155,163,47136
156,167,47137
155,171,47138
153,177,47139
147,184,47140
146,186,47141
138,189,47142
132,190,47143
125,188,47144
119,185,47145
115,182,47146
110,175,47147
106,163,47148
106,149,47149
107,143,47150
109,138,47151
111,133,47152
124,120,47153
132,116,47154
138,115,47155
142,114,47156
162,121,47157
166,124,47158
176,136,47159
180,144,47160
184,160,47161
184,166,47162
182,182,47163
176,196,47164
165,210,47165
159,215,47166
142,222,47167
135,223,47168
128,223,47169
108,216,47170
99,209,47171
88,196,47172
81,181,47173
78,171,47174
78,141,47175
83,124,47176
85,119,47177
99,99,47178
113,89,47179
122,85,47180
143,81,47181
167,87,47182
164,85,47183
191,105,47184
202,121,47185
209,139,47186
212,173,47187
212,177,47188
208,197,47189
203,209,47190
182,237,47191
175,243,47192
147,255,47193
133,257,47194
111,253,47195
88,241,47196
70,223,47197
69,222,47198
55,195,47199
48,160,47200
50,134,47201
57,109,47202
71,85,47203
79,76,47204
100,59,47205
119,51,47206
148,48,47207
174,54,47208
202,72,47209
218,90,47210
226,103,47211
237,131,47212
241,157,47213
240,184,47214
236,204,47215
215,247,47216
205,259,47217
173,281,47218
160,286,47219
133,290,47220
109,287,47221
86,278,47222
66,264,47223
39,231,47224
30,212,47225
20,169,47226
20,141,47227
28,103,47228
41,75,47229
73,39,47230
84,31,47231
131,15,47232
141,14,47233
193,27,47234
204,33,47235
239,67,47236
252,88,47237
260,107,47238
270,162,47239
269,184,47240
258,230,47241
251,246,47242
226,281,47243
139,158,47244
142,158,47245
143,159,47246
145,163,47247
145,167,47248
144,171,47249
142,174,47250
140,175,47251
136,177,47252
130,177,47253
127,176,47254
124,174,47255
120,169,47256
117,162,47257
116,157,47258
116,154,47259
117,147,47260
122,138,47261
124,135,47262
133,129,47263
137,128,47264
144,127,47265
151,129,47266
157,132,47267
167,143,47268
171,152,47269
172,157,47270
173,169,47271
171,180,47272
169,185,47273
161,198,47274
152,205,47275
148,207,47276
130,210,47277
128,210,47278
112,204,47279
104,198,47280
95,185,47281
91,176,47282
88,162,47283
90,139,47284
92,131,47285
96,123,47286
100,116,47287
111,105,47288
128,96,47289
140,94,47290
151,95,47291
166,100,47292
174,105,47293
190,123,47294
195,133,47295
201,156,47296
202,167,47297
199,187,47298
190,209,47299
179,224,47300
166,234,47301
154,240,47302
132,244,47303
109,239,47304
91,228,47305
80,217,47306
73,207,47307
62,180,47308
59,159,47309
59,155,47310
62,130,47311
70,108,47312
80,92,47313
112,67,47314
120,64,47315
150,61,47316
161,63,47317
188,76,47318
192,79,47319
217,110,47320
222,121,47321
230,157,47322
229,182,47323
225,202,47324
215,226,47325
204,242,47326
179,264,47327
156,274,47328
129,277,47329
110,274,47330
85,263,47331
60,241,47332
44,216,47333
42,212,47334
31,168,47335
30,156,47336
36,115,47337
51,81,47338
61,67,47339
99,37,47340
118,30,47341
128,28,47342
181,35,47343
193,41,47344
209,52,47345
234,80,47346
255,130,47347
259,160,47348
257,191,47349
246,230,47350
240,242,47351
216,275,47352
190,295,47353
152,309,47354
146,310,47355
95,304,47356
83,299,47357
57,282,47358
33,256,47359
14,221,47360
5,190,47361
4,127,47362
138,164,47363
135,166,47364
134,166,47365
131,165,47366
128,161,47367
127,158,47368
126,156,47369
127,151,47370
128,149,47371
132,144,47372
135,141,47373
141,140,47374
149,142,47375
146,140,47376
153,144,47377
158,150,47378
159,151,47379
162,168,47380
162,169,47381
160,178,47382
155,187,47383
152,190,47384
143,196,47385
137,197,47386
133,198,47387
119,194,47388
109,185,47389
109,186,47390
102,173,47391
100,167,47392
98,155,47393
99,147,47394
107,127,47395
111,121,47396
123,112,47397
132,108,47398
136,107,47399
152,108,47400
164,113,47401
177,125,47402
185,139,47403
187,143,47404
190,157,47405
191,166,47406
189,182,47407
184,197,47408
171,215,47409
162,222,47410
142,230,47411
137,231,47412
119,229,47413
102,221,47414
92,213,47415
89,210,47416
74,182,47417
70,157,47418
70,153,47419
77,120,47420
79,115,47421
88,101,47422
102,87,47423
124,76,47424
133,74,47425
166,78,47426
178,84,47427
192,95,47428
201,106,47429
211,124,47430
219,157,47431
219,177,47432
210,210,47433
202,225,47434
190,240,47435
166,257,47436
164,258,47437
126,264,47438
118,263,47439
89,251,47440
82,246,47441
62,224,47442
50,202,47443
42,168,47444
42,139,47445
48,114,47446
62,85,47447
75,69,47448
94,54,47449
112,45,47450
138,40,47451
177,47,47452
191,54,47453
211,70,47454
223,84,47455
237,110,47456
246,141,47457
247,183,47458
239,217,47459
235,227,47460
210,264,47461
191,280,47462
156,295,47463
135,298,47464
99,292,47465
91,289,47466
65,273,47467
35,238,47468
24,216,47469
13,167,47470
13,142,47471
23,97,47472
27,87,47473
55,45,47474
94,17,47475
106,12,47476
132,7,47477
174,11,47478
196,20,47479
227,42,47480
255,79,47481
135,158,47482
135,157,47483
138,153,47484
139,152,47485
145,153,47486
146,154,47487
149,156,47488
150,158,47489
152,164,47490
151,170,47491
151,171,47492
147,178,47493
146,180,47494
141,183,47495
133,185,47496
131,185,47497
126,184,47498
119,179,47499
113,172,47500
111,165,47501
110,163,47502
110,148,47503
112,141,47504
115,135,47505
124,126,47506
130,122,47507
138,120,47508
142,119,47509
152,121,47510
161,126,47511
169,133,47512
173,139,47513
179,158,47514
180,165,47515
176,186,47516
175,189,47517
168,201,47518
158,210,47519
149,215,47520
136,218,47521
118,215,47522
112,213,47523
106,209,47524
97,201,47525
87,185,47526
83,173,47527
81,153,47528
84,134,47529
90,119,47530
99,106,47531
105,100,47532
134,87,47533
140,86,47534
153,87,47535
174,96,47536
184,104,47537
198,123,47538
206,145,47539
208,154,47540
207,182,47541
204,195,47542
201,203,47543
176,236,47544
174,238,47545
158,247,47546
141,251,47547
124,251,47548
104,245,47549
80,228,47550
68,213,47551
61,199,47552
54,174,47553
53,141,47554
61,111,47555
63,106,47556
85,76,47557
95,68,47558
122,55,47559
148,53,47560
175,60,47561
187,66,47562
204,80,47563
215,93,47564
232,129,47565
236,149,47566
236,183,47567
228,214,47568
222,228,47569
204,253,47570
170,277,47571
160,281,47572
147,284,47573
117,284,47574
93,276,47575
63,255,47576
42,227,47577
29,196,47578
27,188,47579
25,134,47580
30,111,47581
46,76,47582
68,49,47583
75,43,47584
111,24,47585
144,19,47586
165,22,47587
201,37,47588
211,44,47589
240,76,47590
255,106,47591
261,125,47592
265,183,47593
255,226,47594
255,227,47595
223,278,47596
198,299,47597
165,314,47598
143,318,47599
89,310,47600
140,160,47601
142,164,47602
142,166,47603
140,169,47604
137,172,47605
135,172,47606
134,173,47607
128,171,47608
126,170,47609
123,166,47610
121,162,47611
120,155,47612
120,153,47613
122,146,47614
125,141,47615
134,134,47616
135,133,47617
143,132,47618
151,134,47619
154,136,47620
160,141,47621
162,143,47622
166,150,47623
169,164,47624
167,178,47625
166,181,47626
162,189,47627
153,199,47628
142,204,47629
137,205,47630
126,205,47631
122,204,47632
113,199,47633
100,185,47634
96,177,47635
93,167,47636
92,149,47637
94,139,47638
96,133,47639
110,112,47640
118,106,47641
126,102,47642
145,99,47643
151,100,47644
162,103,47645
176,113,47646
184,122,47647
190,132,47648
197,157,47649
198,166,47650
196,181,47651
186,207,47652
178,218,47653
169,227,47654
158,233,47655
132,239,47656
119,237,47657
99,228,47658
94,225,47659
84,215,47660
68,186,47661
65,174,47662
65,137,47663
65,136,47664
70,118,47665
88,90,47666
105,76,47667
112,72,47668
135,66,47669
153,66,47670
174,73,47671
199,92,47672
204,98,47673
218,122,47674
226,160,47675
226,172,47676
220,204,47677
208,229,47678
192,248,47679
182,256,47680
156,269,47681
127,272,47682
109,269,47683
101,266,47684
70,245,47685
58,231,47686
39,190,47687
35,168,47688
35,142,47689
39,121,47690
55,83,47691
76,58,47692
84,51,47693
115,36,47694
139,32,47695
175,38,47696
185,42,47697
220,69,47698
236,92,47699
245,111,47700
253,142,47701
255,165,47702
246,218,47703
238,237,47704
208,276,47705
189,290,47706
161,302,47707
153,304,47708
98,300,47709
86,295,47710
63,281,47711
40,258,47712
22,229,47713
11,198,47714
6,149,47715
14,102,47716
23,79,47717
48,42,47718
80,16,47719
135,163,47720
134,163,47721
131,159,47722
131,154,47723
130,155,47724
133,149,47725
134,147,47726
138,145,47727
144,145,47728
143,144,47729
148,146,47730
152,149,47731
156,155,47732
158,163,47733
158,167,47734
156,176,47735
156,178,47736
149,186,47737
146,189,47738
139,192,47739
133,193,47740
125,192,47741
117,187,47742
112,182,47743
109,178,47744
105,170,47745
103,153,47746
103,147,47747
105,140,47748
110,130,47749
120,119,47750
123,117,47751
139,112,47752
146,112,47753
158,115,47754
168,122,47755
176,130,47756
182,142,47757
184,148,47758
186,173,47759
184,182,47760
182,190,47761
170,209,47762
169,211,47763
152,222,47764
138,226,47765
124,225,47766
106,218,47767
93,207,47768
87,200,47769
80,186,47770
75,166,47771
74,154,47772
77,132,47773
86,112,47774
100,95,47775
107,89,47776
114,85,47777
131,79,47778
163,82,47779
174,87,47780
180,91,47781
199,111,47782
204,119,47783
215,159,47784
214,181,47785
209,201,47786
203,215,47787
195,227,47788
180,243,47789
158,255,47790
139,259,47791
110,256,47792
105,254,47793
81,239,47794
63,218,47795
58,209,47796
46,168,47797
46,144,47798
54,111,47799
56,105,47800
68,84,47801
93,60,47802
110,51,47803
147,45,47804
156,46,47805
194,62,47806
201,67,47807
220,88,47808
237,122,47809
241,137,47810
244,165,47811
239,204,47812
227,233,47813
216,250,47814
199,268,47815
169,286,47816
137,293,47817
102,288,47818
92,284,47819
52,254,47820
42,241,47821
23,200,47822
17,163,47823
17,147,47824
28,96,47825
41,70,47826
66,41,47827
73,35,47828
107,17,47829
117,14,47830
174,16,47831
194,24,47832
218,40,47833
243,68,47834
261,102,47835
272,152,47836
272,182,47837
259,234,47838
137,158,47839
140,156,47840
142,156,47841
145,157,47842
147,162,47843
147,167,47844
148,166,47845
147,170,47846
144,176,47847
138,179,47848
136,180,47849
131,180,47850
125,178,47851
121,175,47852
117,169,47853
116,168,47854
114,161,47855
114,151,47856
116,143,47857
119,137,47858
122,133,47859
127,129,47860
132,126,47861
142,124,47862
154,127,47863
159,130,47864
166,137,47865
168,139,47866
173,150,47867
175,156,47868
174,179,47869
173,183,47870
163,199,47871
163,200,47872
145,211,47873
143,212,47874
127,213,47875
113,208,47876
107,204,47877
96,192,47878
90,180,47879
86,167,47880
85,156,47881
86,144,47882
90,129,47883
96,117,47884
110,102,47885
118,97,47886
140,91,47887
145,91,47888
162,95,47889
173,101,47890
187,114,47891
194,124,47892
204,160,47893
204,162,47894
201,190,47895
192,211,47896
186,220,47897
167,237,47898
162,240,47899
142,246,47900
118,245,47901
109,242,47902
90,231,47903
75,215,47904
61,186,47905
60,183,47906
57,143,47907
57,142,47908
71,101,47909
81,87,47910
102,69,47911
116,62,47912
135,58,47913
162,60,47914
175,65,47915
189,73,47916
210,94,47917
229,135,47918
231,143,47919
232,182,47920
227,205,47921
215,231,47922
212,236,47923
191,259,47924
162,275,47925
140,280,47926
127,280,47927
80,263,47928
81,264,47929
44,222,47930
47,228,47931
28,162,47932
28,148,47933
33,116,47934
51,76,47935
58,66,47936
75,49,47937
108,30,47938
141,24,47939
170,28,47940
197,40,47941
210,49,47942
239,83,47943
246,96,47944
261,151,47945
261,181,47946
254,216,47947
242,244,47948
219,276,47949
200,292,47950
181,303,47951
147,313,47952
121,313,47953
92,306,47954
39,268,47955
25,249,47956
8,212,47957
139,162,47958
139,165,47959
135,168,47960
132,168,47961
130,167,47962
128,166,47963
125,161,47964
125,162,47965
124,155,47966
126,148,47967
127,145,47968
131,141,47969
136,138,47970
140,137,47971
143,137,47972
151,139,47973
155,142,47974
161,150,47975
163,154,47976
164,160,47977
165,167,47978
162,180,47979
159,186,47980
156,190,47981
144,198,47982
143,199,47983
130,200,47984
122,199,47985
113,193,47986
105,185,47987
104,184,47988
97,166,47989
96,154,47990
96,152,47991
102,130,47992
107,122,47993
108,120,47994
124,108,47995
132,105,47996
145,104,47997
165,111,47998
173,116,47999
183,129,48000
183,128,48001
191,147,48002
193,171,48003
192,180,48004
186,198,48005
181,207,48006
172,218,48007
158,228,48008
142,233,48009
130,234,48010
114,231,48011
97,221,48012
81,203,48013
73,187,48014
70,177,48015
67,153,48016
69,138,48017
80,108,48018
91,93,48019
108,80,48020
120,74,48021
127,72,48022
153,71,48023
175,79,48024
179,81,48025
205,107,48026
210,115,48027
221,151,48028
222,164,48029
215,205,48030
206,224,48031
195,239,48032
174,256,48033
164,261,48034
148,266,48035
125,267,48036
94,257,48037
85,252,48038
58,223,48039
53,215,48040
40,174,48041
40,138,48042
41,130,48043
50,102,48044
71,69,48045
87,55,48046
119,40,48047
137,37,48048
147,37,48049
176,43,48050
212,67,48051
232,94,48052
239,108,48053
249,143,48054
251,165,48055
245,207,48056
236,231,48057
222,254,48058
190,284,48059
161,297,48060
134,301,48061
105,297,48062
76,284,48063
54,267,48064
45,257,48065
30,235,48066
13,187,48067
11,136,48068
14,118,48069
34,68,48070
33,69,48071
79,22,48072
110,8,48073
132,4,48074
167,6,48075
209,24,48076
136,161,48077
134,158,48078
134,155,48079
137,151,48080
138,150,48081
144,150,48082
144,149,48083
149,152,48084
151,155,48085
152,156,48086
154,164,48087
153,172,48088
153,173,48089
149,180,48090
145,184,48091
141,186,48092
137,188,48093
132,188,48094
122,185,48095
117,181,48096
113,176,48097
110,171,48098
108,166,48099
107,152,48100
109,143,48101
114,132,48102
120,125,48103
127,120,48104
136,117,48105
146,117,48106
155,119,48107
158,120,48108
168,128,48109
176,139,48110
181,154,48111
182,170,48112
182,176,48113
176,193,48114
175,195,48115
167,206,48116
151,217,48117
137,221,48118
131,221,48119
110,215,48120
101,209,48121
90,196,48122
83,182,48123
79,165,48124
78,156,48125
80,138,48126
88,117,48127
94,108,48128
100,101,48129
114,90,48130
127,85,48131
142,83,48132
165,88,48133
179,96,48134
196,114,48135
203,127,48136
210,151,48137
211,163,48138
209,185,48139
203,205,48140
189,228,48141
177,239,48142
155,251,48143
142,254,48144
123,254,48145
110,251,48146
80,232,48147
73,224,48148
57,196,48149
53,184,48150
50,148,48151
52,131,48152
60,107,48153
66,95,48154
99,62,48155
109,57,48156
127,51,48157
149,50,48158
172,55,48159
202,74,48160
215,89,48161
229,113,48162
238,145,48163
240,164,48164
236,198,48165
224,229,48166
206,255,48167
200,261,48168
174,279,48169
147,287,48170
119,287,48171
80,272,48172
81,273,48173
58,254,48174
32,213,48175
23,181,48176
21,153,48177
24,124,48178
38,84,48179
47,69,48180
86,32,48181
114,20,48182
122,18,48183
156,17,48184
174,21,48185
221,49,48186
237,67,48187
260,112,48188
261,115,48189
268,177,48190
260,220,48191
257,228,48192
232,272,48193
211,293,48194
174,314,48195
141,159,48196
143,161,48197
144,164,48198
144,166,48199
143,169,48200
141,172,48201
138,175,48202
136,175,48203
133,176,48204
126,173,48205
123,171,48206
121,168,48207
118,159,48208
118,158,48209
119,147,48210
122,141,48211
121,141,48212
127,135,48213
133,131,48214
146,130,48215
143,129,48216
152,131,48217
162,139,48218
167,146,48219
169,151,48220
171,162,48221
170,177,48222
170,179,48223
164,191,48224
161,195,48225
152,203,48226
139,208,48227
124,207,48228
123,207,48229
112,202,48230
105,196,48231
97,186,48232
91,170,48233
89,156,48234
91,140,48235
96,127,48236
97,124,48237
108,110,48238
120,101,48239
138,96,48240
152,97,48241
156,98,48242
177,110,48243
180,113,48244
190,126,48245
198,147,48246
200,168,48247
199,179,48248
197,189,48249
180,220,48250
177,223,48251
163,234,48252
147,240,48253
130,242,48254
103,234,48255
101,233,48256
75,207,48257
71,200,48258
65,185,48259
61,163,48260
65,125,48261
70,112,48262
85,89,48263
89,85,48264
102,74,48265
123,65,48266
150,63,48267
168,67,48268
182,74,48269
200,89,48270
218,116,48271
224,132,48272
229,164,48273
226,192,48274
219,213,48275
200,244,48276
191,253,48277
179,262,48278
148,274,48279
114,273,48280
106,271,48281
69,248,48282
56,233,48283
49,222,48284
36,189,48285
32,151,48286
36,121,48287
48,89,48288
55,78,48289
84,48,48290
101,38,48291
139,29,48292
146,29,48293
173,34,48294
213,58,48295
221,66,48296
237,88,48297
253,128,48298
257,175,48299
256,188,48300
244,230,48301
231,254,48302
204,283,48303
165,304,48304
152,307,48305
131,309,48306
74,292,48307
56,279,48308
44,267,48309
17,224,48310
7,192,48311
3,155,48312
8,114,48313
25,70,48314
137,164,48315
134,165,48316
132,164,48317
129,160,48318
128,157,48319
129,152,48320
129,150,48321
131,147,48322
134,144,48323
136,143,48324
144,142,48325
148,143,48326
149,143,48327
155,149,48328
158,153,48329
160,160,48330
161,167,48331
160,172,48332
158,178,48333
155,184,48334
147,192,48335
139,195,48336
135,196,48337
128,195,48338
119,192,48339
110,184,48340
104,174,48341
102,169,48342
101,165,48343
100,155,48344
104,136,48345
106,131,48346
113,122,48347
122,114,48348
138,109,48349
147,109,48350
153,110,48351
162,114,48352
174,124,48353
181,134,48354
187,150,48355
189,162,48356
188,178,48357
184,192,48358
175,208,48359
165,218,48360
157,223,48361
136,229,48362
135,229,48363
118,227,48364
97,215,48365
87,204,48366
84,200,48367
73,173,48368
72,160,48369
72,146,48370
81,115,48371
88,104,48372
105,87,48373
118,80,48374
127,77,48375
143,75,48376
161,78,48377
182,89,48378
201,109,48379
203,112,48380
215,142,48381
218,164,48382
214,194,48383
211,204,48384
193,234,48385
184,243,48386
161,257,48387
143,262,48388
118,261,48389
104,257,48390
79,241,48391
66,227,48392
55,209,48393
45,177,48394
43,161,48395
44,138,48396
51,110,48397
61,90,48398
83,64,48399
115,46,48400
139,42,48401
157,43,48402
172,47,48403
192,57,48404
226,92,48405
230,99,48406
238,116,48407
246,174,48408
245,187,48409
233,227,48410
218,252,48411
201,270,48412
167,290,48413
136,296,48414
133,296,48415
89,286,48416
75,278,48417
40,243,48418
29,223,48419
17,185,48420
14,158,48421
21,108,48422
27,91,48423
38,70,48424
66,37,48425
94,19,48426
113,12,48427
142,8,48428
186,17,48429
216,35,48430
239,58,48431
263,100,48432
269,119,48433
136,158,48434
137,155,48435
140,154,48436
142,153,48437
146,156,48438
148,158,48439
149,159,48440
150,164,48441
150,169,48442
148,173,48443
146,177,48444
141,181,48445
137,183,48446
132,183,48447
124,180,48448
121,179,48449
120,178,48450
113,167,48451
112,163,48452
111,154,48453
112,146,48454
113,143,48455
120,131,48456
126,126,48457
137,122,48458
143,121,48459
151,123,48460
155,124,48461
167,134,48462
173,143,48463
175,147,48464
178,159,48465
178,168,48466
177,178,48467
169,196,48468
159,207,48469
154,211,48470
143,215,48471
128,216,48472
117,213,48473
102,203,48474
101,203,48475
89,185,48476
87,181,48477
83,161,48478
83,144,48479
88,127,48480
98,110,48481
106,102,48482
109,99,48483
124,91,48484
141,88,48485
157,90,48486
173,97,48487
193,118,48488
201,134,48489
204,143,48490
207,164,48491
207,169,48492
199,203,48493
187,223,48494
176,234,48495
157,245,48496
143,249,48497
122,249,48498
110,246,48499
86,231,48500
71,214,48501
62,197,48502
56,178,48503
54,151,48504
57,129,48505
65,106,48506
72,94,48507
84,79,48508
101,66,48509
134,55,48510
151,55,48511
178,63,48512
204,83,48513
202,80,48514
226,117,48515
231,131,48516
235,174,48517
235,177,48518
229,207,48519
210,243,48520
200,255,48521
166,277,48522
136,283,48523
113,281,48524
89,272,48525
77,265,48526
57,246,48527
36,211,48528
33,203,48529
25,158,48530
27,131,48531
32,110,48532
49,74,48533
84,39,48534
100,30,48535
122,23,48536
144,21,48537
177,27,48538
202,40,48539
235,72,48540
250,98,48541
262,138,48542
264,172,48543
264,176,48544
257,215,48545
227,271,48546
223,276,48547
171,310,48548
145,316,48549
122,316,48550
94,310,48551
54,287,48552
141,162,48553
141,164,48554
140,168,48555
137,170,48556
134,171,48557
133,171,48558
130,171,48559
126,168,48560
124,165,48561
122,159,48562
122,152,48563
123,148,48564
124,145,48565
127,141,48566
132,137,48567
139,134,48568
143,134,48569
149,135,48570
157,140,48571
160,144,48572
163,148,48573
167,159,48574
167,171,48575
167,172,48576
159,190,48577
160,189,48578
155,195,48579
148,200,48580
128,203,48581
121,201,48582
116,199,48583
109,194,48584
99,180,48585
95,169,48586
94,151,48587
94,146,48588
95,140,48589
100,128,48590
114,111,48591
121,106,48592
133,102,48593
146,101,48594
163,106,48595
165,107,48596
175,114,48597
188,132,48598
193,145,48599
196,164,48600
195,178,48601
190,196,48602
183,209,48603
170,223,48604
160,230,48605
155,233,48606
132,237,48607
118,235,48608
98,225,48609
85,213,48610
78,204,48611
67,176,48612
65,162,48613
66,140,48614
70,124,48615
85,96,48616
88,92,48617
109,76,48618
127,69,48619
152,68,48620
172,74,48621
187,83,48622
201,97,48623
217,125,48624
221,137,48625
224,174,48626
222,191,48627
220,199,48628
203,233,48629
195,243,48630
162,265,48631
137,270,48632
124,270,48633
101,264,48634
96,262,48635
72,245,48636
51,216,48637
38,178,48638
36,156,48639
38,132,48640
42,115,48641
67,70,48642
73,63,48643
89,50,48644
108,40,48645
146,34,48646
178,41,48647
207,59,48648
226,79,48649
239,101,48650
246,119,48651
253,174,48652
252,185,48653
239,231,48654
229,249,48655
210,272,48656
192,286,48657
161,300,48658
134,304,48659
98,298,48660
62,278,48661
43,259,48662
28,237,48663
18,215,48664
8,167,48665
8,137,48666
15,104,48667
34,63,48668
51,41,48669
89,13,48670
110,5,48671
135,162,48672
133,161,48673
132,155,48674
133,152,48675
133,151,48676
137,148,48677
137,147,48678
141,146,48679
145,147,48680
150,149,48681
153,153,48682
155,158,48683
156,160,48684
156,171,48685
156,172,48686
152,180,48687
151,183,48688
138,190,48689
136,191,48690
128,190,48691
120,187,48692
118,186,48693
113,181,48694
109,175,48695
105,162,48696
104,155,48697
107,140,48698
108,137,48699
116,125,48700
125,118,48701
129,116,48702
142,113,48703
152,115,48704
164,121,48705
170,126,48706
174,131,48707
183,149,48708
185,163,48709
185,165,48710
180,190,48711
176,198,48712
169,208,48713
156,218,48714
148,222,48715
137,224,48716
122,223,48717
108,217,48718
97,209,48719
84,191,48720
80,182,48721
76,162,48722
76,150,48723
83,121,48724
91,107,48725
97,100,48726
111,89,48727
127,82,48728
142,80,48729
162,83,48730
181,94,48731
190,102,48732
202,119,48733
207,130,48734
213,158,48735
213,179,48736
210,193,48737
193,227,48738
188,233,48739
167,249,48740
144,257,48741
118,256,48742
103,251,48743
90,244,48744
80,236,48745
55,198,48746
50,182,48747
47,158,48748
48,139,48749
55,112,48750
68,88,48751
82,71,48752
103,56,48753
122,49,48754
150,47,48755
165,50,48756
198,67,48757
218,88,48758
232,113,48759
235,121,48760
242,159,48761
240,191,48762
232,219,48763
218,245,48764
206,259,48765
176,281,48766
157,288,48767
113,289,48768
108,288,48769
84,278,48770
61,261,48771
31,217,48772
28,210,48773
19,144,48774
19,140,48775
25,109,48776
39,77,48777
57,52,48778
91,26,48779
117,16,48780
162,15,48781
163,15,48782
215,40,48783
229,53,48784
255,92,48785
265,120,48786
271,162,48787
268,198,48788
258,233,48789
235,272,48790
139,157,48791
140,157,48792
143,158,48793
145,160,48794
146,166,48795
146,167,48796
145,171,48797
142,175,48798
140,177,48799
136,178,48800
129,178,48801
125,176,48802
121,172,48803
120,171,48804
116,162,48805
115,157,48806
115,154,48807
117,145,48808
122,136,48809
127,131,48810
130,129,48811
140,126,48812
143,126,48813
157,131,48814
160,133,48815
164,137,48816
171,149,48817
174,161,48818
174,164,48819
173,176,48820
166,193,48821
163,197,48822
154,205,48823
144,210,48824
129,211,48825
127,211,48826
117,208,48827
106,201,48828
98,192,48829
91,179,48830
87,158,48831
87,149,48832
89,138,48833
99,116,48834
103,111,48835
118,99,48836
131,94,48837
145,93,48838
157,95,48839
173,103,48840
183,112,48841
196,133,48842
197,135,48843
201,148,48844
200,187,48845
199,191,48846
195,202,48847
176,228,48848
165,236,48849
144,244,48850
131,245,48851
114,242,48852
104,238,48853
83,222,48854
69,202,48855
65,193,48856
58,158,48857
58,152,48858
61,130,48859
71,104,48860
84,86,48861
99,73,48862
127,61,48863
130,60,48864
173,66,48865
181,70,48866
202,87,48867
221,116,48868
228,137,48869
231,161,48870
229,190,48871
228,195,48872
215,228,48873
195,253,48874
176,267,48875
153,276,48876
119,277,48877
113,276,48878
86,265,48879
69,252,48880
41,212,48881
32,183,48882
30,171,48883
30,141,48884
41,98,48885
51,79,48886
65,61,48887
86,43,48888
114,30,48889
139,26,48890
162,28,48891
197,42,48892
231,74,48893
247,102,48894
252,115,48895
260,169,48896
258,192,48897
247,230,48898
243,239,48899
201,289,48900
197,292,48901
146,311,48902
131,312,48903
97,306,48904
64,289,48905
51,278,48906
15,226,48907
5,195,48908
2,176,48909
138,161,48910
136,166,48911
134,167,48912
132,167,48913
129,164,48914
127,161,48915
126,159,48916
125,155,48917
127,149,48918
129,146,48919
130,143,48920
137,140,48921
139,139,48922
148,140,48923
150,141,48924
155,144,48925
160,151,48926
162,157,48927
163,164,48928
162,175,48929
160,181,48930
156,187,48931
155,189,48932
143,197,48933
139,198,48934
133,199,48935
116,193,48936
116,194,48937
103,178,48938
100,171,48939
98,163,48940
97,155,48941
99,144,48942
106,126,48943
111,120,48944
122,111,48945
121,111,48946
146,106,48947
156,108,48948
164,112,48949
179,126,48950
182,130,48951
186,138,48952
191,156,48953
191,177,48954
191,178,48955
181,204,48956
174,213,48957
159,225,48958
154,228,48959
135,232,48960
123,231,48961
112,228,48962
99,221,48963
83,203,48964
72,178,48965
69,160,48966
69,154,48967
71,135,48968
86,102,48969
98,89,48970
113,79,48971
127,74,48972
141,72,48973
164,76,48974
179,83,48975
195,97,48976
209,117,48977
216,135,48978
218,142,48979
220,174,48980
217,193,48981
202,227,48982
195,236,48983
184,247,48984
159,261,48985
142,265,48986
113,263,48987
97,257,48988
74,240,48989
61,225,48990
45,190,48991
41,169,48992
42,134,48993
45,120,48994
55,95,48995
85,59,48996
102,48,48997
126,40,48998
156,40,48999
178,46,49000
188,51,49001
203,61,49002
235,103,49003
240,115,49004
248,148,49005
249,170,49006
245,201,49007
220,254,49008
203,272,49009
194,279,49010
148,298,49011
130,299,49012
108,296,49013
74,281,49014
58,268,49015
35,240,49016
15,189,49017
12,168,49018
13,134,49019
20,102,49020
39,63,49021
69,31,49022
85,20,49023
110,10,49024
128,6,49025
188,15,49026
199,20,49027
244,60,49028
135,159,49029
135,155,49030
136,154,49031
140,151,49032
141,151,49033
146,152,49034
148,153,49035
151,158,49036
152,160,49037
152,168,49038
152,170,49039
149,177,49040
147,180,49041
142,184,49042
138,185,49043
131,186,49044
126,185,49045
121,182,49046
119,181,49047
112,171,49048
110,166,49049
108,157,49050
109,147,49051
114,135,49052
121,127,49053
123,125,49054
127,122,49055
135,119,49056
152,120,49057
154,121,49058
166,128,49059
167,129,49060
177,146,49061
179,152,49062
180,175,49063
180,176,49064
174,194,49065
162,208,49066
157,212,49067
152,215,49068
132,219,49069
126,219,49070
112,214,49071
95,200,49072
90,193,49073
82,173,49074
80,160,49075
80,154,49076
82,137,49077
87,122,49078
96,108,49079
109,96,49080
127,87,49081
147,85,49082
157,87,49083
168,91,49084
188,107,49085
198,121,49086
200,124,49087
208,149,49088
209,175,49089
202,203,49090
198,211,49091
189,225,49092
167,244,49093
155,249,49094
133,253,49095
114,250,49096
94,241,49097
80,230,49098
66,211,49099
54,180,49100
53,175,49101
53,135,49102
54,129,49103
62,106,49104
88,72,49105
102,62,49106
113,57,49107
146,52,49108
169,56,49109
182,62,49110
196,71,49111
224,106,49112
235,138,49113
237,148,49114
235,194,49115
229,215,49116
223,228,49117
198,260,49118
181,273,49119
169,279,49120
124,286,49121
113,284,49122
83,272,49123
58,251,49124
48,239,49125
33,211,49126
24,176,49127
23,143,49128
31,105,49129
49,69,49130
56,60,49131
86,34,49132
128,19,49133
142,18,49134
174,23,49135
187,28,49136
214,45,49137
247,86,49138
259,114,49139
264,135,49140
265,191,49141
263,203,49142
236,264,49143
228,274,49144
190,305,49145
162,316,49146
145,319,49147
141,160,49148
142,162,49149
143,165,49150
141,169,49151
140,171,49152
137,173,49153
135,174,49154
129,173,49155
126,171,49156
123,168,49157
122,167,49158
120,160,49159
119,154,49160
120,149,49161
122,144,49162
126,138,49163
129,135,49164
135,132,49165
141,131,49166
148,132,49167
152,133,49168
159,138,49169
164,144,49170
168,153,49171
170,165,49172
169,174,49173
165,186,49174
163,190,49175
154,199,49176
150,202,49177
140,206,49178
132,207,49179
120,204,49180
110,198,49181
100,187,49182
97,182,49183
91,162,49184
91,153,49185
93,139,49186
101,121,49187
105,116,49188
113,108,49189
128,100,49190
139,98,49191
149,98,49192
169,106,49193
182,118,49194
189,128,49195
191,132,49196
196,145,49197
198,174,49198
195,189,49199
188,206,49200
179,219,49201
164,231,49202
151,237,49203
130,240,49204
115,237,49205
108,235,49206
83,215,49207
81,213,49208
70,194,49209
63,166,49210
63,142,49211
63,140,49212
78,101,49213
83,94,49214
112,71,49215
123,67,49216
130,65,49217
170,70,49218
178,74,49219
203,95,49220
211,106,49221
221,128,49222
227,159,49223
226,182,49224
222,201,49225
205,235,49226
185,255,49227
186,255,49228
157,270,49229
124,273,49230
103,268,49231
80,255,49232
62,238,49233
51,222,49234
42,203,49235
36,182,49236
34,146,49237
40,113,49238
47,95,49239
74,58,49240
83,51,49241
111,36,49242
139,31,49243
167,34,49244
202,51,49245
207,55,49246
239,95,49247
246,111,49248
253,136,49249
254,190,49250
245,224,49251
242,231,49252
206,279,49253
204,281,49254
157,304,49255
148,306,49256
98,301,49257
79,293,49258
41,261,49259
37,256,49260
11,202,49261
5,163,49262
5,149,49263
16,93,49264
26,71,49265
47,42,49266
136,163,49267
133,163,49268
131,161,49269
130,158,49270
129,156,49271
131,150,49272
133,147,49273
134,146,49274
139,144,49275
141,143,49276
148,145,49277
151,147,49278
156,153,49279
158,159,49280
159,161,49281
159,166,49282
159,170,49283
154,182,49284
152,185,49285
146,190,49286
139,193,49287
130,194,49288
126,193,49289
114,186,49290
113,185,49291
106,175,49292
103,164,49293
102,160,49294
103,144,49295
107,133,49296
113,124,49297
121,117,49298
132,112,49299
138,111,49300
149,111,49301
158,114,49302
169,121,49303
176,129,49304
181,137,49305
187,158,49306
187,169,49307
186,180,49308
177,202,49309
171,210,49310
157,221,49311
144,226,49312
136,227,49313
119,225,49314
105,219,49315
96,212,49316
86,200,49317
79,186,49318
75,173,49319
73,152,49320
79,124,49321
83,115,49322
98,95,49323
107,88,49324
123,80,49325
140,77,49326
153,78,49327
171,84,49328
189,97,49329
201,112,49330
213,140,49331
216,159,49332
216,169,49333
210,202,49334
203,217,49335
186,239,49336
176,247,49337
156,257,49338
144,260,49339
123,260,49340
88,246,49341
75,235,49342
66,224,49343
49,189,49344
47,180,49345
48,127,49346
51,115,49347
64,88,49348
80,69,49349
105,52,49350
112,49,49351
148,44,49352
172,49,49353
175,50,49354
199,64,49355
227,97,49356
236,116,49357
243,143,49358
245,169,49359
241,199,49360
234,221,49361
205,264,49362
193,274,49363
170,287,49364
128,294,49365
96,287,49366
89,284,49367
59,263,49368
40,240,49369
21,196,49370
18,182,49371
18,129,49372
28,93,49373
44,64,49374
63,42,49375
90,23,49376
101,18,49377
121,12,49378
156,11,49379
200,26,49380
224,44,49381
255,86,49382
265,111,49383
273,151,49384
272,188,49385
137,157,49386
139,155,49387
141,155,49388
145,156,49389
147,160,49390
148,163,49391
149,166,49392
148,170,49393
147,173,49394
144,177,49395
141,179,49396
136,181,49397
133,182,49398
125,179,49399
120,175,49400
116,170,49401
114,166,49402
113,158,49403
113,150,49404
114,145,49405
116,140,49406
124,130,49407
129,126,49408
136,124,49409
143,123,49410
152,125,49411
163,132,49412
169,139,49413
172,145,49414
175,153,49415
177,165,49416
176,175,49417
172,187,49418
170,192,49419
154,208,49420
149,211,49421
141,214,49422
127,214,49423
116,211,49424
102,201,49425
95,192,49426
91,186,49427
86,171,49428
84,157,49429
85,143,49430
90,126,49431
102,108,49432
114,98,49433
128,92,49434
136,90,49435
160,93,49436
165,95,49437
184,109,49438
191,117,49439
196,126,49440
205,162,49441
204,180,49442
202,190,49443
194,210,49444
179,229,49445
172,235,49446
148,246,49447
132,248,49448
114,245,49449
95,236,49450
80,223,49451
73,214,49452
63,195,49453
58,179,49454
55,156,49455
58,132,49456
67,106,49457
88,78,49458
98,70,49459
115,61,49460
132,57,49461
152,57,49462
171,62,49463
192,74,49464
214,98,49465
228,127,49466
233,151,49467
234,168,49468
225,213,49469
217,230,49470
208,243,49471
178,269,49472
171,273,49473
126,281,49474
113,279,49475
87,269,49476
67,254,49477
51,236,49478
37,209,49479
30,186,49480
27,149,49481
34,109,49482
38,98,49483
57,66,49484
92,36,49485
108,29,49486
137,23,49487
162,25,49488
182,31,49489
223,60,49490
243,88,49491
256,119,49492
260,136,49493
262,182,49494
258,205,49495
240,250,49496
213,283,49497
202,292,49498
163,311,49499
154,313,49500
113,313,49501
73,298,49502
50,281,49503
29,257,49504
139,161,49505
139,166,49506
138,168,49507
136,169,49508
132,169,49509
128,167,49510
127,167,49511
124,161,49512
123,157,49513
124,151,49514
124,149,49515
127,144,49516
130,140,49517
136,137,49518
143,136,49519
145,136,49520
149,137,49521
158,144,49522
161,147,49523
165,160,49524
166,164,49525
166,165,49526
164,178,49527
159,188,49528
150,196,49529
143,200,49530
138,201,49531
131,202,49532
118,198,49533
110,192,49534
109,192,49535
103,184,49536
96,165,49537
95,153,49538
97,141,49539
101,129,49540
105,122,49541
113,114,49542
132,104,49543
137,103,49544
151,104,49545
157,105,49546
174,116,49547
179,121,49548
190,140,49549
193,152,49550
194,171,49551
192,184,49552
186,201,49553
181,209,49554
169,222,49555
150,232,49556
137,235,49557
126,235,49558
104,227,49559
92,218,49560
83,208,49561
74,192,49562
67,168,49563
67,144,49564
70,129,49565
73,120,49566
91,92,49567
105,80,49568
114,75,49569
131,70,49570
153,70,49571
167,74,49572
197,95,49573
206,106,49574
212,117,49575
222,152,49576
223,167,49577
221,187,49578
214,211,49579
197,238,49580
176,256,49581
173,258,49582
141,268,49583
107,264,49584
106,264,49585
69,239,49586
59,227,49587
44,196,49588
38,161,49589
38,147,49590
44,115,49591
49,101,49592
61,80,49593
98,47,49594
122,38,49595
149,36,49596
164,38,49597
195,52,49598
216,70,49599
222,77,49600
243,115,49601
247,128,49602
251,181,49603
244,214,49604
235,235,49605
227,249,49606
204,275,49607
158,299,49608
137,302,49609
109,299,49610
82,289,49611
65,278,49612
46,260,49613
18,210,49614
14,197,49615
9,158,49616
12,123,49617
21,91,49618
41,56,49619
62,33,49620
117,5,49621
128,3,49622
167,5,49623
135,161,49624
133,159,49625
133,155,49626
134,153,49627
136,150,49628
140,149,49629
143,148,49630
144,148,49631
151,153,49632
152,154,49633
154,159,49634
155,165,49635
155,170,49636
153,175,49637
152,178,49638
146,184,49639
145,186,49640
131,189,49641
130,189,49642
119,184,49643
114,179,49644
112,177,49645
107,166,49646
106,159,49647
107,146,49648
109,139,49649
111,135,49650
117,126,49651
129,118,49652
136,116,49653
143,115,49654
151,116,49655
166,125,49656
174,134,49657
178,141,49658
182,153,49659
183,158,49660
181,183,49661
179,189,49662
169,205,49663
159,214,49664
147,220,49665
137,222,49666
128,222,49667
121,221,49668
101,210,49669
87,193,49670
82,182,49671
78,166,49672
77,158,49673
78,145,49674
87,117,49675
95,105,49676
98,101,49677
121,86,49678
131,83,49679
153,83,49680
163,86,49681
171,89,49682
192,107,49683
208,138,49684
211,151,49685
212,165,49686
211,180,49687
207,198,49688
190,228,49689
180,238,49690
156,252,49691
149,254,49692
121,255,49693
92,243,49694
83,236,49695
64,213,49696
61,208,49697
52,183,49698
49,145,49699
52,127,49700
62,100,49701
85,71,49702
97,62,49703
112,54,49704
134,49,49705
159,50,49706
179,57,49707
208,79,49708
220,94,49709
232,118,49710
239,144,49711
241,165,49712
237,197,49713
225,230,49714
210,252,49715
206,257,49716
153,287,49717
127,289,49718
119,288,49719
79,273,49720
73,269,49721
54,251,49722
34,220,49723
21,173,49724
20,159,49725
22,130,49726
31,97,49727
54,58,49728
89,29,49729
104,22,49730
140,15,49731
146,15,49732
185,24,49733
210,38,49734
249,84,49735
262,115,49736
268,143,49737
269,177,49738
263,213,49739
254,238,49740
240,263,49741
184,311,49742
138,159,49743
142,159,49744
144,161,49745
145,165,49746
144,169,49747
143,171,49748
141,174,49749
137,176,49750
133,177,49751
129,176,49752
125,174,49753
122,171,49754
119,166,49755
118,164,49756
117,154,49757
117,151,49758
118,146,49759
127,134,49760
126,134,49761
133,130,49762
141,128,49763
146,128,49764
154,131,49765
162,137,49766
165,141,49767
171,154,49768
172,163,49769
173,166,49770
171,178,49771
163,194,49772
160,198,49773
149,206,49774
143,208,49775
127,209,49776
115,205,49777
112,203,49778
103,196,49779
92,177,49780
89,165,49781
88,156,49782
91,138,49783
92,133,49784
103,114,49785
107,109,49786
120,100,49787
131,96,49788
146,95,49789
162,99,49790
171,104,49791
179,110,49792
196,137,49793
200,153,49794
201,163,49795
200,181,49796
191,206,49797
182,219,49798
177,225,49799
163,235,49800
149,241,49801
131,243,49802
111,239,49803
92,228,49804
72,204,49805
66,191,49806
61,172,49807
60,147,49808
65,122,49809
66,119,49810
82,91,49811
89,83,49812
116,66,49813
133,62,49814
159,63,49815
173,68,49816
184,74,49817
214,106,49818
220,118,49819
229,152,49820
229,150,49821
224,202,49822
222,209,49823
212,230,49824
188,257,49825
174,266,49826
140,276,49827
109,273,49828
85,262,49829
80,259,49830
52,229,49831
42,210,49832
34,185,49833
31,152,49834
35,120,49835
50,84,49836
55,76,49837
91,42,49838
103,36,49839
117,31,49840
157,29,49841
188,39,49842
200,46,49843
237,86,49844
241,93,49845
255,133,49846
258,154,49847
256,193,49848
243,235,49849
223,266,49850
215,275,49851
183,298,49852
136,310,49853
112,308,49854
97,304,49855
50,275,49856
26,244,49857
12,214,49858
4,180,49859
2,156,49860
12,97,49861
138,163,49862
136,165,49863
132,165,49864
130,163,49865
129,162,49866
127,156,49867
127,154,49868
129,148,49869
130,147,49870
134,143,49871
137,141,49872
144,141,49873
147,141,49874
154,146,49875
156,148,49876
159,153,49877
161,158,49878
161,171,49879
159,178,49880
159,179,49881
154,187,49882
145,194,49883
146,194,49884
132,197,49885
126,196,49886
117,192,49887
108,183,49888
105,179,49889
101,168,49890
99,157,49891
100,145,49892
103,135,49893
108,127,49894
111,122,49895
129,110,49896
136,108,49897
143,107,49898
153,109,49899
167,116,49900
178,127,49901
182,134,49902
189,153,49903
190,168,49904
188,183,49905
187,187,49906
178,206,49907
170,215,49908
159,223,49909
144,229,49910
128,230,49911
118,228,49912
100,219,49913
93,213,49914
83,201,49915
72,170,49916
71,149,49917
73,134,49918
79,117,49919
82,111,49920
106,85,49921
117,79,49922
126,76,49923
142,74,49924
164,78,49925
191,95,49926
198,103,49927
209,121,49928
218,153,49929
219,165,49930
215,195,49931
208,213,49932
202,224,49933
178,249,49934
174,252,49935
153,261,49936
121,263,49937
92,252,49938
87,249,49939
64,226,49940
55,211,49941
43,173,49942
42,159,49943
43,137,49944
57,95,49945
59,91,49946
95,54,49947
123,43,49948
126,42,49949
150,41,49950
184,51,49951
209,69,49952
224,87,49953
235,106,49954
246,146,49955
247,176,49956
239,215,49957
236,223,49958
221,250,49959
209,264,49960
175,288,49961
137,297,49962
127,297,49963
81,283,49964
66,273,49965
39,243,49966
20,202,49967
15,180,49968
13,154,49969
14,138,49970
26,91,49971
44,59,49972
76,28,49973
98,16,49974
126,8,49975
157,8,49976
181,14,49977
207,27,49978
247,67,49979
262,95,49980
136,159,49981
137,154,49982
140,153,49983
141,152,49984
144,153,49985
147,155,49986
149,157,49987
151,162,49988
151,167,49989
150,171,49990
148,176,49991
144,180,49992
140,183,49993
136,184,49994
132,184,49995
126,183,49996
122,181,49997
117,176,49998
114,172,49999
111,162,50000
110,157,50001
112,143,50002
113,140,50003
117,133,50004
125,126,50005
135,121,50006
142,120,50007
150,121,50008
160,126,50009
166,131,50010
169,134,50011
177,150,50012
179,168,50013
179,170,50014
176,184,50015
171,195,50016
160,208,50017
155,211,50018
139,217,50019
128,217,50020
115,213,50021
108,210,50022
93,194,50023
88,186,50024
86,181,50025
82,148,50026
83,140,50027
87,127,50028
93,115,50029
105,101,50030
121,91,50031
139,87,50032
146,87,50033
168,93,50034
182,103,50035
190,112,50036
195,119,50037
207,154,50038
208,161,50039
206,184,50040
203,196,50041
186,226,50042
175,236,50043
170,240,50044
153,248,50045
135,251,50046
111,247,50047
90,236,50048
80,227,50049
62,200,50050
55,177,50051
53,159,50052
54,139,50053
63,108,50054
78,84,50055
96,68,50056
106,62,50057
118,57,50058
152,54,50059
185,66,50060
193,71,50061
216,96,50062
220,102,50063
234,140,50064
236,157,50065
236,178,50066
223,224,50067
219,232,50068
198,258,50069
173,275,50070
149,283,50071
126,284,50072
104,280,50073
66,257,50074
55,245,50075
41,224,50076
26,179,50077
25,173,50078
25,139,50079
33,104,50080
64,54,50081
69,49,50082
104,27,50083
137,20,50084
147,20,50085
201,38,50086
218,51,50087
225,58,50088
243,82,50089
260,124,50090
265,158,50091
262,199,50092
254,227,50093
245,247,50094
201,296,50095
188,304,50096
158,315,50097
118,317,50098
86,308,50099
141,161,50100
141,163,50101
141,167,50102
138,170,50103
137,171,50104
133,172,50105
130,172,50106
126,169,50107
125,168,50108
123,165,50109
121,159,50110
121,153,50111
122,148,50112
123,145,50113
127,139,50114
133,135,50115
138,133,50116
145,133,50117
149,134,50118
157,139,50119
163,146,50120
165,149,50121
168,159,50122
168,171,50123
166,179,50124
164,184,50125
154,197,50126
153,198,50127
143,203,50128
133,205,50129
122,203,50130
119,202,50131
109,195,50132
97,178,50133
96,175,50134
93,161,50135
92,154,50136
95,138,50137
103,121,50138
107,116,50139
126,103,50140
136,100,50141
146,100,50142
159,103,50143
166,106,50144
183,122,50145
187,128,50146
194,145,50147
197,168,50148
195,184,50149
190,198,50150
178,217,50151
173,222,50152
169,226,50153
144,237,50154
131,238,50155
112,234,50156
100,228,50157
83,213,50158
77,204,50159
69,187,50160
64,160,50161
68,127,50162
69,123,50163
79,102,50164
105,77,50165
108,75,50166
122,69,50167
143,66,50168
173,73,50169
183,79,50170
197,91,50171
217,122,50172
224,146,50173
225,175,50174
223,191,50175
214,217,50176
212,221,50177
178,258,50178
156,268,50179
143,271,50180
117,270,50181
112,269,50182
87,258,50183
55,225,50184
54,224,50185
37,177,50186
35,159,50187
36,139,50188
44,107,50189
59,78,50190
83,53,50191
93,46,50192
127,34,50193
148,33,50194
173,38,50195
191,46,50196
230,83,50197
240,101,50198
253,146,50199
254,160,50200
247,213,50201
245,219,50202
229,251,50203
194,286,50204
178,295,50205
137,305,50206
135,305,50207
97,299,50208
56,274,50209
37,253,50210
31,244,50211
15,210,50212
7,170,50213
11,115,50214
19,90,50215
29,69,50216
65,27,50217
93,10,50218
134,162,50219
132,161,50220
131,157,50221
131,156,50222
131,153,50223
134,149,50224
137,146,50225
140,145,50226
142,145,50227
147,146,50228
152,150,50229
153,151,50230
156,157,50231
157,163,50232
157,172,50233
153,180,50234
153,182,50235
148,186,50236
143,190,50237
134,192,50238
126,191,50239
122,190,50240
118,187,50241
111,180,50242
107,173,50243
104,162,50244
104,148,50245
104,146,50246
109,133,50247
113,127,50248
121,119,50249
131,114,50250
147,113,50251
149,113,50252
166,121,50253
172,127,50254
175,130,50255
182,144,50256
185,154,50257
185,177,50258
177,198,50259
175,202,50260
161,216,50261
159,218,50262
144,224,50263
126,225,50264
116,222,50265
104,216,50266
93,206,50267
83,192,50268
76,170,50269
75,151,50270
75,149,50271
79,128,50272
90,107,50273
101,95,50274
110,88,50275
131,80,50276
147,79,50277
164,83,50278
179,91,50279
199,112,50280
206,125,50281
210,135,50282
214,156,50283
214,177,50284
208,202,50285
198,222,50286
183,239,50287
168,250,50288
156,255,50289
117,257,50290
102,252,50291
96,249,50292
73,230,50293
55,201,50294
49,182,50295
46,160,50296
47,140,50297
64,92,50298
63,93,50299
71,81,50300
101,56,50301
126,47,50302
157,47,50303
175,52,50304
197,65,50305
214,81,50306
233,113,50307
237,124,50308
243,173,50309
242,185,50310
232,222,50311
211,255,50312
190,274,50313
182,279,50314
140,292,50315
117,291,50316
108,289,50317
74,273,50318
52,253,50319
35,228,50320
24,201,50321
18,168,50322
19,132,50323
35,82,50324
37,78,50325
66,42,50326
90,25,50327
127,13,50328
146,12,50329
188,22,50330
218,41,50331
241,66,50332
252,84,50333
268,128,50334
272,169,50335
271,185,50336
248,255,50337
137,159,50338
141,156,50339
143,157,50340
146,160,50341
146,162,50342
147,166,50343
147,168,50344
144,174,50345
144,175,50346
139,178,50347
131,179,50348
129,179,50349
128,179,50350
121,174,50351
116,165,50352
115,163,50353
114,157,50354
115,148,50355
118,140,50356
119,138,50357
123,133,50358
135,126,50359
138,125,50360
148,126,50361
152,127,50362
158,130,50363
170,144,50364
173,151,50365
175,163,50366
175,167,50367
173,180,50368
168,192,50369
158,203,50370
159,203,50371
138,212,50372
133,213,50373
126,212,50374
108,204,50375
100,196,50376
92,184,50377
87,167,50378
86,162,50379
86,150,50380
90,131,50381
97,117,50382
104,108,50383
116,99,50384
127,94,50385
146,92,50386
163,96,50387
176,104,50388
186,114,50389
196,130,50390
198,134,50391
203,159,50392
202,183,50393
196,202,50394
193,208,50395
173,232,50396
164,238,50397
145,245,50398
135,246,50399
106,240,50400
94,233,50401
78,218,50402
66,198,50403
60,180,50404
57,152,50405
60,130,50406
62,122,50407
70,104,50408
97,73,50409
105,68,50410
125,60,50411
154,59,50412
159,60,50413
186,72,50414
210,95,50415
222,116,50416
226,127,50417
231,148,50418
232,175,50419
225,209,50420
211,236,50421
198,252,50422
180,266,50423
140,279,50424
117,278,50425
105,275,50426
72,256,50427
54,237,50428
50,231,50429
33,193,50430
29,166,50431
29,141,50432
36,108,50433
60,65,50434
66,58,50435
100,34,50436
121,27,50437
157,26,50438
177,31,50439
206,47,50440
231,72,50441
237,81,50442
255,122,50443
261,171,50444
260,184,50445
249,228,50446
234,256,50447
215,279,50448
189,298,50449
159,310,50450
136,313,50451
91,305,50452
55,283,50453
39,267,50454
13,224,50455
9,213,50456
139,164,50457
138,166,50458
136,167,50459
134,168,50460
130,166,50461
128,165,50462
125,160,50463
125,159,50464
125,152,50465
128,146,50466
129,143,50467
132,141,50468
135,139,50469
144,138,50470
148,139,50471
153,141,50472
157,145,50473
161,151,50474
163,157,50475
164,168,50476
164,171,50477
160,183,50478
159,185,50479
153,192,50480
139,199,50481
135,200,50482
121,197,50483
124,199,50484
107,186,50485
106,185,50486
101,177,50487
98,168,50488
98,144,50489
100,136,50490
108,122,50491
112,117,50492
116,113,50493
136,105,50494
148,105,50495
153,106,50496
167,113,50497
173,117,50498
181,127,50499
187,137,50500
192,158,50501
193,166,50502
191,182,50503
182,204,50504
173,216,50505
169,220,50506
145,232,50507
130,233,50508
117,231,50509
105,226,50510
87,210,50511
75,190,50512
74,188,50513
68,158,50514
69,140,50515
72,128,50516
79,111,50517
95,90,50518
111,79,50519
122,74,50520
144,71,50521
159,73,50522
187,88,50523
194,94,50524
209,115,50525
219,142,50526
221,159,50527
218,193,50528
214,206,50529
208,219,50530
194,239,50531
167,259,50532
143,266,50533
132,267,50534
109,263,50535
78,245,50536
75,243,50537
54,215,50538
47,200,50539
40,166,50540
41,134,50541
44,120,50542
68,74,50543
84,58,50544
96,50,50545
118,41,50546
158,39,50547
173,43,50548
189,50,50549
212,68,50550
233,97,50551
244,124,50552
250,160,50553
246,201,50554
245,205,50555
219,257,50556
196,279,50557
192,282,50558
149,299,50559
138,300,50560
88,290,50561
67,277,50562
53,265,50563
35,242,50564
21,214,50565
11,146,50566
11,143,50567
23,91,50568
40,60,50569
49,48,50570
74,26,50571
109,9,50572
157,5,50573
168,7,50574
215,29,50575
134,159,50576
134,156,50577
135,153,50578
138,151,50579
140,150,50580
142,150,50581
146,150,50582
149,153,50583
150,154,50584
153,161,50585
153,169,50586
152,173,50587
150,178,50588
145,183,50589
144,184,50590
136,187,50591
133,188,50592
126,186,50593
120,183,50594
114,176,50595
111,171,50596
108,163,50597
107,157,50598
109,144,50599
111,139,50600
118,128,50601
125,122,50602
135,118,50603
134,118,50604
148,118,50605
161,123,50606
164,125,50607
172,134,50608
179,148,50609
181,159,50610
182,166,50611
179,185,50612
170,201,50613
167,205,50614
156,214,50615
143,219,50616
139,220,50617
116,217,50618
105,211,50619
101,208,50620
89,193,50621
81,173,50622
79,159,50623
79,152,50624
84,127,50625
91,113,50626
100,102,50627
121,88,50628
122,87,50629
145,84,50630
154,85,50631
173,93,50632
186,103,50633
199,120,50634
207,140,50635
210,157,50636
210,174,50637
207,191,50638
196,217,50639
189,227,50640
165,246,50641
144,253,50642
131,254,50643
107,249,50644
102,247,50645
79,230,50646
59,199,50647
58,197,50648
51,167,50649
50,155,50650
53,129,50651
74,85,50652
77,81,50653
102,61,50654
135,51,50655
143,50,50656
172,56,50657
188,64,50658
201,74,50659
222,101,50660
236,137,50661
239,169,50662
239,172,50663
234,203,50664
216,241,50665
206,254,50666
178,276,50667
155,285,50668
126,287,50669
92,278,50670
74,267,50671
65,260,50672
41,230,50673
32,211,50674
23,176,50675
23,135,50676
27,114,50677
50,66,50678
59,55,50679
84,34,50680
117,20,50681
146,17,50682
183,25,50683
212,42,50684
220,49,50685
245,80,50686
259,111,50687
267,150,50688
268,164,50689
262,211,50690
246,250,50691
210,293,50692
180,311,50693
172,314,50694
139,159,50695
142,160,50696
143,163,50697
143,168,50698
141,171,50699
140,172,50700
138,174,50701
134,175,50702
129,174,50703
125,172,50704
123,170,50705
121,167,50706
119,161,50707
118,156,50708
120,146,50709
124,139,50710
125,137,50711
131,133,50712
138,130,50713
142,130,50714
152,132,50715
154,133,50716
163,141,50717
168,150,50718
170,158,50719
171,165,50720
170,174,50721
167,185,50722
160,195,50723
152,202,50724
149,204,50725
135,208,50726
127,207,50727
112,201,50728
107,197,50729
100,189,50730
93,176,50731
90,160,50732
90,153,50733
92,139,50734
100,121,50735
105,114,50736
117,104,50737
124,100,50738
136,97,50739
160,100,50740
162,101,50741
181,115,50742
185,120,50743
194,136,50744
199,157,50745
199,172,50746
195,193,50747
192,201,50748
174,225,50749
161,234,50750
145,240,50751
131,241,50752
116,239,50753
95,228,50754
83,217,50755
75,206,50756
69,194,50757
62,166,50758
61,157,50759
67,121,50760
81,95,50761
85,90,50762
114,69,50763
113,69,50764
141,63,50765
168,68,50766
188,79,50767
193,83,50768
208,100,50769
223,131,50770
227,149,50771
228,172,50772
221,207,50773
206,235,50774
191,252,50775
185,257,50776
154,272,50777
144,274,50778
106,270,50779
82,258,50780
66,244,50781
56,232,50782
37,191,50783
33,164,50784
33,144,50785
38,116,50786
54,80,50787
67,64,50788
93,43,50789
121,32,50790
136,30,50791
177,36,50792
201,49,50793
220,66,50794
239,93,50795
246,108,50796
255,143,50797
257,165,50798
244,229,50799
240,237,50800
208,279,50801
176,299,50802
166,303,50803
135,308,50804
103,304,50805
69,288,50806
43,265,50807
29,246,50808
9,198,50809
4,163,50810
4,149,50811
16,90,50812
43,45,50813
136,164,50814
135,164,50815
131,163,50816
130,161,50817
129,158,50818
129,154,50819
130,149,50820
131,148,50821
134,145,50822
137,143,50823
142,142,50824
150,145,50825
152,146,50826
155,150,50827
159,157,50828
160,164,50829
160,169,50830
158,177,50831
153,185,50832
151,188,50833
147,191,50834
136,195,50835
130,195,50836
121,192,50837
117,190,50838
109,182,50839
106,177,50840
101,161,50841
101,158,50842
102,144,50843
107,131,50844
108,129,50845
118,118,50846
130,111,50847
137,110,50848
149,110,50849
159,113,50850
168,119,50851
175,126,50852
182,137,50853
187,153,50854
188,174,50855
186,184,50856
183,193,50857
174,208,50858
165,217,50859
151,225,50860
129,228,50861
121,227,50862
112,224,50863
98,215,50864
85,200,50865
77,184,50866
73,170,50867
73,144,50868
77,126,50869
88,105,50870
92,100,50871
113,83,50872
126,78,50873
139,76,50874
148,76,50875
181,89,50876
198,106,50877
204,115,50878
212,133,50879
216,150,50880
217,172,50881
209,207,50882
202,221,50883
193,233,50884
164,255,50885
153,259,50886
135,262,50887
122,261,50888
97,253,50889
80,241,50890
69,230,50891
53,203,50892
44,162,50893
44,143,50894
51,112,50895
57,98,50896
72,76,50897
95,56,50898
121,45,50899
135,43,50900
173,48,50901
194,59,50902
204,67,50903
231,102,50904
237,116,50905
244,141,50906
244,190,50907
240,207,50908
231,230,50909
201,269,50910
181,283,50911
162,291,50912
127,295,50913
101,290,50914
73,276,50915
51,256,50916
30,224,50917
27,217,50918
17,182,50919
15,147,50920
25,98,50921
38,71,50922
52,52,50923
84,25,50924
121,11,50925
146,9,50926
158,10,50927
207,29,50928
221,40,50929
257,88,50930
268,117,50931
273,143,50932
137,160,50933
138,154,50934
141,154,50935
144,154,50936
146,157,50937
148,159,50938
149,161,50939
150,166,50940
149,171,50941
147,174,50942
143,179,50943
140,181,50944
136,182,50945
129,182,50946
122,178,50947
121,178,50948
118,175,50949
113,165,50950
112,158,50951
112,150,50952
113,145,50953
116,138,50954
123,129,50955
129,125,50956
141,122,50957
143,122,50958
158,127,50959
159,127,50960
170,139,50961
172,142,50962
176,152,50963
178,167,50964
176,178,50965
173,188,50966
165,200,50967
155,209,50968
156,209,50969
138,215,50970
125,215,50971
114,211,50972
100,200,50973
96,196,50974
86,175,50975
84,167,50976
83,154,50977
87,131,50978
92,120,50979
99,110,50980
108,101,50981
123,92,50982
146,89,50983
148,89,50984
161,92,50985
182,105,50986
191,116,50987
202,139,50988
205,151,50989
206,171,50990
205,182,50991
198,204,50992
187,222,50993
166,240,50994
144,248,50995
136,249,50996
113,246,50997
99,240,50998
87,231,50999
67,206,51000
60,190,51001
56,175,51002
55,145,51003
62,115,51004
69,100,51005
77,88,51006
96,70,51007
118,59,51008
142,55,51009
153,56,51010
187,69,51011
210,91,51012
209,89,51013
229,127,51014
233,143,51015
235,166,51016
229,205,51017
215,235,51018
194,259,51019
192,261,51020
164,277,51021
139,282,51022
99,276,51023
80,266,51024
62,251,51025
47,231,51026
38,214,51027
26,163,51028
27,136,51029
32,112,51030
42,87,51031
66,54,51032
78,44,51033
113,26,51034
137,22,51035
180,29,51036
185,31,51037
234,72,51038
235,73,51039
253,107,51040
263,151,51041
261,195,51042
261,196,51043
248,237,51044
227,270,51045
197,297,51046
169,310,51047
130,316,51048
94,309,51049
63,293,51050
55,287,51051
140,161,51052
140,165,51053
139,168,51054
136,170,51055
134,170,51056
131,170,51057
127,168,51058
125,165,51059
123,161,51060
122,156,51061
122,155,51062
125,145,51063
127,142,51064
130,139,51065
135,136,51066
139,135,51067
149,136,51068
153,138,51069
159,143,51070
162,148,51071
166,158,51072
167,162,51073
167,166,51074
163,183,51075
158,190,51076
156,193,51077
144,201,51078
137,203,51079
126,202,51080
118,199,51081
117,199,51082
107,191,51083
97,173,51084
95,166,51085
94,155,51086
95,144,51087
98,133,51088
105,121,51089
121,107,51090
127,104,51091
140,102,51092
150,102,51093
159,105,51094
176,116,51095
178,118,51096
192,144,51097
195,159,51098
195,170,51099
194,180,51100
189,197,51101
175,218,51102
160,229,51103
145,235,51104
141,236,51105
114,233,51106
100,226,51107
85,212,51108
78,202,51109
73,193,51110
67,173,51111
65,155,51112
72,120,51113
79,106,51114
90,91,51115
100,82,51116
132,69,51117
139,68,51118
165,72,51119
178,78,51120
197,93,51121
212,115,51122
216,124,51123
221,140,51124
224,167,51125
217,206,51126
206,228,51127
200,236,51128
184,252,51129
157,266,51130
140,269,51131
122,269,51132
89,257,51133
73,245,51134
63,234,51135
41,188,51136
38,174,51137
38,138,51138
45,108,51139
57,84,51140
67,71,51141
86,53,51142
108,41,51143
130,35,51144
163,37,51145
194,50,51146
219,72,51147
222,75,51148
243,112,51149
248,128,51150
251,189,51151
247,207,51152
241,225,51153
213,268,51154
186,289,51155
162,299,51156
129,303,51157
107,300,51158
70,283,51159
67,281,51160
40,254,51161
14,201,51162
10,182,51163
8,157,51164
17,99,51165
21,89,51166
55,38,51167
65,29,51168
95,11,51169
142,1,51170
